source,stage,time,time_hours,position,channel,bin_start,bin_end,count
live,before,0,0.0,0,2,0.0,0.99609375,0
live,before,0,0.0,0,2,0.99609375,1.9921875,0
live,before,0,0.0,0,2,1.9921875,2.98828125,0
live,before,0,0.0,0,2,2.98828125,3.984375,0
live,before,0,0.0,0,2,3.984375,4.98046875,0
live,before,0,0.0,0,2,4.98046875,5.9765625,0
live,before,0,0.0,0,2,5.9765625,6.97265625,0
live,before,0,0.0,0,2,6.97265625,7.96875,0
live,before,0,0.0,0,2,7.96875,8.96484375,0
live,before,0,0.0,0,2,8.96484375,9.9609375,0
live,before,0,0.0,0,2,9.9609375,10.95703125,0
live,before,0,0.0,0,2,10.95703125,11.953125,0
live,before,0,0.0,0,2,11.953125,12.94921875,0
live,before,0,0.0,0,2,12.94921875,13.9453125,0
live,before,0,0.0,0,2,13.9453125,14.94140625,0
live,before,0,0.0,0,2,14.94140625,15.9375,0
live,before,0,0.0,0,2,15.9375,16.93359375,0
live,before,0,0.0,0,2,16.93359375,17.9296875,0
live,before,0,0.0,0,2,17.9296875,18.92578125,0
live,before,0,0.0,0,2,18.92578125,19.921875,0
live,before,0,0.0,0,2,19.921875,20.91796875,0
live,before,0,0.0,0,2,20.91796875,21.9140625,0
live,before,0,0.0,0,2,21.9140625,22.91015625,0
live,before,0,0.0,0,2,22.91015625,23.90625,0
live,before,0,0.0,0,2,23.90625,24.90234375,0
live,before,0,0.0,0,2,24.90234375,25.8984375,0
live,before,0,0.0,0,2,25.8984375,26.89453125,0
live,before,0,0.0,0,2,26.89453125,27.890625,0
live,before,0,0.0,0,2,27.890625,28.88671875,0
live,before,0,0.0,0,2,28.88671875,29.8828125,0
live,before,0,0.0,0,2,29.8828125,30.87890625,0
live,before,0,0.0,0,2,30.87890625,31.875,0
live,before,0,0.0,0,2,31.875,32.87109375,0
live,before,0,0.0,0,2,32.87109375,33.8671875,0
live,before,0,0.0,0,2,33.8671875,34.86328125,0
live,before,0,0.0,0,2,34.86328125,35.859375,0
live,before,0,0.0,0,2,35.859375,36.85546875,0
live,before,0,0.0,0,2,36.85546875,37.8515625,0
live,before,0,0.0,0,2,37.8515625,38.84765625,0
live,before,0,0.0,0,2,38.84765625,39.84375,0
live,before,0,0.0,0,2,39.84375,40.83984375,0
live,before,0,0.0,0,2,40.83984375,41.8359375,0
live,before,0,0.0,0,2,41.8359375,42.83203125,0
live,before,0,0.0,0,2,42.83203125,43.828125,0
live,before,0,0.0,0,2,43.828125,44.82421875,0
live,before,0,0.0,0,2,44.82421875,45.8203125,0
live,before,0,0.0,0,2,45.8203125,46.81640625,0
live,before,0,0.0,0,2,46.81640625,47.8125,0
live,before,0,0.0,0,2,47.8125,48.80859375,0
live,before,0,0.0,0,2,48.80859375,49.8046875,0
live,before,0,0.0,0,2,49.8046875,50.80078125,0
live,before,0,0.0,0,2,50.80078125,51.796875,0
live,before,0,0.0,0,2,51.796875,52.79296875,0
live,before,0,0.0,0,2,52.79296875,53.7890625,0
live,before,0,0.0,0,2,53.7890625,54.78515625,0
live,before,0,0.0,0,2,54.78515625,55.78125,0
live,before,0,0.0,0,2,55.78125,56.77734375,0
live,before,0,0.0,0,2,56.77734375,57.7734375,0
live,before,0,0.0,0,2,57.7734375,58.76953125,0
live,before,0,0.0,0,2,58.76953125,59.765625,0
live,before,0,0.0,0,2,59.765625,60.76171875,0
live,before,0,0.0,0,2,60.76171875,61.7578125,0
live,before,0,0.0,0,2,61.7578125,62.75390625,0
live,before,0,0.0,0,2,62.75390625,63.75,0
live,before,0,0.0,0,2,63.75,64.74609375,0
live,before,0,0.0,0,2,64.74609375,65.7421875,0
live,before,0,0.0,0,2,65.7421875,66.73828125,0
live,before,0,0.0,0,2,66.73828125,67.734375,0
live,before,0,0.0,0,2,67.734375,68.73046875,0
live,before,0,0.0,0,2,68.73046875,69.7265625,0
live,before,0,0.0,0,2,69.7265625,70.72265625,0
live,before,0,0.0,0,2,70.72265625,71.71875,0
live,before,0,0.0,0,2,71.71875,72.71484375,0
live,before,0,0.0,0,2,72.71484375,73.7109375,0
live,before,0,0.0,0,2,73.7109375,74.70703125,0
live,before,0,0.0,0,2,74.70703125,75.703125,0
live,before,0,0.0,0,2,75.703125,76.69921875,0
live,before,0,0.0,0,2,76.69921875,77.6953125,0
live,before,0,0.0,0,2,77.6953125,78.69140625,0
live,before,0,0.0,0,2,78.69140625,79.6875,0
live,before,0,0.0,0,2,79.6875,80.68359375,0
live,before,0,0.0,0,2,80.68359375,81.6796875,0
live,before,0,0.0,0,2,81.6796875,82.67578125,0
live,before,0,0.0,0,2,82.67578125,83.671875,0
live,before,0,0.0,0,2,83.671875,84.66796875,0
live,before,0,0.0,0,2,84.66796875,85.6640625,0
live,before,0,0.0,0,2,85.6640625,86.66015625,0
live,before,0,0.0,0,2,86.66015625,87.65625,0
live,before,0,0.0,0,2,87.65625,88.65234375,0
live,before,0,0.0,0,2,88.65234375,89.6484375,0
live,before,0,0.0,0,2,89.6484375,90.64453125,0
live,before,0,0.0,0,2,90.64453125,91.640625,0
live,before,0,0.0,0,2,91.640625,92.63671875,0
live,before,0,0.0,0,2,92.63671875,93.6328125,0
live,before,0,0.0,0,2,93.6328125,94.62890625,0
live,before,0,0.0,0,2,94.62890625,95.625,0
live,before,0,0.0,0,2,95.625,96.62109375,0
live,before,0,0.0,0,2,96.62109375,97.6171875,0
live,before,0,0.0,0,2,97.6171875,98.61328125,0
live,before,0,0.0,0,2,98.61328125,99.609375,0
live,before,0,0.0,0,2,99.609375,100.60546875,0
live,before,0,0.0,0,2,100.60546875,101.6015625,0
live,before,0,0.0,0,2,101.6015625,102.59765625,0
live,before,0,0.0,0,2,102.59765625,103.59375,0
live,before,0,0.0,0,2,103.59375,104.58984375,0
live,before,0,0.0,0,2,104.58984375,105.5859375,0
live,before,0,0.0,0,2,105.5859375,106.58203125,0
live,before,0,0.0,0,2,106.58203125,107.578125,0
live,before,0,0.0,0,2,107.578125,108.57421875,0
live,before,0,0.0,0,2,108.57421875,109.5703125,0
live,before,0,0.0,0,2,109.5703125,110.56640625,0
live,before,0,0.0,0,2,110.56640625,111.5625,0
live,before,0,0.0,0,2,111.5625,112.55859375,0
live,before,0,0.0,0,2,112.55859375,113.5546875,0
live,before,0,0.0,0,2,113.5546875,114.55078125,0
live,before,0,0.0,0,2,114.55078125,115.546875,0
live,before,0,0.0,0,2,115.546875,116.54296875,0
live,before,0,0.0,0,2,116.54296875,117.5390625,0
live,before,0,0.0,0,2,117.5390625,118.53515625,0
live,before,0,0.0,0,2,118.53515625,119.53125,0
live,before,0,0.0,0,2,119.53125,120.52734375,0
live,before,0,0.0,0,2,120.52734375,121.5234375,0
live,before,0,0.0,0,2,121.5234375,122.51953125,0
live,before,0,0.0,0,2,122.51953125,123.515625,0
live,before,0,0.0,0,2,123.515625,124.51171875,0
live,before,0,0.0,0,2,124.51171875,125.5078125,0
live,before,0,0.0,0,2,125.5078125,126.50390625,0
live,before,0,0.0,0,2,126.50390625,127.5,0
live,before,0,0.0,0,2,127.5,128.49609375,0
live,before,0,0.0,0,2,128.49609375,129.4921875,0
live,before,0,0.0,0,2,129.4921875,130.48828125,0
live,before,0,0.0,0,2,130.48828125,131.484375,0
live,before,0,0.0,0,2,131.484375,132.48046875,0
live,before,0,0.0,0,2,132.48046875,133.4765625,0
live,before,0,0.0,0,2,133.4765625,134.47265625,0
live,before,0,0.0,0,2,134.47265625,135.46875,0
live,before,0,0.0,0,2,135.46875,136.46484375,0
live,before,0,0.0,0,2,136.46484375,137.4609375,0
live,before,0,0.0,0,2,137.4609375,138.45703125,0
live,before,0,0.0,0,2,138.45703125,139.453125,0
live,before,0,0.0,0,2,139.453125,140.44921875,0
live,before,0,0.0,0,2,140.44921875,141.4453125,0
live,before,0,0.0,0,2,141.4453125,142.44140625,0
live,before,0,0.0,0,2,142.44140625,143.4375,0
live,before,0,0.0,0,2,143.4375,144.43359375,0
live,before,0,0.0,0,2,144.43359375,145.4296875,0
live,before,0,0.0,0,2,145.4296875,146.42578125,0
live,before,0,0.0,0,2,146.42578125,147.421875,0
live,before,0,0.0,0,2,147.421875,148.41796875,0
live,before,0,0.0,0,2,148.41796875,149.4140625,0
live,before,0,0.0,0,2,149.4140625,150.41015625,0
live,before,0,0.0,0,2,150.41015625,151.40625,0
live,before,0,0.0,0,2,151.40625,152.40234375,0
live,before,0,0.0,0,2,152.40234375,153.3984375,0
live,before,0,0.0,0,2,153.3984375,154.39453125,0
live,before,0,0.0,0,2,154.39453125,155.390625,0
live,before,0,0.0,0,2,155.390625,156.38671875,0
live,before,0,0.0,0,2,156.38671875,157.3828125,0
live,before,0,0.0,0,2,157.3828125,158.37890625,0
live,before,0,0.0,0,2,158.37890625,159.375,0
live,before,0,0.0,0,2,159.375,160.37109375,0
live,before,0,0.0,0,2,160.37109375,161.3671875,0
live,before,0,0.0,0,2,161.3671875,162.36328125,0
live,before,0,0.0,0,2,162.36328125,163.359375,0
live,before,0,0.0,0,2,163.359375,164.35546875,0
live,before,0,0.0,0,2,164.35546875,165.3515625,0
live,before,0,0.0,0,2,165.3515625,166.34765625,0
live,before,0,0.0,0,2,166.34765625,167.34375,0
live,before,0,0.0,0,2,167.34375,168.33984375,0
live,before,0,0.0,0,2,168.33984375,169.3359375,0
live,before,0,0.0,0,2,169.3359375,170.33203125,0
live,before,0,0.0,0,2,170.33203125,171.328125,0
live,before,0,0.0,0,2,171.328125,172.32421875,0
live,before,0,0.0,0,2,172.32421875,173.3203125,0
live,before,0,0.0,0,2,173.3203125,174.31640625,0
live,before,0,0.0,0,2,174.31640625,175.3125,0
live,before,0,0.0,0,2,175.3125,176.30859375,0
live,before,0,0.0,0,2,176.30859375,177.3046875,0
live,before,0,0.0,0,2,177.3046875,178.30078125,0
live,before,0,0.0,0,2,178.30078125,179.296875,0
live,before,0,0.0,0,2,179.296875,180.29296875,0
live,before,0,0.0,0,2,180.29296875,181.2890625,0
live,before,0,0.0,0,2,181.2890625,182.28515625,0
live,before,0,0.0,0,2,182.28515625,183.28125,0
live,before,0,0.0,0,2,183.28125,184.27734375,0
live,before,0,0.0,0,2,184.27734375,185.2734375,0
live,before,0,0.0,0,2,185.2734375,186.26953125,0
live,before,0,0.0,0,2,186.26953125,187.265625,0
live,before,0,0.0,0,2,187.265625,188.26171875,0
live,before,0,0.0,0,2,188.26171875,189.2578125,0
live,before,0,0.0,0,2,189.2578125,190.25390625,0
live,before,0,0.0,0,2,190.25390625,191.25,0
live,before,0,0.0,0,2,191.25,192.24609375,0
live,before,0,0.0,0,2,192.24609375,193.2421875,0
live,before,0,0.0,0,2,193.2421875,194.23828125,0
live,before,0,0.0,0,2,194.23828125,195.234375,0
live,before,0,0.0,0,2,195.234375,196.23046875,0
live,before,0,0.0,0,2,196.23046875,197.2265625,0
live,before,0,0.0,0,2,197.2265625,198.22265625,0
live,before,0,0.0,0,2,198.22265625,199.21875,0
live,before,0,0.0,0,2,199.21875,200.21484375,0
live,before,0,0.0,0,2,200.21484375,201.2109375,0
live,before,0,0.0,0,2,201.2109375,202.20703125,0
live,before,0,0.0,0,2,202.20703125,203.203125,0
live,before,0,0.0,0,2,203.203125,204.19921875,0
live,before,0,0.0,0,2,204.19921875,205.1953125,0
live,before,0,0.0,0,2,205.1953125,206.19140625,0
live,before,0,0.0,0,2,206.19140625,207.1875,0
live,before,0,0.0,0,2,207.1875,208.18359375,0
live,before,0,0.0,0,2,208.18359375,209.1796875,0
live,before,0,0.0,0,2,209.1796875,210.17578125,0
live,before,0,0.0,0,2,210.17578125,211.171875,0
live,before,0,0.0,0,2,211.171875,212.16796875,0
live,before,0,0.0,0,2,212.16796875,213.1640625,0
live,before,0,0.0,0,2,213.1640625,214.16015625,0
live,before,0,0.0,0,2,214.16015625,215.15625,0
live,before,0,0.0,0,2,215.15625,216.15234375,0
live,before,0,0.0,0,2,216.15234375,217.1484375,0
live,before,0,0.0,0,2,217.1484375,218.14453125,0
live,before,0,0.0,0,2,218.14453125,219.140625,0
live,before,0,0.0,0,2,219.140625,220.13671875,0
live,before,0,0.0,0,2,220.13671875,221.1328125,0
live,before,0,0.0,0,2,221.1328125,222.12890625,0
live,before,0,0.0,0,2,222.12890625,223.125,0
live,before,0,0.0,0,2,223.125,224.12109375,0
live,before,0,0.0,0,2,224.12109375,225.1171875,0
live,before,0,0.0,0,2,225.1171875,226.11328125,0
live,before,0,0.0,0,2,226.11328125,227.109375,0
live,before,0,0.0,0,2,227.109375,228.10546875,0
live,before,0,0.0,0,2,228.10546875,229.1015625,0
live,before,0,0.0,0,2,229.1015625,230.09765625,0
live,before,0,0.0,0,2,230.09765625,231.09375,0
live,before,0,0.0,0,2,231.09375,232.08984375,0
live,before,0,0.0,0,2,232.08984375,233.0859375,0
live,before,0,0.0,0,2,233.0859375,234.08203125,0
live,before,0,0.0,0,2,234.08203125,235.078125,0
live,before,0,0.0,0,2,235.078125,236.07421875,0
live,before,0,0.0,0,2,236.07421875,237.0703125,0
live,before,0,0.0,0,2,237.0703125,238.06640625,0
live,before,0,0.0,0,2,238.06640625,239.0625,0
live,before,0,0.0,0,2,239.0625,240.05859375,0
live,before,0,0.0,0,2,240.05859375,241.0546875,0
live,before,0,0.0,0,2,241.0546875,242.05078125,0
live,before,0,0.0,0,2,242.05078125,243.046875,0
live,before,0,0.0,0,2,243.046875,244.04296875,0
live,before,0,0.0,0,2,244.04296875,245.0390625,0
live,before,0,0.0,0,2,245.0390625,246.03515625,0
live,before,0,0.0,0,2,246.03515625,247.03125,0
live,before,0,0.0,0,2,247.03125,248.02734375,0
live,before,0,0.0,0,2,248.02734375,249.0234375,0
live,before,0,0.0,0,2,249.0234375,250.01953125,0
live,before,0,0.0,0,2,250.01953125,251.015625,0
live,before,0,0.0,0,2,251.015625,252.01171875,0
live,before,0,0.0,0,2,252.01171875,253.0078125,0
live,before,0,0.0,0,2,253.0078125,254.00390625,0
live,before,0,0.0,0,2,254.00390625,255.0,0
live,corrected,0,0.0,0,2,754.0,1007.05078125,199773
live,corrected,0,0.0,0,2,1007.05078125,1260.1015625,160300
live,corrected,0,0.0,0,2,1260.1015625,1513.15234375,130405
live,corrected,0,0.0,0,2,1513.15234375,1766.203125,103395
live,corrected,0,0.0,0,2,1766.203125,2019.25390625,87333
live,corrected,0,0.0,0,2,2019.25390625,2272.3046875,72489
live,corrected,0,0.0,0,2,2272.3046875,2525.35546875,59511
live,corrected,0,0.0,0,2,2525.35546875,2778.40625,48992
live,corrected,0,0.0,0,2,2778.40625,3031.45703125,41676
live,corrected,0,0.0,0,2,3031.45703125,3284.5078125,35711
live,corrected,0,0.0,0,2,3284.5078125,3537.55859375,31462
live,corrected,0,0.0,0,2,3537.55859375,3790.609375,28280
live,corrected,0,0.0,0,2,3790.609375,4043.66015625,26162
live,corrected,0,0.0,0,2,4043.66015625,4296.7109375,23993
live,corrected,0,0.0,0,2,4296.7109375,4549.76171875,22247
live,corrected,0,0.0,0,2,4549.76171875,4802.8125,19833
live,corrected,0,0.0,0,2,4802.8125,5055.86328125,17895
live,corrected,0,0.0,0,2,5055.86328125,5308.9140625,15667
live,corrected,0,0.0,0,2,5308.9140625,5561.96484375,14005
live,corrected,0,0.0,0,2,5561.96484375,5815.015625,13389
live,corrected,0,0.0,0,2,5815.015625,6068.06640625,11864
live,corrected,0,0.0,0,2,6068.06640625,6321.1171875,9888
live,corrected,0,0.0,0,2,6321.1171875,6574.16796875,8401
live,corrected,0,0.0,0,2,6574.16796875,6827.21875,7092
live,corrected,0,0.0,0,2,6827.21875,7080.26953125,5951
live,corrected,0,0.0,0,2,7080.26953125,7333.3203125,5415
live,corrected,0,0.0,0,2,7333.3203125,7586.37109375,4763
live,corrected,0,0.0,0,2,7586.37109375,7839.421875,4292
live,corrected,0,0.0,0,2,7839.421875,8092.47265625,3930
live,corrected,0,0.0,0,2,8092.47265625,8345.5234375,3578
live,corrected,0,0.0,0,2,8345.5234375,8598.57421875,2954
live,corrected,0,0.0,0,2,8598.57421875,8851.625,2542
live,corrected,0,0.0,0,2,8851.625,9104.67578125,2229
live,corrected,0,0.0,0,2,9104.67578125,9357.7265625,1837
live,corrected,0,0.0,0,2,9357.7265625,9610.77734375,1702
live,corrected,0,0.0,0,2,9610.77734375,9863.828125,1521
live,corrected,0,0.0,0,2,9863.828125,10116.87890625,1359
live,corrected,0,0.0,0,2,10116.87890625,10369.9296875,1286
live,corrected,0,0.0,0,2,10369.9296875,10622.98046875,1284
live,corrected,0,0.0,0,2,10622.98046875,10876.03125,1153
live,corrected,0,0.0,0,2,10876.03125,11129.08203125,1018
live,corrected,0,0.0,0,2,11129.08203125,11382.1328125,839
live,corrected,0,0.0,0,2,11382.1328125,11635.18359375,778
live,corrected,0,0.0,0,2,11635.18359375,11888.234375,794
live,corrected,0,0.0,0,2,11888.234375,12141.28515625,653
live,corrected,0,0.0,0,2,12141.28515625,12394.3359375,562
live,corrected,0,0.0,0,2,12394.3359375,12647.38671875,538
live,corrected,0,0.0,0,2,12647.38671875,12900.4375,461
live,corrected,0,0.0,0,2,12900.4375,13153.48828125,383
live,corrected,0,0.0,0,2,13153.48828125,13406.5390625,366
live,corrected,0,0.0,0,2,13406.5390625,13659.58984375,380
live,corrected,0,0.0,0,2,13659.58984375,13912.640625,397
live,corrected,0,0.0,0,2,13912.640625,14165.69140625,346
live,corrected,0,0.0,0,2,14165.69140625,14418.7421875,264
live,corrected,0,0.0,0,2,14418.7421875,14671.79296875,273
live,corrected,0,0.0,0,2,14671.79296875,14924.84375,256
live,corrected,0,0.0,0,2,14924.84375,15177.89453125,237
live,corrected,0,0.0,0,2,15177.89453125,15430.9453125,158
live,corrected,0,0.0,0,2,15430.9453125,15683.99609375,164
live,corrected,0,0.0,0,2,15683.99609375,15937.046875,160
live,corrected,0,0.0,0,2,15937.046875,16190.09765625,154
live,corrected,0,0.0,0,2,16190.09765625,16443.1484375,132
live,corrected,0,0.0,0,2,16443.1484375,16696.19921875,127
live,corrected,0,0.0,0,2,16696.19921875,16949.25,111
live,corrected,0,0.0,0,2,16949.25,17202.30078125,89
live,corrected,0,0.0,0,2,17202.30078125,17455.3515625,78
live,corrected,0,0.0,0,2,17455.3515625,17708.40234375,64
live,corrected,0,0.0,0,2,17708.40234375,17961.453125,51
live,corrected,0,0.0,0,2,17961.453125,18214.50390625,56
live,corrected,0,0.0,0,2,18214.50390625,18467.5546875,62
live,corrected,0,0.0,0,2,18467.5546875,18720.60546875,52
live,corrected,0,0.0,0,2,18720.60546875,18973.65625,40
live,corrected,0,0.0,0,2,18973.65625,19226.70703125,43
live,corrected,0,0.0,0,2,19226.70703125,19479.7578125,57
live,corrected,0,0.0,0,2,19479.7578125,19732.80859375,46
live,corrected,0,0.0,0,2,19732.80859375,19985.859375,49
live,corrected,0,0.0,0,2,19985.859375,20238.91015625,43
live,corrected,0,0.0,0,2,20238.91015625,20491.9609375,40
live,corrected,0,0.0,0,2,20491.9609375,20745.01171875,45
live,corrected,0,0.0,0,2,20745.01171875,20998.0625,44
live,corrected,0,0.0,0,2,20998.0625,21251.11328125,46
live,corrected,0,0.0,0,2,21251.11328125,21504.1640625,31
live,corrected,0,0.0,0,2,21504.1640625,21757.21484375,45
live,corrected,0,0.0,0,2,21757.21484375,22010.265625,32
live,corrected,0,0.0,0,2,22010.265625,22263.31640625,39
live,corrected,0,0.0,0,2,22263.31640625,22516.3671875,39
live,corrected,0,0.0,0,2,22516.3671875,22769.41796875,34
live,corrected,0,0.0,0,2,22769.41796875,23022.46875,38
live,corrected,0,0.0,0,2,23022.46875,23275.51953125,41
live,corrected,0,0.0,0,2,23275.51953125,23528.5703125,45
live,corrected,0,0.0,0,2,23528.5703125,23781.62109375,25
live,corrected,0,0.0,0,2,23781.62109375,24034.671875,32
live,corrected,0,0.0,0,2,24034.671875,24287.72265625,30
live,corrected,0,0.0,0,2,24287.72265625,24540.7734375,26
live,corrected,0,0.0,0,2,24540.7734375,24793.82421875,32
live,corrected,0,0.0,0,2,24793.82421875,25046.875,25
live,corrected,0,0.0,0,2,25046.875,25299.92578125,38
live,corrected,0,0.0,0,2,25299.92578125,25552.9765625,29
live,corrected,0,0.0,0,2,25552.9765625,25806.02734375,26
live,corrected,0,0.0,0,2,25806.02734375,26059.078125,25
live,corrected,0,0.0,0,2,26059.078125,26312.12890625,28
live,corrected,0,0.0,0,2,26312.12890625,26565.1796875,27
live,corrected,0,0.0,0,2,26565.1796875,26818.23046875,25
live,corrected,0,0.0,0,2,26818.23046875,27071.28125,25
live,corrected,0,0.0,0,2,27071.28125,27324.33203125,24
live,corrected,0,0.0,0,2,27324.33203125,27577.3828125,25
live,corrected,0,0.0,0,2,27577.3828125,27830.43359375,33
live,corrected,0,0.0,0,2,27830.43359375,28083.484375,21
live,corrected,0,0.0,0,2,28083.484375,28336.53515625,23
live,corrected,0,0.0,0,2,28336.53515625,28589.5859375,18
live,corrected,0,0.0,0,2,28589.5859375,28842.63671875,31
live,corrected,0,0.0,0,2,28842.63671875,29095.6875,22
live,corrected,0,0.0,0,2,29095.6875,29348.73828125,21
live,corrected,0,0.0,0,2,29348.73828125,29601.7890625,17
live,corrected,0,0.0,0,2,29601.7890625,29854.83984375,20
live,corrected,0,0.0,0,2,29854.83984375,30107.890625,18
live,corrected,0,0.0,0,2,30107.890625,30360.94140625,24
live,corrected,0,0.0,0,2,30360.94140625,30613.9921875,20
live,corrected,0,0.0,0,2,30613.9921875,30867.04296875,20
live,corrected,0,0.0,0,2,30867.04296875,31120.09375,16
live,corrected,0,0.0,0,2,31120.09375,31373.14453125,33
live,corrected,0,0.0,0,2,31373.14453125,31626.1953125,15
live,corrected,0,0.0,0,2,31626.1953125,31879.24609375,22
live,corrected,0,0.0,0,2,31879.24609375,32132.296875,20
live,corrected,0,0.0,0,2,32132.296875,32385.34765625,18
live,corrected,0,0.0,0,2,32385.34765625,32638.3984375,30
live,corrected,0,0.0,0,2,32638.3984375,32891.44921875,12
live,corrected,0,0.0,0,2,32891.44921875,33144.5,18
live,corrected,0,0.0,0,2,33144.5,33397.55078125,15
live,corrected,0,0.0,0,2,33397.55078125,33650.6015625,11
live,corrected,0,0.0,0,2,33650.6015625,33903.65234375,22
live,corrected,0,0.0,0,2,33903.65234375,34156.703125,20
live,corrected,0,0.0,0,2,34156.703125,34409.75390625,22
live,corrected,0,0.0,0,2,34409.75390625,34662.8046875,17
live,corrected,0,0.0,0,2,34662.8046875,34915.85546875,19
live,corrected,0,0.0,0,2,34915.85546875,35168.90625,21
live,corrected,0,0.0,0,2,35168.90625,35421.95703125,11
live,corrected,0,0.0,0,2,35421.95703125,35675.0078125,8
live,corrected,0,0.0,0,2,35675.0078125,35928.05859375,13
live,corrected,0,0.0,0,2,35928.05859375,36181.109375,11
live,corrected,0,0.0,0,2,36181.109375,36434.16015625,10
live,corrected,0,0.0,0,2,36434.16015625,36687.2109375,10
live,corrected,0,0.0,0,2,36687.2109375,36940.26171875,12
live,corrected,0,0.0,0,2,36940.26171875,37193.3125,10
live,corrected,0,0.0,0,2,37193.3125,37446.36328125,13
live,corrected,0,0.0,0,2,37446.36328125,37699.4140625,14
live,corrected,0,0.0,0,2,37699.4140625,37952.46484375,9
live,corrected,0,0.0,0,2,37952.46484375,38205.515625,11
live,corrected,0,0.0,0,2,38205.515625,38458.56640625,2
live,corrected,0,0.0,0,2,38458.56640625,38711.6171875,9
live,corrected,0,0.0,0,2,38711.6171875,38964.66796875,9
live,corrected,0,0.0,0,2,38964.66796875,39217.71875,7
live,corrected,0,0.0,0,2,39217.71875,39470.76953125,11
live,corrected,0,0.0,0,2,39470.76953125,39723.8203125,10
live,corrected,0,0.0,0,2,39723.8203125,39976.87109375,8
live,corrected,0,0.0,0,2,39976.87109375,40229.921875,13
live,corrected,0,0.0,0,2,40229.921875,40482.97265625,5
live,corrected,0,0.0,0,2,40482.97265625,40736.0234375,12
live,corrected,0,0.0,0,2,40736.0234375,40989.07421875,6
live,corrected,0,0.0,0,2,40989.07421875,41242.125,14
live,corrected,0,0.0,0,2,41242.125,41495.17578125,8
live,corrected,0,0.0,0,2,41495.17578125,41748.2265625,7
live,corrected,0,0.0,0,2,41748.2265625,42001.27734375,10
live,corrected,0,0.0,0,2,42001.27734375,42254.328125,6
live,corrected,0,0.0,0,2,42254.328125,42507.37890625,12
live,corrected,0,0.0,0,2,42507.37890625,42760.4296875,8
live,corrected,0,0.0,0,2,42760.4296875,43013.48046875,4
live,corrected,0,0.0,0,2,43013.48046875,43266.53125,5
live,corrected,0,0.0,0,2,43266.53125,43519.58203125,10
live,corrected,0,0.0,0,2,43519.58203125,43772.6328125,5
live,corrected,0,0.0,0,2,43772.6328125,44025.68359375,6
live,corrected,0,0.0,0,2,44025.68359375,44278.734375,9
live,corrected,0,0.0,0,2,44278.734375,44531.78515625,12
live,corrected,0,0.0,0,2,44531.78515625,44784.8359375,10
live,corrected,0,0.0,0,2,44784.8359375,45037.88671875,9
live,corrected,0,0.0,0,2,45037.88671875,45290.9375,8
live,corrected,0,0.0,0,2,45290.9375,45543.98828125,4
live,corrected,0,0.0,0,2,45543.98828125,45797.0390625,12
live,corrected,0,0.0,0,2,45797.0390625,46050.08984375,5
live,corrected,0,0.0,0,2,46050.08984375,46303.140625,2
live,corrected,0,0.0,0,2,46303.140625,46556.19140625,5
live,corrected,0,0.0,0,2,46556.19140625,46809.2421875,8
live,corrected,0,0.0,0,2,46809.2421875,47062.29296875,13
live,corrected,0,0.0,0,2,47062.29296875,47315.34375,5
live,corrected,0,0.0,0,2,47315.34375,47568.39453125,3
live,corrected,0,0.0,0,2,47568.39453125,47821.4453125,7
live,corrected,0,0.0,0,2,47821.4453125,48074.49609375,12
live,corrected,0,0.0,0,2,48074.49609375,48327.546875,6
live,corrected,0,0.0,0,2,48327.546875,48580.59765625,6
live,corrected,0,0.0,0,2,48580.59765625,48833.6484375,5
live,corrected,0,0.0,0,2,48833.6484375,49086.69921875,12
live,corrected,0,0.0,0,2,49086.69921875,49339.75,9
live,corrected,0,0.0,0,2,49339.75,49592.80078125,6
live,corrected,0,0.0,0,2,49592.80078125,49845.8515625,4
live,corrected,0,0.0,0,2,49845.8515625,50098.90234375,3
live,corrected,0,0.0,0,2,50098.90234375,50351.953125,6
live,corrected,0,0.0,0,2,50351.953125,50605.00390625,4
live,corrected,0,0.0,0,2,50605.00390625,50858.0546875,8
live,corrected,0,0.0,0,2,50858.0546875,51111.10546875,3
live,corrected,0,0.0,0,2,51111.10546875,51364.15625,6
live,corrected,0,0.0,0,2,51364.15625,51617.20703125,9
live,corrected,0,0.0,0,2,51617.20703125,51870.2578125,5
live,corrected,0,0.0,0,2,51870.2578125,52123.30859375,3
live,corrected,0,0.0,0,2,52123.30859375,52376.359375,4
live,corrected,0,0.0,0,2,52376.359375,52629.41015625,3
live,corrected,0,0.0,0,2,52629.41015625,52882.4609375,5
live,corrected,0,0.0,0,2,52882.4609375,53135.51171875,3
live,corrected,0,0.0,0,2,53135.51171875,53388.5625,3
live,corrected,0,0.0,0,2,53388.5625,53641.61328125,3
live,corrected,0,0.0,0,2,53641.61328125,53894.6640625,5
live,corrected,0,0.0,0,2,53894.6640625,54147.71484375,4
live,corrected,0,0.0,0,2,54147.71484375,54400.765625,8
live,corrected,0,0.0,0,2,54400.765625,54653.81640625,4
live,corrected,0,0.0,0,2,54653.81640625,54906.8671875,4
live,corrected,0,0.0,0,2,54906.8671875,55159.91796875,4
live,corrected,0,0.0,0,2,55159.91796875,55412.96875,4
live,corrected,0,0.0,0,2,55412.96875,55666.01953125,2
live,corrected,0,0.0,0,2,55666.01953125,55919.0703125,2
live,corrected,0,0.0,0,2,55919.0703125,56172.12109375,4
live,corrected,0,0.0,0,2,56172.12109375,56425.171875,5
live,corrected,0,0.0,0,2,56425.171875,56678.22265625,2
live,corrected,0,0.0,0,2,56678.22265625,56931.2734375,3
live,corrected,0,0.0,0,2,56931.2734375,57184.32421875,3
live,corrected,0,0.0,0,2,57184.32421875,57437.375,2
live,corrected,0,0.0,0,2,57437.375,57690.42578125,2
live,corrected,0,0.0,0,2,57690.42578125,57943.4765625,4
live,corrected,0,0.0,0,2,57943.4765625,58196.52734375,0
live,corrected,0,0.0,0,2,58196.52734375,58449.578125,0
live,corrected,0,0.0,0,2,58449.578125,58702.62890625,3
live,corrected,0,0.0,0,2,58702.62890625,58955.6796875,1
live,corrected,0,0.0,0,2,58955.6796875,59208.73046875,2
live,corrected,0,0.0,0,2,59208.73046875,59461.78125,1
live,corrected,0,0.0,0,2,59461.78125,59714.83203125,0
live,corrected,0,0.0,0,2,59714.83203125,59967.8828125,5
live,corrected,0,0.0,0,2,59967.8828125,60220.93359375,1
live,corrected,0,0.0,0,2,60220.93359375,60473.984375,6
live,corrected,0,0.0,0,2,60473.984375,60727.03515625,0
live,corrected,0,0.0,0,2,60727.03515625,60980.0859375,3
live,corrected,0,0.0,0,2,60980.0859375,61233.13671875,0
live,corrected,0,0.0,0,2,61233.13671875,61486.1875,4
live,corrected,0,0.0,0,2,61486.1875,61739.23828125,4
live,corrected,0,0.0,0,2,61739.23828125,61992.2890625,5
live,corrected,0,0.0,0,2,61992.2890625,62245.33984375,113
live,corrected,0,0.0,0,2,62245.33984375,62498.390625,0
live,corrected,0,0.0,0,2,62498.390625,62751.44140625,0
live,corrected,0,0.0,0,2,62751.44140625,63004.4921875,0
live,corrected,0,0.0,0,2,63004.4921875,63257.54296875,0
live,corrected,0,0.0,0,2,63257.54296875,63510.59375,0
live,corrected,0,0.0,0,2,63510.59375,63763.64453125,0
live,corrected,0,0.0,0,2,63763.64453125,64016.6953125,0
live,corrected,0,0.0,0,2,64016.6953125,64269.74609375,0
live,corrected,0,0.0,0,2,64269.74609375,64522.796875,0
live,corrected,0,0.0,0,2,64522.796875,64775.84765625,0
live,corrected,0,0.0,0,2,64775.84765625,65028.8984375,0
live,corrected,0,0.0,0,2,65028.8984375,65281.94921875,0
live,corrected,0,0.0,0,2,65281.94921875,65535.0,0
live,after,0,0.0,0,2,0.0,0.99609375,0
live,after,0,0.0,0,2,0.99609375,1.9921875,0
live,after,0,0.0,0,2,1.9921875,2.98828125,0
live,after,0,0.0,0,2,2.98828125,3.984375,0
live,after,0,0.0,0,2,3.984375,4.98046875,0
live,after,0,0.0,0,2,4.98046875,5.9765625,0
live,after,0,0.0,0,2,5.9765625,6.97265625,0
live,after,0,0.0,0,2,6.97265625,7.96875,0
live,after,0,0.0,0,2,7.96875,8.96484375,0
live,after,0,0.0,0,2,8.96484375,9.9609375,0
live,after,0,0.0,0,2,9.9609375,10.95703125,30157
live,after,0,0.0,0,2,10.95703125,11.953125,27237
live,after,0,0.0,0,2,11.953125,12.94921875,25489
live,after,0,0.0,0,2,12.94921875,13.9453125,23226
live,after,0,0.0,0,2,13.9453125,14.94140625,20801
live,after,0,0.0,0,2,14.94140625,15.9375,18727
live,after,0,0.0,0,2,15.9375,16.93359375,17001
live,after,0,0.0,0,2,16.93359375,17.9296875,14217
live,after,0,0.0,0,2,17.9296875,18.92578125,13699
live,after,0,0.0,0,2,18.92578125,19.921875,13069
live,after,0,0.0,0,2,19.921875,20.91796875,10632
live,after,0,0.0,0,2,20.91796875,21.9140625,8637
live,after,0,0.0,0,2,21.9140625,22.91015625,7627
live,after,0,0.0,0,2,22.91015625,23.90625,6256
live,after,0,0.0,0,2,23.90625,24.90234375,5368
live,after,0,0.0,0,2,24.90234375,25.8984375,5006
live,after,0,0.0,0,2,25.8984375,26.89453125,4541
live,after,0,0.0,0,2,26.89453125,27.890625,4152
live,after,0,0.0,0,2,27.890625,28.88671875,3583
live,after,0,0.0,0,2,28.88671875,29.8828125,3155
live,after,0,0.0,0,2,29.8828125,30.87890625,2637
live,after,0,0.0,0,2,30.87890625,31.875,2330
live,after,0,0.0,0,2,31.875,32.87109375,1945
live,after,0,0.0,0,2,32.87109375,33.8671875,1754
live,after,0,0.0,0,2,33.8671875,34.86328125,1436
live,after,0,0.0,0,2,34.86328125,35.859375,1420
live,after,0,0.0,0,2,35.859375,36.85546875,1284
live,after,0,0.0,0,2,36.85546875,37.8515625,1288
live,after,0,0.0,0,2,37.8515625,38.84765625,1244
live,after,0,0.0,0,2,38.84765625,39.84375,981
live,after,0,0.0,0,2,39.84375,40.83984375,896
live,after,0,0.0,0,2,40.83984375,41.8359375,797
live,after,0,0.0,0,2,41.8359375,42.83203125,759
live,after,0,0.0,0,2,42.83203125,43.828125,773
live,after,0,0.0,0,2,43.828125,44.82421875,558
live,after,0,0.0,0,2,44.82421875,45.8203125,501
live,after,0,0.0,0,2,45.8203125,46.81640625,508
live,after,0,0.0,0,2,46.81640625,47.8125,402
live,after,0,0.0,0,2,47.8125,48.80859375,378
live,after,0,0.0,0,2,48.80859375,49.8046875,374
live,after,0,0.0,0,2,49.8046875,50.80078125,407
live,after,0,0.0,0,2,50.80078125,51.796875,303
live,after,0,0.0,0,2,51.796875,52.79296875,278
live,after,0,0.0,0,2,52.79296875,53.7890625,265
live,after,0,0.0,0,2,53.7890625,54.78515625,299
live,after,0,0.0,0,2,54.78515625,55.78125,206
live,after,0,0.0,0,2,55.78125,56.77734375,198
live,after,0,0.0,0,2,56.77734375,57.7734375,164
live,after,0,0.0,0,2,57.7734375,58.76953125,157
live,after,0,0.0,0,2,58.76953125,59.765625,149
live,after,0,0.0,0,2,59.765625,60.76171875,122
live,after,0,0.0,0,2,60.76171875,61.7578125,124
live,after,0,0.0,0,2,61.7578125,62.75390625,100
live,after,0,0.0,0,2,62.75390625,63.75,91
live,after,0,0.0,0,2,63.75,64.74609375,65
live,after,0,0.0,0,2,64.74609375,65.7421875,58
live,after,0,0.0,0,2,65.7421875,66.73828125,52
live,after,0,0.0,0,2,66.73828125,67.734375,52
live,after,0,0.0,0,2,67.734375,68.73046875,50
live,after,0,0.0,0,2,68.73046875,69.7265625,63
live,after,0,0.0,0,2,69.7265625,70.72265625,42
live,after,0,0.0,0,2,70.72265625,71.71875,46
live,after,0,0.0,0,2,71.71875,72.71484375,57
live,after,0,0.0,0,2,72.71484375,73.7109375,50
live,after,0,0.0,0,2,73.7109375,74.70703125,53
live,after,0,0.0,0,2,74.70703125,75.703125,41
live,after,0,0.0,0,2,75.703125,76.69921875,39
live,after,0,0.0,0,2,76.69921875,77.6953125,46
live,after,0,0.0,0,2,77.6953125,78.69140625,42
live,after,0,0.0,0,2,78.69140625,79.6875,48
live,after,0,0.0,0,2,79.6875,80.68359375,43
live,after,0,0.0,0,2,80.68359375,81.6796875,33
live,after,0,0.0,0,2,81.6796875,82.67578125,33
live,after,0,0.0,0,2,82.67578125,83.671875,42
live,after,0,0.0,0,2,83.671875,84.66796875,45
live,after,0,0.0,0,2,84.66796875,85.6640625,35
live,after,0,0.0,0,2,85.6640625,86.66015625,41
live,after,0,0.0,0,2,86.66015625,87.65625,42
live,after,0,0.0,0,2,87.65625,88.65234375,33
live,after,0,0.0,0,2,88.65234375,89.6484375,29
live,after,0,0.0,0,2,89.6484375,90.64453125,26
live,after,0,0.0,0,2,90.64453125,91.640625,32
live,after,0,0.0,0,2,91.640625,92.63671875,37
live,after,0,0.0,0,2,92.63671875,93.6328125,28
live,after,0,0.0,0,2,93.6328125,94.62890625,32
live,after,0,0.0,0,2,94.62890625,95.625,34
live,after,0,0.0,0,2,95.625,96.62109375,31
live,after,0,0.0,0,2,96.62109375,97.6171875,42
live,after,0,0.0,0,2,97.6171875,98.61328125,19
live,after,0,0.0,0,2,98.61328125,99.609375,23
live,after,0,0.0,0,2,99.609375,100.60546875,19
live,after,0,0.0,0,2,100.60546875,101.6015625,24
live,after,0,0.0,0,2,101.6015625,102.59765625,41
live,after,0,0.0,0,2,102.59765625,103.59375,26
live,after,0,0.0,0,2,103.59375,104.58984375,24
live,after,0,0.0,0,2,104.58984375,105.5859375,26
live,after,0,0.0,0,2,105.5859375,106.58203125,27
live,after,0,0.0,0,2,106.58203125,107.578125,24
live,after,0,0.0,0,2,107.578125,108.57421875,34
live,after,0,0.0,0,2,108.57421875,109.5703125,17
live,after,0,0.0,0,2,109.5703125,110.56640625,20
live,after,0,0.0,0,2,110.56640625,111.5625,25
live,after,0,0.0,0,2,111.5625,112.55859375,17
live,after,0,0.0,0,2,112.55859375,113.5546875,13
live,after,0,0.0,0,2,113.5546875,114.55078125,30
live,after,0,0.0,0,2,114.55078125,115.546875,22
live,after,0,0.0,0,2,115.546875,116.54296875,30
live,after,0,0.0,0,2,116.54296875,117.5390625,26
live,after,0,0.0,0,2,117.5390625,118.53515625,14
live,after,0,0.0,0,2,118.53515625,119.53125,28
live,after,0,0.0,0,2,119.53125,120.52734375,18
live,after,0,0.0,0,2,120.52734375,121.5234375,16
live,after,0,0.0,0,2,121.5234375,122.51953125,18
live,after,0,0.0,0,2,122.51953125,123.515625,26
live,after,0,0.0,0,2,123.515625,124.51171875,21
live,after,0,0.0,0,2,124.51171875,125.5078125,19
live,after,0,0.0,0,2,125.5078125,126.50390625,18
live,after,0,0.0,0,2,126.50390625,127.5,14
live,after,0,0.0,0,2,127.5,128.49609375,21
live,after,0,0.0,0,2,128.49609375,129.4921875,16
live,after,0,0.0,0,2,129.4921875,130.48828125,25
live,after,0,0.0,0,2,130.48828125,131.484375,19
live,after,0,0.0,0,2,131.484375,132.48046875,12
live,after,0,0.0,0,2,132.48046875,133.4765625,11
live,after,0,0.0,0,2,133.4765625,134.47265625,14
live,after,0,0.0,0,2,134.47265625,135.46875,8
live,after,0,0.0,0,2,135.46875,136.46484375,9
live,after,0,0.0,0,2,136.46484375,137.4609375,11
live,after,0,0.0,0,2,137.4609375,138.45703125,18
live,after,0,0.0,0,2,138.45703125,139.453125,10
live,after,0,0.0,0,2,139.453125,140.44921875,9
live,after,0,0.0,0,2,140.44921875,141.4453125,10
live,after,0,0.0,0,2,141.4453125,142.44140625,15
live,after,0,0.0,0,2,142.44140625,143.4375,11
live,after,0,0.0,0,2,143.4375,144.43359375,11
live,after,0,0.0,0,2,144.43359375,145.4296875,10
live,after,0,0.0,0,2,145.4296875,146.42578125,4
live,after,0,0.0,0,2,146.42578125,147.421875,3
live,after,0,0.0,0,2,147.421875,148.41796875,14
live,after,0,0.0,0,2,148.41796875,149.4140625,7
live,after,0,0.0,0,2,149.4140625,150.41015625,11
live,after,0,0.0,0,2,150.41015625,151.40625,10
live,after,0,0.0,0,2,151.40625,152.40234375,10
live,after,0,0.0,0,2,152.40234375,153.3984375,13
live,after,0,0.0,0,2,153.3984375,154.39453125,10
live,after,0,0.0,0,2,154.39453125,155.390625,8
live,after,0,0.0,0,2,155.390625,156.38671875,13
live,after,0,0.0,0,2,156.38671875,157.3828125,10
live,after,0,0.0,0,2,157.3828125,158.37890625,4
live,after,0,0.0,0,2,158.37890625,159.375,10
live,after,0,0.0,0,2,159.375,160.37109375,8
live,after,0,0.0,0,2,160.37109375,161.3671875,6
live,after,0,0.0,0,2,161.3671875,162.36328125,13
live,after,0,0.0,0,2,162.36328125,163.359375,9
live,after,0,0.0,0,2,163.359375,164.35546875,5
live,after,0,0.0,0,2,164.35546875,165.3515625,8
live,after,0,0.0,0,2,165.3515625,166.34765625,9
live,after,0,0.0,0,2,166.34765625,167.34375,11
live,after,0,0.0,0,2,167.34375,168.33984375,11
live,after,0,0.0,0,2,168.33984375,169.3359375,9
live,after,0,0.0,0,2,169.3359375,170.33203125,7
live,after,0,0.0,0,2,170.33203125,171.328125,5
live,after,0,0.0,0,2,171.328125,172.32421875,2
live,after,0,0.0,0,2,172.32421875,173.3203125,5
live,after,0,0.0,0,2,173.3203125,174.31640625,12
live,after,0,0.0,0,2,174.31640625,175.3125,13
live,after,0,0.0,0,2,175.3125,176.30859375,9
live,after,0,0.0,0,2,176.30859375,177.3046875,8
live,after,0,0.0,0,2,177.3046875,178.30078125,5
live,after,0,0.0,0,2,178.30078125,179.296875,6
live,after,0,0.0,0,2,179.296875,180.29296875,9
live,after,0,0.0,0,2,180.29296875,181.2890625,7
live,after,0,0.0,0,2,181.2890625,182.28515625,9
live,after,0,0.0,0,2,182.28515625,183.28125,7
live,after,0,0.0,0,2,183.28125,184.27734375,8
live,after,0,0.0,0,2,184.27734375,185.2734375,10
live,after,0,0.0,0,2,185.2734375,186.26953125,4
live,after,0,0.0,0,2,186.26953125,187.265625,6
live,after,0,0.0,0,2,187.265625,188.26171875,5
live,after,0,0.0,0,2,188.26171875,189.2578125,1
live,after,0,0.0,0,2,189.2578125,190.25390625,7
live,after,0,0.0,0,2,190.25390625,191.25,6
live,after,0,0.0,0,2,191.25,192.24609375,8
live,after,0,0.0,0,2,192.24609375,193.2421875,8
live,after,0,0.0,0,2,193.2421875,194.23828125,4
live,after,0,0.0,0,2,194.23828125,195.234375,6
live,after,0,0.0,0,2,195.234375,196.23046875,3
live,after,0,0.0,0,2,196.23046875,197.2265625,4
live,after,0,0.0,0,2,197.2265625,198.22265625,4
live,after,0,0.0,0,2,198.22265625,199.21875,3
live,after,0,0.0,0,2,199.21875,200.21484375,5
live,after,0,0.0,0,2,200.21484375,201.2109375,6
live,after,0,0.0,0,2,201.2109375,202.20703125,4
live,after,0,0.0,0,2,202.20703125,203.203125,3
live,after,0,0.0,0,2,203.203125,204.19921875,4
live,after,0,0.0,0,2,204.19921875,205.1953125,4
live,after,0,0.0,0,2,205.1953125,206.19140625,9
live,after,0,0.0,0,2,206.19140625,207.1875,8
live,after,0,0.0,0,2,207.1875,208.18359375,3
live,after,0,0.0,0,2,208.18359375,209.1796875,6
live,after,0,0.0,0,2,209.1796875,210.17578125,1
live,after,0,0.0,0,2,210.17578125,211.171875,2
live,after,0,0.0,0,2,211.171875,212.16796875,3
live,after,0,0.0,0,2,212.16796875,213.1640625,3
live,after,0,0.0,0,2,213.1640625,214.16015625,3
live,after,0,0.0,0,2,214.16015625,215.15625,2
live,after,0,0.0,0,2,215.15625,216.15234375,1
live,after,0,0.0,0,2,216.15234375,217.1484375,1
live,after,0,0.0,0,2,217.1484375,218.14453125,7
live,after,0,0.0,0,2,218.14453125,219.140625,4
live,after,0,0.0,0,2,219.140625,220.13671875,1
live,after,0,0.0,0,2,220.13671875,221.1328125,4
live,after,0,0.0,0,2,221.1328125,222.12890625,3
live,after,0,0.0,0,2,222.12890625,223.125,3
live,after,0,0.0,0,2,223.125,224.12109375,3
live,after,0,0.0,0,2,224.12109375,225.1171875,6
live,after,0,0.0,0,2,225.1171875,226.11328125,6
live,after,0,0.0,0,2,226.11328125,227.109375,1
live,after,0,0.0,0,2,227.109375,228.10546875,3
live,after,0,0.0,0,2,228.10546875,229.1015625,3
live,after,0,0.0,0,2,229.1015625,230.09765625,3
live,after,0,0.0,0,2,230.09765625,231.09375,4
live,after,0,0.0,0,2,231.09375,232.08984375,3
live,after,0,0.0,0,2,232.08984375,233.0859375,7
live,after,0,0.0,0,2,233.0859375,234.08203125,8
live,after,0,0.0,0,2,234.08203125,235.078125,5
live,after,0,0.0,0,2,235.078125,236.07421875,2
live,after,0,0.0,0,2,236.07421875,237.0703125,9
live,after,0,0.0,0,2,237.0703125,238.06640625,10
live,after,0,0.0,0,2,238.06640625,239.0625,11
live,after,0,0.0,0,2,239.0625,240.05859375,41
live,after,0,0.0,0,2,240.05859375,241.0546875,4
live,after,0,0.0,0,2,241.0546875,242.05078125,0
live,after,0,0.0,0,2,242.05078125,243.046875,0
live,after,0,0.0,0,2,243.046875,244.04296875,0
live,after,0,0.0,0,2,244.04296875,245.0390625,0
live,after,0,0.0,0,2,245.0390625,246.03515625,0
live,after,0,0.0,0,2,246.03515625,247.03125,0
live,after,0,0.0,0,2,247.03125,248.02734375,0
live,after,0,0.0,0,2,248.02734375,249.0234375,0
live,after,0,0.0,0,2,249.0234375,250.01953125,0
live,after,0,0.0,0,2,250.01953125,251.015625,0
live,after,0,0.0,0,2,251.015625,252.01171875,0
live,after,0,0.0,0,2,252.01171875,253.0078125,0
live,after,0,0.0,0,2,253.0078125,254.00390625,0
live,after,0,0.0,0,2,254.00390625,255.0,0
dead,before,0,0.0,0,1,0.0,0.99609375,0
dead,before,0,0.0,0,1,0.99609375,1.9921875,0
dead,before,0,0.0,0,1,1.9921875,2.98828125,0
dead,before,0,0.0,0,1,2.98828125,3.984375,0
dead,before,0,0.0,0,1,3.984375,4.98046875,0
dead,before,0,0.0,0,1,4.98046875,5.9765625,0
dead,before,0,0.0,0,1,5.9765625,6.97265625,0
dead,before,0,0.0,0,1,6.97265625,7.96875,0
dead,before,0,0.0,0,1,7.96875,8.96484375,0
dead,before,0,0.0,0,1,8.96484375,9.9609375,0
dead,before,0,0.0,0,1,9.9609375,10.95703125,0
dead,before,0,0.0,0,1,10.95703125,11.953125,0
dead,before,0,0.0,0,1,11.953125,12.94921875,0
dead,before,0,0.0,0,1,12.94921875,13.9453125,0
dead,before,0,0.0,0,1,13.9453125,14.94140625,0
dead,before,0,0.0,0,1,14.94140625,15.9375,0
dead,before,0,0.0,0,1,15.9375,16.93359375,0
dead,before,0,0.0,0,1,16.93359375,17.9296875,0
dead,before,0,0.0,0,1,17.9296875,18.92578125,0
dead,before,0,0.0,0,1,18.92578125,19.921875,0
dead,before,0,0.0,0,1,19.921875,20.91796875,0
dead,before,0,0.0,0,1,20.91796875,21.9140625,0
dead,before,0,0.0,0,1,21.9140625,22.91015625,0
dead,before,0,0.0,0,1,22.91015625,23.90625,0
dead,before,0,0.0,0,1,23.90625,24.90234375,0
dead,before,0,0.0,0,1,24.90234375,25.8984375,0
dead,before,0,0.0,0,1,25.8984375,26.89453125,0
dead,before,0,0.0,0,1,26.89453125,27.890625,0
dead,before,0,0.0,0,1,27.890625,28.88671875,0
dead,before,0,0.0,0,1,28.88671875,29.8828125,0
dead,before,0,0.0,0,1,29.8828125,30.87890625,0
dead,before,0,0.0,0,1,30.87890625,31.875,0
dead,before,0,0.0,0,1,31.875,32.87109375,0
dead,before,0,0.0,0,1,32.87109375,33.8671875,0
dead,before,0,0.0,0,1,33.8671875,34.86328125,0
dead,before,0,0.0,0,1,34.86328125,35.859375,0
dead,before,0,0.0,0,1,35.859375,36.85546875,0
dead,before,0,0.0,0,1,36.85546875,37.8515625,0
dead,before,0,0.0,0,1,37.8515625,38.84765625,0
dead,before,0,0.0,0,1,38.84765625,39.84375,0
dead,before,0,0.0,0,1,39.84375,40.83984375,0
dead,before,0,0.0,0,1,40.83984375,41.8359375,0
dead,before,0,0.0,0,1,41.8359375,42.83203125,0
dead,before,0,0.0,0,1,42.83203125,43.828125,0
dead,before,0,0.0,0,1,43.828125,44.82421875,0
dead,before,0,0.0,0,1,44.82421875,45.8203125,0
dead,before,0,0.0,0,1,45.8203125,46.81640625,0
dead,before,0,0.0,0,1,46.81640625,47.8125,0
dead,before,0,0.0,0,1,47.8125,48.80859375,0
dead,before,0,0.0,0,1,48.80859375,49.8046875,0
dead,before,0,0.0,0,1,49.8046875,50.80078125,0
dead,before,0,0.0,0,1,50.80078125,51.796875,0
dead,before,0,0.0,0,1,51.796875,52.79296875,0
dead,before,0,0.0,0,1,52.79296875,53.7890625,0
dead,before,0,0.0,0,1,53.7890625,54.78515625,0
dead,before,0,0.0,0,1,54.78515625,55.78125,0
dead,before,0,0.0,0,1,55.78125,56.77734375,0
dead,before,0,0.0,0,1,56.77734375,57.7734375,0
dead,before,0,0.0,0,1,57.7734375,58.76953125,0
dead,before,0,0.0,0,1,58.76953125,59.765625,0
dead,before,0,0.0,0,1,59.765625,60.76171875,0
dead,before,0,0.0,0,1,60.76171875,61.7578125,0
dead,before,0,0.0,0,1,61.7578125,62.75390625,0
dead,before,0,0.0,0,1,62.75390625,63.75,0
dead,before,0,0.0,0,1,63.75,64.74609375,0
dead,before,0,0.0,0,1,64.74609375,65.7421875,0
dead,before,0,0.0,0,1,65.7421875,66.73828125,0
dead,before,0,0.0,0,1,66.73828125,67.734375,0
dead,before,0,0.0,0,1,67.734375,68.73046875,0
dead,before,0,0.0,0,1,68.73046875,69.7265625,0
dead,before,0,0.0,0,1,69.7265625,70.72265625,0
dead,before,0,0.0,0,1,70.72265625,71.71875,0
dead,before,0,0.0,0,1,71.71875,72.71484375,0
dead,before,0,0.0,0,1,72.71484375,73.7109375,0
dead,before,0,0.0,0,1,73.7109375,74.70703125,0
dead,before,0,0.0,0,1,74.70703125,75.703125,0
dead,before,0,0.0,0,1,75.703125,76.69921875,0
dead,before,0,0.0,0,1,76.69921875,77.6953125,0
dead,before,0,0.0,0,1,77.6953125,78.69140625,0
dead,before,0,0.0,0,1,78.69140625,79.6875,0
dead,before,0,0.0,0,1,79.6875,80.68359375,0
dead,before,0,0.0,0,1,80.68359375,81.6796875,0
dead,before,0,0.0,0,1,81.6796875,82.67578125,0
dead,before,0,0.0,0,1,82.67578125,83.671875,0
dead,before,0,0.0,0,1,83.671875,84.66796875,0
dead,before,0,0.0,0,1,84.66796875,85.6640625,0
dead,before,0,0.0,0,1,85.6640625,86.66015625,0
dead,before,0,0.0,0,1,86.66015625,87.65625,0
dead,before,0,0.0,0,1,87.65625,88.65234375,0
dead,before,0,0.0,0,1,88.65234375,89.6484375,0
dead,before,0,0.0,0,1,89.6484375,90.64453125,0
dead,before,0,0.0,0,1,90.64453125,91.640625,0
dead,before,0,0.0,0,1,91.640625,92.63671875,0
dead,before,0,0.0,0,1,92.63671875,93.6328125,0
dead,before,0,0.0,0,1,93.6328125,94.62890625,0
dead,before,0,0.0,0,1,94.62890625,95.625,0
dead,before,0,0.0,0,1,95.625,96.62109375,0
dead,before,0,0.0,0,1,96.62109375,97.6171875,0
dead,before,0,0.0,0,1,97.6171875,98.61328125,0
dead,before,0,0.0,0,1,98.61328125,99.609375,0
dead,before,0,0.0,0,1,99.609375,100.60546875,0
dead,before,0,0.0,0,1,100.60546875,101.6015625,0
dead,before,0,0.0,0,1,101.6015625,102.59765625,0
dead,before,0,0.0,0,1,102.59765625,103.59375,0
dead,before,0,0.0,0,1,103.59375,104.58984375,0
dead,before,0,0.0,0,1,104.58984375,105.5859375,0
dead,before,0,0.0,0,1,105.5859375,106.58203125,0
dead,before,0,0.0,0,1,106.58203125,107.578125,0
dead,before,0,0.0,0,1,107.578125,108.57421875,0
dead,before,0,0.0,0,1,108.57421875,109.5703125,0
dead,before,0,0.0,0,1,109.5703125,110.56640625,0
dead,before,0,0.0,0,1,110.56640625,111.5625,0
dead,before,0,0.0,0,1,111.5625,112.55859375,0
dead,before,0,0.0,0,1,112.55859375,113.5546875,0
dead,before,0,0.0,0,1,113.5546875,114.55078125,0
dead,before,0,0.0,0,1,114.55078125,115.546875,0
dead,before,0,0.0,0,1,115.546875,116.54296875,0
dead,before,0,0.0,0,1,116.54296875,117.5390625,0
dead,before,0,0.0,0,1,117.5390625,118.53515625,0
dead,before,0,0.0,0,1,118.53515625,119.53125,0
dead,before,0,0.0,0,1,119.53125,120.52734375,0
dead,before,0,0.0,0,1,120.52734375,121.5234375,0
dead,before,0,0.0,0,1,121.5234375,122.51953125,0
dead,before,0,0.0,0,1,122.51953125,123.515625,0
dead,before,0,0.0,0,1,123.515625,124.51171875,0
dead,before,0,0.0,0,1,124.51171875,125.5078125,0
dead,before,0,0.0,0,1,125.5078125,126.50390625,0
dead,before,0,0.0,0,1,126.50390625,127.5,0
dead,before,0,0.0,0,1,127.5,128.49609375,0
dead,before,0,0.0,0,1,128.49609375,129.4921875,0
dead,before,0,0.0,0,1,129.4921875,130.48828125,0
dead,before,0,0.0,0,1,130.48828125,131.484375,0
dead,before,0,0.0,0,1,131.484375,132.48046875,0
dead,before,0,0.0,0,1,132.48046875,133.4765625,0
dead,before,0,0.0,0,1,133.4765625,134.47265625,0
dead,before,0,0.0,0,1,134.47265625,135.46875,0
dead,before,0,0.0,0,1,135.46875,136.46484375,0
dead,before,0,0.0,0,1,136.46484375,137.4609375,0
dead,before,0,0.0,0,1,137.4609375,138.45703125,0
dead,before,0,0.0,0,1,138.45703125,139.453125,0
dead,before,0,0.0,0,1,139.453125,140.44921875,0
dead,before,0,0.0,0,1,140.44921875,141.4453125,0
dead,before,0,0.0,0,1,141.4453125,142.44140625,0
dead,before,0,0.0,0,1,142.44140625,143.4375,0
dead,before,0,0.0,0,1,143.4375,144.43359375,0
dead,before,0,0.0,0,1,144.43359375,145.4296875,0
dead,before,0,0.0,0,1,145.4296875,146.42578125,0
dead,before,0,0.0,0,1,146.42578125,147.421875,0
dead,before,0,0.0,0,1,147.421875,148.41796875,0
dead,before,0,0.0,0,1,148.41796875,149.4140625,0
dead,before,0,0.0,0,1,149.4140625,150.41015625,0
dead,before,0,0.0,0,1,150.41015625,151.40625,0
dead,before,0,0.0,0,1,151.40625,152.40234375,0
dead,before,0,0.0,0,1,152.40234375,153.3984375,0
dead,before,0,0.0,0,1,153.3984375,154.39453125,0
dead,before,0,0.0,0,1,154.39453125,155.390625,0
dead,before,0,0.0,0,1,155.390625,156.38671875,0
dead,before,0,0.0,0,1,156.38671875,157.3828125,0
dead,before,0,0.0,0,1,157.3828125,158.37890625,0
dead,before,0,0.0,0,1,158.37890625,159.375,0
dead,before,0,0.0,0,1,159.375,160.37109375,0
dead,before,0,0.0,0,1,160.37109375,161.3671875,0
dead,before,0,0.0,0,1,161.3671875,162.36328125,0
dead,before,0,0.0,0,1,162.36328125,163.359375,0
dead,before,0,0.0,0,1,163.359375,164.35546875,0
dead,before,0,0.0,0,1,164.35546875,165.3515625,0
dead,before,0,0.0,0,1,165.3515625,166.34765625,0
dead,before,0,0.0,0,1,166.34765625,167.34375,0
dead,before,0,0.0,0,1,167.34375,168.33984375,0
dead,before,0,0.0,0,1,168.33984375,169.3359375,0
dead,before,0,0.0,0,1,169.3359375,170.33203125,0
dead,before,0,0.0,0,1,170.33203125,171.328125,0
dead,before,0,0.0,0,1,171.328125,172.32421875,0
dead,before,0,0.0,0,1,172.32421875,173.3203125,0
dead,before,0,0.0,0,1,173.3203125,174.31640625,0
dead,before,0,0.0,0,1,174.31640625,175.3125,0
dead,before,0,0.0,0,1,175.3125,176.30859375,0
dead,before,0,0.0,0,1,176.30859375,177.3046875,0
dead,before,0,0.0,0,1,177.3046875,178.30078125,0
dead,before,0,0.0,0,1,178.30078125,179.296875,0
dead,before,0,0.0,0,1,179.296875,180.29296875,0
dead,before,0,0.0,0,1,180.29296875,181.2890625,0
dead,before,0,0.0,0,1,181.2890625,182.28515625,0
dead,before,0,0.0,0,1,182.28515625,183.28125,0
dead,before,0,0.0,0,1,183.28125,184.27734375,0
dead,before,0,0.0,0,1,184.27734375,185.2734375,0
dead,before,0,0.0,0,1,185.2734375,186.26953125,0
dead,before,0,0.0,0,1,186.26953125,187.265625,0
dead,before,0,0.0,0,1,187.265625,188.26171875,0
dead,before,0,0.0,0,1,188.26171875,189.2578125,0
dead,before,0,0.0,0,1,189.2578125,190.25390625,0
dead,before,0,0.0,0,1,190.25390625,191.25,0
dead,before,0,0.0,0,1,191.25,192.24609375,0
dead,before,0,0.0,0,1,192.24609375,193.2421875,0
dead,before,0,0.0,0,1,193.2421875,194.23828125,0
dead,before,0,0.0,0,1,194.23828125,195.234375,0
dead,before,0,0.0,0,1,195.234375,196.23046875,0
dead,before,0,0.0,0,1,196.23046875,197.2265625,0
dead,before,0,0.0,0,1,197.2265625,198.22265625,0
dead,before,0,0.0,0,1,198.22265625,199.21875,0
dead,before,0,0.0,0,1,199.21875,200.21484375,0
dead,before,0,0.0,0,1,200.21484375,201.2109375,0
dead,before,0,0.0,0,1,201.2109375,202.20703125,0
dead,before,0,0.0,0,1,202.20703125,203.203125,0
dead,before,0,0.0,0,1,203.203125,204.19921875,0
dead,before,0,0.0,0,1,204.19921875,205.1953125,0
dead,before,0,0.0,0,1,205.1953125,206.19140625,0
dead,before,0,0.0,0,1,206.19140625,207.1875,0
dead,before,0,0.0,0,1,207.1875,208.18359375,0
dead,before,0,0.0,0,1,208.18359375,209.1796875,0
dead,before,0,0.0,0,1,209.1796875,210.17578125,0
dead,before,0,0.0,0,1,210.17578125,211.171875,0
dead,before,0,0.0,0,1,211.171875,212.16796875,0
dead,before,0,0.0,0,1,212.16796875,213.1640625,0
dead,before,0,0.0,0,1,213.1640625,214.16015625,0
dead,before,0,0.0,0,1,214.16015625,215.15625,0
dead,before,0,0.0,0,1,215.15625,216.15234375,0
dead,before,0,0.0,0,1,216.15234375,217.1484375,0
dead,before,0,0.0,0,1,217.1484375,218.14453125,0
dead,before,0,0.0,0,1,218.14453125,219.140625,0
dead,before,0,0.0,0,1,219.140625,220.13671875,0
dead,before,0,0.0,0,1,220.13671875,221.1328125,0
dead,before,0,0.0,0,1,221.1328125,222.12890625,0
dead,before,0,0.0,0,1,222.12890625,223.125,0
dead,before,0,0.0,0,1,223.125,224.12109375,0
dead,before,0,0.0,0,1,224.12109375,225.1171875,0
dead,before,0,0.0,0,1,225.1171875,226.11328125,0
dead,before,0,0.0,0,1,226.11328125,227.109375,0
dead,before,0,0.0,0,1,227.109375,228.10546875,0
dead,before,0,0.0,0,1,228.10546875,229.1015625,0
dead,before,0,0.0,0,1,229.1015625,230.09765625,0
dead,before,0,0.0,0,1,230.09765625,231.09375,0
dead,before,0,0.0,0,1,231.09375,232.08984375,0
dead,before,0,0.0,0,1,232.08984375,233.0859375,0
dead,before,0,0.0,0,1,233.0859375,234.08203125,0
dead,before,0,0.0,0,1,234.08203125,235.078125,0
dead,before,0,0.0,0,1,235.078125,236.07421875,0
dead,before,0,0.0,0,1,236.07421875,237.0703125,0
dead,before,0,0.0,0,1,237.0703125,238.06640625,0
dead,before,0,0.0,0,1,238.06640625,239.0625,0
dead,before,0,0.0,0,1,239.0625,240.05859375,0
dead,before,0,0.0,0,1,240.05859375,241.0546875,0
dead,before,0,0.0,0,1,241.0546875,242.05078125,0
dead,before,0,0.0,0,1,242.05078125,243.046875,0
dead,before,0,0.0,0,1,243.046875,244.04296875,0
dead,before,0,0.0,0,1,244.04296875,245.0390625,0
dead,before,0,0.0,0,1,245.0390625,246.03515625,0
dead,before,0,0.0,0,1,246.03515625,247.03125,0
dead,before,0,0.0,0,1,247.03125,248.02734375,0
dead,before,0,0.0,0,1,248.02734375,249.0234375,0
dead,before,0,0.0,0,1,249.0234375,250.01953125,0
dead,before,0,0.0,0,1,250.01953125,251.015625,0
dead,before,0,0.0,0,1,251.015625,252.01171875,0
dead,before,0,0.0,0,1,252.01171875,253.0078125,0
dead,before,0,0.0,0,1,253.0078125,254.00390625,0
dead,before,0,0.0,0,1,254.00390625,255.0,0
dead,corrected,0,0.0,0,1,754.0,1007.05078125,198175
dead,corrected,0,0.0,0,1,1007.05078125,1260.1015625,158974
dead,corrected,0,0.0,0,1,1260.1015625,1513.15234375,131041
dead,corrected,0,0.0,0,1,1513.15234375,1766.203125,113300
dead,corrected,0,0.0,0,1,1766.203125,2019.25390625,98592
dead,corrected,0,0.0,0,1,2019.25390625,2272.3046875,85329
dead,corrected,0,0.0,0,1,2272.3046875,2525.35546875,74830
dead,corrected,0,0.0,0,1,2525.35546875,2778.40625,66988
dead,corrected,0,0.0,0,1,2778.40625,3031.45703125,61466
dead,corrected,0,0.0,0,1,3031.45703125,3284.5078125,55581
dead,corrected,0,0.0,0,1,3284.5078125,3537.55859375,49629
dead,corrected,0,0.0,0,1,3537.55859375,3790.609375,45391
dead,corrected,0,0.0,0,1,3790.609375,4043.66015625,41965
dead,corrected,0,0.0,0,1,4043.66015625,4296.7109375,38537
dead,corrected,0,0.0,0,1,4296.7109375,4549.76171875,35599
dead,corrected,0,0.0,0,1,4549.76171875,4802.8125,33444
dead,corrected,0,0.0,0,1,4802.8125,5055.86328125,31666
dead,corrected,0,0.0,0,1,5055.86328125,5308.9140625,30462
dead,corrected,0,0.0,0,1,5308.9140625,5561.96484375,28601
dead,corrected,0,0.0,0,1,5561.96484375,5815.015625,26805
dead,corrected,0,0.0,0,1,5815.015625,6068.06640625,25159
dead,corrected,0,0.0,0,1,6068.06640625,6321.1171875,23193
dead,corrected,0,0.0,0,1,6321.1171875,6574.16796875,21957
dead,corrected,0,0.0,0,1,6574.16796875,6827.21875,20974
dead,corrected,0,0.0,0,1,6827.21875,7080.26953125,19871
dead,corrected,0,0.0,0,1,7080.26953125,7333.3203125,19220
dead,corrected,0,0.0,0,1,7333.3203125,7586.37109375,18603
dead,corrected,0,0.0,0,1,7586.37109375,7839.421875,18113
dead,corrected,0,0.0,0,1,7839.421875,8092.47265625,17931
dead,corrected,0,0.0,0,1,8092.47265625,8345.5234375,17361
dead,corrected,0,0.0,0,1,8345.5234375,8598.57421875,16616
dead,corrected,0,0.0,0,1,8598.57421875,8851.625,16547
dead,corrected,0,0.0,0,1,8851.625,9104.67578125,15977
dead,corrected,0,0.0,0,1,9104.67578125,9357.7265625,15467
dead,corrected,0,0.0,0,1,9357.7265625,9610.77734375,14513
dead,corrected,0,0.0,0,1,9610.77734375,9863.828125,13547
dead,corrected,0,0.0,0,1,9863.828125,10116.87890625,12840
dead,corrected,0,0.0,0,1,10116.87890625,10369.9296875,12275
dead,corrected,0,0.0,0,1,10369.9296875,10622.98046875,11684
dead,corrected,0,0.0,0,1,10622.98046875,10876.03125,11226
dead,corrected,0,0.0,0,1,10876.03125,11129.08203125,10477
dead,corrected,0,0.0,0,1,11129.08203125,11382.1328125,10202
dead,corrected,0,0.0,0,1,11382.1328125,11635.18359375,9828
dead,corrected,0,0.0,0,1,11635.18359375,11888.234375,9291
dead,corrected,0,0.0,0,1,11888.234375,12141.28515625,8898
dead,corrected,0,0.0,0,1,12141.28515625,12394.3359375,8458
dead,corrected,0,0.0,0,1,12394.3359375,12647.38671875,8155
dead,corrected,0,0.0,0,1,12647.38671875,12900.4375,7838
dead,corrected,0,0.0,0,1,12900.4375,13153.48828125,7627
dead,corrected,0,0.0,0,1,13153.48828125,13406.5390625,7401
dead,corrected,0,0.0,0,1,13406.5390625,13659.58984375,7103
dead,corrected,0,0.0,0,1,13659.58984375,13912.640625,6985
dead,corrected,0,0.0,0,1,13912.640625,14165.69140625,6987
dead,corrected,0,0.0,0,1,14165.69140625,14418.7421875,6621
dead,corrected,0,0.0,0,1,14418.7421875,14671.79296875,6336
dead,corrected,0,0.0,0,1,14671.79296875,14924.84375,6293
dead,corrected,0,0.0,0,1,14924.84375,15177.89453125,6108
dead,corrected,0,0.0,0,1,15177.89453125,15430.9453125,5867
dead,corrected,0,0.0,0,1,15430.9453125,15683.99609375,5768
dead,corrected,0,0.0,0,1,15683.99609375,15937.046875,5553
dead,corrected,0,0.0,0,1,15937.046875,16190.09765625,5396
dead,corrected,0,0.0,0,1,16190.09765625,16443.1484375,5503
dead,corrected,0,0.0,0,1,16443.1484375,16696.19921875,5435
dead,corrected,0,0.0,0,1,16696.19921875,16949.25,5396
dead,corrected,0,0.0,0,1,16949.25,17202.30078125,5254
dead,corrected,0,0.0,0,1,17202.30078125,17455.3515625,5164
dead,corrected,0,0.0,0,1,17455.3515625,17708.40234375,4848
dead,corrected,0,0.0,0,1,17708.40234375,17961.453125,4825
dead,corrected,0,0.0,0,1,17961.453125,18214.50390625,4507
dead,corrected,0,0.0,0,1,18214.50390625,18467.5546875,4432
dead,corrected,0,0.0,0,1,18467.5546875,18720.60546875,4376
dead,corrected,0,0.0,0,1,18720.60546875,18973.65625,4344
dead,corrected,0,0.0,0,1,18973.65625,19226.70703125,4075
dead,corrected,0,0.0,0,1,19226.70703125,19479.7578125,3916
dead,corrected,0,0.0,0,1,19479.7578125,19732.80859375,3869
dead,corrected,0,0.0,0,1,19732.80859375,19985.859375,3738
dead,corrected,0,0.0,0,1,19985.859375,20238.91015625,3609
dead,corrected,0,0.0,0,1,20238.91015625,20491.9609375,3597
dead,corrected,0,0.0,0,1,20491.9609375,20745.01171875,3436
dead,corrected,0,0.0,0,1,20745.01171875,20998.0625,3245
dead,corrected,0,0.0,0,1,20998.0625,21251.11328125,3262
dead,corrected,0,0.0,0,1,21251.11328125,21504.1640625,3157
dead,corrected,0,0.0,0,1,21504.1640625,21757.21484375,3066
dead,corrected,0,0.0,0,1,21757.21484375,22010.265625,3002
dead,corrected,0,0.0,0,1,22010.265625,22263.31640625,2831
dead,corrected,0,0.0,0,1,22263.31640625,22516.3671875,2887
dead,corrected,0,0.0,0,1,22516.3671875,22769.41796875,2805
dead,corrected,0,0.0,0,1,22769.41796875,23022.46875,2782
dead,corrected,0,0.0,0,1,23022.46875,23275.51953125,2786
dead,corrected,0,0.0,0,1,23275.51953125,23528.5703125,2638
dead,corrected,0,0.0,0,1,23528.5703125,23781.62109375,2685
dead,corrected,0,0.0,0,1,23781.62109375,24034.671875,2517
dead,corrected,0,0.0,0,1,24034.671875,24287.72265625,2571
dead,corrected,0,0.0,0,1,24287.72265625,24540.7734375,2621
dead,corrected,0,0.0,0,1,24540.7734375,24793.82421875,2473
dead,corrected,0,0.0,0,1,24793.82421875,25046.875,2457
dead,corrected,0,0.0,0,1,25046.875,25299.92578125,2374
dead,corrected,0,0.0,0,1,25299.92578125,25552.9765625,2384
dead,corrected,0,0.0,0,1,25552.9765625,25806.02734375,2328
dead,corrected,0,0.0,0,1,25806.02734375,26059.078125,2284
dead,corrected,0,0.0,0,1,26059.078125,26312.12890625,2045
dead,corrected,0,0.0,0,1,26312.12890625,26565.1796875,2072
dead,corrected,0,0.0,0,1,26565.1796875,26818.23046875,2029
dead,corrected,0,0.0,0,1,26818.23046875,27071.28125,1966
dead,corrected,0,0.0,0,1,27071.28125,27324.33203125,1785
dead,corrected,0,0.0,0,1,27324.33203125,27577.3828125,1809
dead,corrected,0,0.0,0,1,27577.3828125,27830.43359375,1726
dead,corrected,0,0.0,0,1,27830.43359375,28083.484375,1788
dead,corrected,0,0.0,0,1,28083.484375,28336.53515625,1689
dead,corrected,0,0.0,0,1,28336.53515625,28589.5859375,1602
dead,corrected,0,0.0,0,1,28589.5859375,28842.63671875,1704
dead,corrected,0,0.0,0,1,28842.63671875,29095.6875,1579
dead,corrected,0,0.0,0,1,29095.6875,29348.73828125,1601
dead,corrected,0,0.0,0,1,29348.73828125,29601.7890625,1514
dead,corrected,0,0.0,0,1,29601.7890625,29854.83984375,1559
dead,corrected,0,0.0,0,1,29854.83984375,30107.890625,1554
dead,corrected,0,0.0,0,1,30107.890625,30360.94140625,1418
dead,corrected,0,0.0,0,1,30360.94140625,30613.9921875,1426
dead,corrected,0,0.0,0,1,30613.9921875,30867.04296875,1391
dead,corrected,0,0.0,0,1,30867.04296875,31120.09375,1312
dead,corrected,0,0.0,0,1,31120.09375,31373.14453125,1308
dead,corrected,0,0.0,0,1,31373.14453125,31626.1953125,1218
dead,corrected,0,0.0,0,1,31626.1953125,31879.24609375,1188
dead,corrected,0,0.0,0,1,31879.24609375,32132.296875,1171
dead,corrected,0,0.0,0,1,32132.296875,32385.34765625,1184
dead,corrected,0,0.0,0,1,32385.34765625,32638.3984375,1104
dead,corrected,0,0.0,0,1,32638.3984375,32891.44921875,1006
dead,corrected,0,0.0,0,1,32891.44921875,33144.5,1077
dead,corrected,0,0.0,0,1,33144.5,33397.55078125,994
dead,corrected,0,0.0,0,1,33397.55078125,33650.6015625,980
dead,corrected,0,0.0,0,1,33650.6015625,33903.65234375,953
dead,corrected,0,0.0,0,1,33903.65234375,34156.703125,883
dead,corrected,0,0.0,0,1,34156.703125,34409.75390625,943
dead,corrected,0,0.0,0,1,34409.75390625,34662.8046875,907
dead,corrected,0,0.0,0,1,34662.8046875,34915.85546875,925
dead,corrected,0,0.0,0,1,34915.85546875,35168.90625,912
dead,corrected,0,0.0,0,1,35168.90625,35421.95703125,891
dead,corrected,0,0.0,0,1,35421.95703125,35675.0078125,903
dead,corrected,0,0.0,0,1,35675.0078125,35928.05859375,817
dead,corrected,0,0.0,0,1,35928.05859375,36181.109375,822
dead,corrected,0,0.0,0,1,36181.109375,36434.16015625,871
dead,corrected,0,0.0,0,1,36434.16015625,36687.2109375,851
dead,corrected,0,0.0,0,1,36687.2109375,36940.26171875,762
dead,corrected,0,0.0,0,1,36940.26171875,37193.3125,752
dead,corrected,0,0.0,0,1,37193.3125,37446.36328125,775
dead,corrected,0,0.0,0,1,37446.36328125,37699.4140625,765
dead,corrected,0,0.0,0,1,37699.4140625,37952.46484375,743
dead,corrected,0,0.0,0,1,37952.46484375,38205.515625,701
dead,corrected,0,0.0,0,1,38205.515625,38458.56640625,678
dead,corrected,0,0.0,0,1,38458.56640625,38711.6171875,725
dead,corrected,0,0.0,0,1,38711.6171875,38964.66796875,656
dead,corrected,0,0.0,0,1,38964.66796875,39217.71875,695
dead,corrected,0,0.0,0,1,39217.71875,39470.76953125,663
dead,corrected,0,0.0,0,1,39470.76953125,39723.8203125,611
dead,corrected,0,0.0,0,1,39723.8203125,39976.87109375,562
dead,corrected,0,0.0,0,1,39976.87109375,40229.921875,589
dead,corrected,0,0.0,0,1,40229.921875,40482.97265625,578
dead,corrected,0,0.0,0,1,40482.97265625,40736.0234375,596
dead,corrected,0,0.0,0,1,40736.0234375,40989.07421875,569
dead,corrected,0,0.0,0,1,40989.07421875,41242.125,532
dead,corrected,0,0.0,0,1,41242.125,41495.17578125,542
dead,corrected,0,0.0,0,1,41495.17578125,41748.2265625,509
dead,corrected,0,0.0,0,1,41748.2265625,42001.27734375,526
dead,corrected,0,0.0,0,1,42001.27734375,42254.328125,494
dead,corrected,0,0.0,0,1,42254.328125,42507.37890625,422
dead,corrected,0,0.0,0,1,42507.37890625,42760.4296875,475
dead,corrected,0,0.0,0,1,42760.4296875,43013.48046875,472
dead,corrected,0,0.0,0,1,43013.48046875,43266.53125,451
dead,corrected,0,0.0,0,1,43266.53125,43519.58203125,474
dead,corrected,0,0.0,0,1,43519.58203125,43772.6328125,428
dead,corrected,0,0.0,0,1,43772.6328125,44025.68359375,445
dead,corrected,0,0.0,0,1,44025.68359375,44278.734375,419
dead,corrected,0,0.0,0,1,44278.734375,44531.78515625,444
dead,corrected,0,0.0,0,1,44531.78515625,44784.8359375,425
dead,corrected,0,0.0,0,1,44784.8359375,45037.88671875,440
dead,corrected,0,0.0,0,1,45037.88671875,45290.9375,407
dead,corrected,0,0.0,0,1,45290.9375,45543.98828125,371
dead,corrected,0,0.0,0,1,45543.98828125,45797.0390625,352
dead,corrected,0,0.0,0,1,45797.0390625,46050.08984375,371
dead,corrected,0,0.0,0,1,46050.08984375,46303.140625,338
dead,corrected,0,0.0,0,1,46303.140625,46556.19140625,343
dead,corrected,0,0.0,0,1,46556.19140625,46809.2421875,342
dead,corrected,0,0.0,0,1,46809.2421875,47062.29296875,318
dead,corrected,0,0.0,0,1,47062.29296875,47315.34375,314
dead,corrected,0,0.0,0,1,47315.34375,47568.39453125,318
dead,corrected,0,0.0,0,1,47568.39453125,47821.4453125,336
dead,corrected,0,0.0,0,1,47821.4453125,48074.49609375,301
dead,corrected,0,0.0,0,1,48074.49609375,48327.546875,259
dead,corrected,0,0.0,0,1,48327.546875,48580.59765625,293
dead,corrected,0,0.0,0,1,48580.59765625,48833.6484375,271
dead,corrected,0,0.0,0,1,48833.6484375,49086.69921875,255
dead,corrected,0,0.0,0,1,49086.69921875,49339.75,260
dead,corrected,0,0.0,0,1,49339.75,49592.80078125,263
dead,corrected,0,0.0,0,1,49592.80078125,49845.8515625,243
dead,corrected,0,0.0,0,1,49845.8515625,50098.90234375,228
dead,corrected,0,0.0,0,1,50098.90234375,50351.953125,272
dead,corrected,0,0.0,0,1,50351.953125,50605.00390625,221
dead,corrected,0,0.0,0,1,50605.00390625,50858.0546875,228
dead,corrected,0,0.0,0,1,50858.0546875,51111.10546875,233
dead,corrected,0,0.0,0,1,51111.10546875,51364.15625,235
dead,corrected,0,0.0,0,1,51364.15625,51617.20703125,209
dead,corrected,0,0.0,0,1,51617.20703125,51870.2578125,242
dead,corrected,0,0.0,0,1,51870.2578125,52123.30859375,227
dead,corrected,0,0.0,0,1,52123.30859375,52376.359375,186
dead,corrected,0,0.0,0,1,52376.359375,52629.41015625,181
dead,corrected,0,0.0,0,1,52629.41015625,52882.4609375,189
dead,corrected,0,0.0,0,1,52882.4609375,53135.51171875,177
dead,corrected,0,0.0,0,1,53135.51171875,53388.5625,170
dead,corrected,0,0.0,0,1,53388.5625,53641.61328125,169
dead,corrected,0,0.0,0,1,53641.61328125,53894.6640625,156
dead,corrected,0,0.0,0,1,53894.6640625,54147.71484375,147
dead,corrected,0,0.0,0,1,54147.71484375,54400.765625,140
dead,corrected,0,0.0,0,1,54400.765625,54653.81640625,155
dead,corrected,0,0.0,0,1,54653.81640625,54906.8671875,149
dead,corrected,0,0.0,0,1,54906.8671875,55159.91796875,155
dead,corrected,0,0.0,0,1,55159.91796875,55412.96875,131
dead,corrected,0,0.0,0,1,55412.96875,55666.01953125,149
dead,corrected,0,0.0,0,1,55666.01953125,55919.0703125,116
dead,corrected,0,0.0,0,1,55919.0703125,56172.12109375,120
dead,corrected,0,0.0,0,1,56172.12109375,56425.171875,135
dead,corrected,0,0.0,0,1,56425.171875,56678.22265625,107
dead,corrected,0,0.0,0,1,56678.22265625,56931.2734375,125
dead,corrected,0,0.0,0,1,56931.2734375,57184.32421875,125
dead,corrected,0,0.0,0,1,57184.32421875,57437.375,113
dead,corrected,0,0.0,0,1,57437.375,57690.42578125,101
dead,corrected,0,0.0,0,1,57690.42578125,57943.4765625,100
dead,corrected,0,0.0,0,1,57943.4765625,58196.52734375,105
dead,corrected,0,0.0,0,1,58196.52734375,58449.578125,113
dead,corrected,0,0.0,0,1,58449.578125,58702.62890625,98
dead,corrected,0,0.0,0,1,58702.62890625,58955.6796875,86
dead,corrected,0,0.0,0,1,58955.6796875,59208.73046875,77
dead,corrected,0,0.0,0,1,59208.73046875,59461.78125,109
dead,corrected,0,0.0,0,1,59461.78125,59714.83203125,84
dead,corrected,0,0.0,0,1,59714.83203125,59967.8828125,91
dead,corrected,0,0.0,0,1,59967.8828125,60220.93359375,91
dead,corrected,0,0.0,0,1,60220.93359375,60473.984375,75
dead,corrected,0,0.0,0,1,60473.984375,60727.03515625,77
dead,corrected,0,0.0,0,1,60727.03515625,60980.0859375,79
dead,corrected,0,0.0,0,1,60980.0859375,61233.13671875,67
dead,corrected,0,0.0,0,1,61233.13671875,61486.1875,70
dead,corrected,0,0.0,0,1,61486.1875,61739.23828125,82
dead,corrected,0,0.0,0,1,61739.23828125,61992.2890625,73
dead,corrected,0,0.0,0,1,61992.2890625,62245.33984375,63
dead,corrected,0,0.0,0,1,62245.33984375,62498.390625,68
dead,corrected,0,0.0,0,1,62498.390625,62751.44140625,68
dead,corrected,0,0.0,0,1,62751.44140625,63004.4921875,60
dead,corrected,0,0.0,0,1,63004.4921875,63257.54296875,73
dead,corrected,0,0.0,0,1,63257.54296875,63510.59375,1517
dead,corrected,0,0.0,0,1,63510.59375,63763.64453125,0
dead,corrected,0,0.0,0,1,63763.64453125,64016.6953125,0
dead,corrected,0,0.0,0,1,64016.6953125,64269.74609375,0
dead,corrected,0,0.0,0,1,64269.74609375,64522.796875,0
dead,corrected,0,0.0,0,1,64522.796875,64775.84765625,0
dead,corrected,0,0.0,0,1,64775.84765625,65028.8984375,0
dead,corrected,0,0.0,0,1,65028.8984375,65281.94921875,0
dead,corrected,0,0.0,0,1,65281.94921875,65535.0,0
dead,after,0,0.0,0,1,0.0,0.99609375,0
dead,after,0,0.0,0,1,0.99609375,1.9921875,0
dead,after,0,0.0,0,1,1.9921875,2.98828125,0
dead,after,0,0.0,0,1,2.98828125,3.984375,0
dead,after,0,0.0,0,1,3.984375,4.98046875,0
dead,after,0,0.0,0,1,4.98046875,5.9765625,0
dead,after,0,0.0,0,1,5.9765625,6.97265625,0
dead,after,0,0.0,0,1,6.97265625,7.96875,0
dead,after,0,0.0,0,1,7.96875,8.96484375,0
dead,after,0,0.0,0,1,8.96484375,9.9609375,0
dead,after,0,0.0,0,1,9.9609375,10.95703125,47174
dead,after,0,0.0,0,1,10.95703125,11.953125,44105
dead,after,0,0.0,0,1,11.953125,12.94921875,40492
dead,after,0,0.0,0,1,12.94921875,13.9453125,37079
dead,after,0,0.0,0,1,13.9453125,14.94140625,34792
dead,after,0,0.0,0,1,14.94140625,15.9375,32486
dead,after,0,0.0,0,1,15.9375,16.93359375,31370
dead,after,0,0.0,0,1,16.93359375,17.9296875,29432
dead,after,0,0.0,0,1,17.9296875,18.92578125,28085
dead,after,0,0.0,0,1,18.92578125,19.921875,26129
dead,after,0,0.0,0,1,19.921875,20.91796875,24222
dead,after,0,0.0,0,1,20.91796875,21.9140625,22534
dead,after,0,0.0,0,1,21.9140625,22.91015625,21450
dead,after,0,0.0,0,1,22.91015625,23.90625,20598
dead,after,0,0.0,0,1,23.90625,24.90234375,19634
dead,after,0,0.0,0,1,24.90234375,25.8984375,18904
dead,after,0,0.0,0,1,25.8984375,26.89453125,18510
dead,after,0,0.0,0,1,26.89453125,27.890625,17985
dead,after,0,0.0,0,1,27.890625,28.88671875,18015
dead,after,0,0.0,0,1,28.88671875,29.8828125,16862
dead,after,0,0.0,0,1,29.8828125,30.87890625,16643
dead,after,0,0.0,0,1,30.87890625,31.875,16579
dead,after,0,0.0,0,1,31.875,32.87109375,15959
dead,after,0,0.0,0,1,32.87109375,33.8671875,14955
dead,after,0,0.0,0,1,33.8671875,34.86328125,14067
dead,after,0,0.0,0,1,34.86328125,35.859375,13141
dead,after,0,0.0,0,1,35.859375,36.85546875,12681
dead,after,0,0.0,0,1,36.85546875,37.8515625,11843
dead,after,0,0.0,0,1,37.8515625,38.84765625,11276
dead,after,0,0.0,0,1,38.84765625,39.84375,10978
dead,after,0,0.0,0,1,39.84375,40.83984375,10535
dead,after,0,0.0,0,1,40.83984375,41.8359375,10060
dead,after,0,0.0,0,1,41.8359375,42.83203125,9500
dead,after,0,0.0,0,1,42.83203125,43.828125,9128
dead,after,0,0.0,0,1,43.828125,44.82421875,8648
dead,after,0,0.0,0,1,44.82421875,45.8203125,8400
dead,after,0,0.0,0,1,45.8203125,46.81640625,8053
dead,after,0,0.0,0,1,46.81640625,47.8125,7790
dead,after,0,0.0,0,1,47.8125,48.80859375,7585
dead,after,0,0.0,0,1,48.80859375,49.8046875,7253
dead,after,0,0.0,0,1,49.8046875,50.80078125,7010
dead,after,0,0.0,0,1,50.80078125,51.796875,7188
dead,after,0,0.0,0,1,51.796875,52.79296875,6698
dead,after,0,0.0,0,1,52.79296875,53.7890625,6656
dead,after,0,0.0,0,1,53.7890625,54.78515625,6298
dead,after,0,0.0,0,1,54.78515625,55.78125,6203
dead,after,0,0.0,0,1,55.78125,56.77734375,6032
dead,after,0,0.0,0,1,56.77734375,57.7734375,5776
dead,after,0,0.0,0,1,57.7734375,58.76953125,5709
dead,after,0,0.0,0,1,58.76953125,59.765625,5609
dead,after,0,0.0,0,1,59.765625,60.76171875,5435
dead,after,0,0.0,0,1,60.76171875,61.7578125,5517
dead,after,0,0.0,0,1,61.7578125,62.75390625,5495
dead,after,0,0.0,0,1,62.75390625,63.75,5391
dead,after,0,0.0,0,1,63.75,64.74609375,5240
dead,after,0,0.0,0,1,64.74609375,65.7421875,5177
dead,after,0,0.0,0,1,65.7421875,66.73828125,4769
dead,after,0,0.0,0,1,66.73828125,67.734375,4536
dead,after,0,0.0,0,1,67.734375,68.73046875,4499
dead,after,0,0.0,0,1,68.73046875,69.7265625,4421
dead,after,0,0.0,0,1,69.7265625,70.72265625,4399
dead,after,0,0.0,0,1,70.72265625,71.71875,4244
dead,after,0,0.0,0,1,71.71875,72.71484375,4097
dead,after,0,0.0,0,1,72.71484375,73.7109375,3902
dead,after,0,0.0,0,1,73.7109375,74.70703125,3831
dead,after,0,0.0,0,1,74.70703125,75.703125,3727
dead,after,0,0.0,0,1,75.703125,76.69921875,3606
dead,after,0,0.0,0,1,76.69921875,77.6953125,3503
dead,after,0,0.0,0,1,77.6953125,78.69140625,3302
dead,after,0,0.0,0,1,78.69140625,79.6875,3196
dead,after,0,0.0,0,1,79.6875,80.68359375,3207
dead,after,0,0.0,0,1,80.68359375,81.6796875,3085
dead,after,0,0.0,0,1,81.6796875,82.67578125,3182
dead,after,0,0.0,0,1,82.67578125,83.671875,2970
dead,after,0,0.0,0,1,83.671875,84.66796875,2941
dead,after,0,0.0,0,1,84.66796875,85.6640625,2894
dead,after,0,0.0,0,1,85.6640625,86.66015625,2700
dead,after,0,0.0,0,1,86.66015625,87.65625,2798
dead,after,0,0.0,0,1,87.65625,88.65234375,2746
dead,after,0,0.0,0,1,88.65234375,89.6484375,2608
dead,after,0,0.0,0,1,89.6484375,90.64453125,2723
dead,after,0,0.0,0,1,90.64453125,91.640625,2626
dead,after,0,0.0,0,1,91.640625,92.63671875,2512
dead,after,0,0.0,0,1,92.63671875,93.6328125,2463
dead,after,0,0.0,0,1,93.6328125,94.62890625,2564
dead,after,0,0.0,0,1,94.62890625,95.625,2554
dead,after,0,0.0,0,1,95.625,96.62109375,2430
dead,after,0,0.0,0,1,96.62109375,97.6171875,2380
dead,after,0,0.0,0,1,97.6171875,98.61328125,2287
dead,after,0,0.0,0,1,98.61328125,99.609375,2177
dead,after,0,0.0,0,1,99.609375,100.60546875,2151
dead,after,0,0.0,0,1,100.60546875,101.6015625,2058
dead,after,0,0.0,0,1,101.6015625,102.59765625,1955
dead,after,0,0.0,0,1,102.59765625,103.59375,1782
dead,after,0,0.0,0,1,103.59375,104.58984375,1856
dead,after,0,0.0,0,1,104.58984375,105.5859375,1697
dead,after,0,0.0,0,1,105.5859375,106.58203125,1847
dead,after,0,0.0,0,1,106.58203125,107.578125,1753
dead,after,0,0.0,0,1,107.578125,108.57421875,1661
dead,after,0,0.0,0,1,108.57421875,109.5703125,1665
dead,after,0,0.0,0,1,109.5703125,110.56640625,1642
dead,after,0,0.0,0,1,110.56640625,111.5625,1636
dead,after,0,0.0,0,1,111.5625,112.55859375,1613
dead,after,0,0.0,0,1,112.55859375,113.5546875,1517
dead,after,0,0.0,0,1,113.5546875,114.55078125,1470
dead,after,0,0.0,0,1,114.55078125,115.546875,1439
dead,after,0,0.0,0,1,115.546875,116.54296875,1366
dead,after,0,0.0,0,1,116.54296875,117.5390625,1400
dead,after,0,0.0,0,1,117.5390625,118.53515625,1352
dead,after,0,0.0,0,1,118.53515625,119.53125,1274
dead,after,0,0.0,0,1,119.53125,120.52734375,1203
dead,after,0,0.0,0,1,120.52734375,121.5234375,1228
dead,after,0,0.0,0,1,121.5234375,122.51953125,1130
dead,after,0,0.0,0,1,122.51953125,123.515625,1162
dead,after,0,0.0,0,1,123.515625,124.51171875,1124
dead,after,0,0.0,0,1,124.51171875,125.5078125,1050
dead,after,0,0.0,0,1,125.5078125,126.50390625,1013
dead,after,0,0.0,0,1,126.50390625,127.5,1000
dead,after,0,0.0,0,1,127.5,128.49609375,990
dead,after,0,0.0,0,1,128.49609375,129.4921875,1007
dead,after,0,0.0,0,1,129.4921875,130.48828125,992
dead,after,0,0.0,0,1,130.48828125,131.484375,895
dead,after,0,0.0,0,1,131.484375,132.48046875,978
dead,after,0,0.0,0,1,132.48046875,133.4765625,924
dead,after,0,0.0,0,1,133.4765625,134.47265625,916
dead,after,0,0.0,0,1,134.47265625,135.46875,898
dead,after,0,0.0,0,1,135.46875,136.46484375,886
dead,after,0,0.0,0,1,136.46484375,137.4609375,866
dead,after,0,0.0,0,1,137.4609375,138.45703125,846
dead,after,0,0.0,0,1,138.45703125,139.453125,829
dead,after,0,0.0,0,1,139.453125,140.44921875,800
dead,after,0,0.0,0,1,140.44921875,141.4453125,815
dead,after,0,0.0,0,1,141.4453125,142.44140625,775
dead,after,0,0.0,0,1,142.44140625,143.4375,744
dead,after,0,0.0,0,1,143.4375,144.43359375,797
dead,after,0,0.0,0,1,144.43359375,145.4296875,684
dead,after,0,0.0,0,1,145.4296875,146.42578125,715
dead,after,0,0.0,0,1,146.42578125,147.421875,683
dead,after,0,0.0,0,1,147.421875,148.41796875,662
dead,after,0,0.0,0,1,148.41796875,149.4140625,665
dead,after,0,0.0,0,1,149.4140625,150.41015625,674
dead,after,0,0.0,0,1,150.41015625,151.40625,600
dead,after,0,0.0,0,1,151.40625,152.40234375,609
dead,after,0,0.0,0,1,152.40234375,153.3984375,575
dead,after,0,0.0,0,1,153.3984375,154.39453125,663
dead,after,0,0.0,0,1,154.39453125,155.390625,545
dead,after,0,0.0,0,1,155.390625,156.38671875,548
dead,after,0,0.0,0,1,156.38671875,157.3828125,521
dead,after,0,0.0,0,1,157.3828125,158.37890625,537
dead,after,0,0.0,0,1,158.37890625,159.375,535
dead,after,0,0.0,0,1,159.375,160.37109375,491
dead,after,0,0.0,0,1,160.37109375,161.3671875,495
dead,after,0,0.0,0,1,161.3671875,162.36328125,434
dead,after,0,0.0,0,1,162.36328125,163.359375,469
dead,after,0,0.0,0,1,163.359375,164.35546875,475
dead,after,0,0.0,0,1,164.35546875,165.3515625,447
dead,after,0,0.0,0,1,165.3515625,166.34765625,467
dead,after,0,0.0,0,1,166.34765625,167.34375,416
dead,after,0,0.0,0,1,167.34375,168.33984375,415
dead,after,0,0.0,0,1,168.33984375,169.3359375,390
dead,after,0,0.0,0,1,169.3359375,170.33203125,447
dead,after,0,0.0,0,1,170.33203125,171.328125,442
dead,after,0,0.0,0,1,171.328125,172.32421875,405
dead,after,0,0.0,0,1,172.32421875,173.3203125,394
dead,after,0,0.0,0,1,173.3203125,174.31640625,351
dead,after,0,0.0,0,1,174.31640625,175.3125,380
dead,after,0,0.0,0,1,175.3125,176.30859375,380
dead,after,0,0.0,0,1,176.30859375,177.3046875,335
dead,after,0,0.0,0,1,177.3046875,178.30078125,315
dead,after,0,0.0,0,1,178.30078125,179.296875,332
dead,after,0,0.0,0,1,179.296875,180.29296875,345
dead,after,0,0.0,0,1,180.29296875,181.2890625,324
dead,after,0,0.0,0,1,181.2890625,182.28515625,330
dead,after,0,0.0,0,1,182.28515625,183.28125,301
dead,after,0,0.0,0,1,183.28125,184.27734375,274
dead,after,0,0.0,0,1,184.27734375,185.2734375,290
dead,after,0,0.0,0,1,185.2734375,186.26953125,289
dead,after,0,0.0,0,1,186.26953125,187.265625,258
dead,after,0,0.0,0,1,187.265625,188.26171875,248
dead,after,0,0.0,0,1,188.26171875,189.2578125,251
dead,after,0,0.0,0,1,189.2578125,190.25390625,250
dead,after,0,0.0,0,1,190.25390625,191.25,236
dead,after,0,0.0,0,1,191.25,192.24609375,240
dead,after,0,0.0,0,1,192.24609375,193.2421875,261
dead,after,0,0.0,0,1,193.2421875,194.23828125,224
dead,after,0,0.0,0,1,194.23828125,195.234375,219
dead,after,0,0.0,0,1,195.234375,196.23046875,242
dead,after,0,0.0,0,1,196.23046875,197.2265625,253
dead,after,0,0.0,0,1,197.2265625,198.22265625,211
dead,after,0,0.0,0,1,198.22265625,199.21875,192
dead,after,0,0.0,0,1,199.21875,200.21484375,187
dead,after,0,0.0,0,1,200.21484375,201.2109375,177
dead,after,0,0.0,0,1,201.2109375,202.20703125,194
dead,after,0,0.0,0,1,202.20703125,203.203125,169
dead,after,0,0.0,0,1,203.203125,204.19921875,156
dead,after,0,0.0,0,1,204.19921875,205.1953125,160
dead,after,0,0.0,0,1,205.1953125,206.19140625,174
dead,after,0,0.0,0,1,206.19140625,207.1875,154
dead,after,0,0.0,0,1,207.1875,208.18359375,131
dead,after,0,0.0,0,1,208.18359375,209.1796875,139
dead,after,0,0.0,0,1,209.1796875,210.17578125,136
dead,after,0,0.0,0,1,210.17578125,211.171875,137
dead,after,0,0.0,0,1,211.171875,212.16796875,131
dead,after,0,0.0,0,1,212.16796875,213.1640625,127
dead,after,0,0.0,0,1,213.1640625,214.16015625,121
dead,after,0,0.0,0,1,214.16015625,215.15625,150
dead,after,0,0.0,0,1,215.15625,216.15234375,127
dead,after,0,0.0,0,1,216.15234375,217.1484375,121
dead,after,0,0.0,0,1,217.1484375,218.14453125,120
dead,after,0,0.0,0,1,218.14453125,219.140625,114
dead,after,0,0.0,0,1,219.140625,220.13671875,99
dead,after,0,0.0,0,1,220.13671875,221.1328125,104
dead,after,0,0.0,0,1,221.1328125,222.12890625,95
dead,after,0,0.0,0,1,222.12890625,223.125,101
dead,after,0,0.0,0,1,223.125,224.12109375,114
dead,after,0,0.0,0,1,224.12109375,225.1171875,105
dead,after,0,0.0,0,1,225.1171875,226.11328125,113
dead,after,0,0.0,0,1,226.11328125,227.109375,105
dead,after,0,0.0,0,1,227.109375,228.10546875,91
dead,after,0,0.0,0,1,228.10546875,229.1015625,107
dead,after,0,0.0,0,1,229.1015625,230.09765625,81
dead,after,0,0.0,0,1,230.09765625,231.09375,86
dead,after,0,0.0,0,1,231.09375,232.08984375,107
dead,after,0,0.0,0,1,232.08984375,233.0859375,103
dead,after,0,0.0,0,1,233.0859375,234.08203125,107
dead,after,0,0.0,0,1,234.08203125,235.078125,92
dead,after,0,0.0,0,1,235.078125,236.07421875,89
dead,after,0,0.0,0,1,236.07421875,237.0703125,94
dead,after,0,0.0,0,1,237.0703125,238.06640625,110
dead,after,0,0.0,0,1,238.06640625,239.0625,106
dead,after,0,0.0,0,1,239.0625,240.05859375,121
dead,after,0,0.0,0,1,240.05859375,241.0546875,106
dead,after,0,0.0,0,1,241.0546875,242.05078125,108
dead,after,0,0.0,0,1,242.05078125,243.046875,136
dead,after,0,0.0,0,1,243.046875,244.04296875,160
dead,after,0,0.0,0,1,244.04296875,245.0390625,457
dead,after,0,0.0,0,1,245.0390625,246.03515625,254
dead,after,0,0.0,0,1,246.03515625,247.03125,0
dead,after,0,0.0,0,1,247.03125,248.02734375,0
dead,after,0,0.0,0,1,248.02734375,249.0234375,0
dead,after,0,0.0,0,1,249.0234375,250.01953125,0
dead,after,0,0.0,0,1,250.01953125,251.015625,0
dead,after,0,0.0,0,1,251.015625,252.01171875,0
dead,after,0,0.0,0,1,252.01171875,253.0078125,0
dead,after,0,0.0,0,1,253.0078125,254.00390625,0
dead,after,0,0.0,0,1,254.00390625,255.0,0
cell,before,0,0.0,0,0,0.0,0.99609375,0
cell,before,0,0.0,0,0,0.99609375,1.9921875,0
cell,before,0,0.0,0,0,1.9921875,2.98828125,0
cell,before,0,0.0,0,0,2.98828125,3.984375,0
cell,before,0,0.0,0,0,3.984375,4.98046875,0
cell,before,0,0.0,0,0,4.98046875,5.9765625,0
cell,before,0,0.0,0,0,5.9765625,6.97265625,0
cell,before,0,0.0,0,0,6.97265625,7.96875,0
cell,before,0,0.0,0,0,7.96875,8.96484375,0
cell,before,0,0.0,0,0,8.96484375,9.9609375,0
cell,before,0,0.0,0,0,9.9609375,10.95703125,0
cell,before,0,0.0,0,0,10.95703125,11.953125,0
cell,before,0,0.0,0,0,11.953125,12.94921875,0
cell,before,0,0.0,0,0,12.94921875,13.9453125,0
cell,before,0,0.0,0,0,13.9453125,14.94140625,0
cell,before,0,0.0,0,0,14.94140625,15.9375,0
cell,before,0,0.0,0,0,15.9375,16.93359375,0
cell,before,0,0.0,0,0,16.93359375,17.9296875,0
cell,before,0,0.0,0,0,17.9296875,18.92578125,0
cell,before,0,0.0,0,0,18.92578125,19.921875,0
cell,before,0,0.0,0,0,19.921875,20.91796875,0
cell,before,0,0.0,0,0,20.91796875,21.9140625,0
cell,before,0,0.0,0,0,21.9140625,22.91015625,0
cell,before,0,0.0,0,0,22.91015625,23.90625,0
cell,before,0,0.0,0,0,23.90625,24.90234375,0
cell,before,0,0.0,0,0,24.90234375,25.8984375,0
cell,before,0,0.0,0,0,25.8984375,26.89453125,0
cell,before,0,0.0,0,0,26.89453125,27.890625,0
cell,before,0,0.0,0,0,27.890625,28.88671875,0
cell,before,0,0.0,0,0,28.88671875,29.8828125,0
cell,before,0,0.0,0,0,29.8828125,30.87890625,0
cell,before,0,0.0,0,0,30.87890625,31.875,0
cell,before,0,0.0,0,0,31.875,32.87109375,0
cell,before,0,0.0,0,0,32.87109375,33.8671875,0
cell,before,0,0.0,0,0,33.8671875,34.86328125,0
cell,before,0,0.0,0,0,34.86328125,35.859375,0
cell,before,0,0.0,0,0,35.859375,36.85546875,0
cell,before,0,0.0,0,0,36.85546875,37.8515625,0
cell,before,0,0.0,0,0,37.8515625,38.84765625,0
cell,before,0,0.0,0,0,38.84765625,39.84375,0
cell,before,0,0.0,0,0,39.84375,40.83984375,0
cell,before,0,0.0,0,0,40.83984375,41.8359375,0
cell,before,0,0.0,0,0,41.8359375,42.83203125,0
cell,before,0,0.0,0,0,42.83203125,43.828125,0
cell,before,0,0.0,0,0,43.828125,44.82421875,0
cell,before,0,0.0,0,0,44.82421875,45.8203125,0
cell,before,0,0.0,0,0,45.8203125,46.81640625,0
cell,before,0,0.0,0,0,46.81640625,47.8125,0
cell,before,0,0.0,0,0,47.8125,48.80859375,0
cell,before,0,0.0,0,0,48.80859375,49.8046875,0
cell,before,0,0.0,0,0,49.8046875,50.80078125,0
cell,before,0,0.0,0,0,50.80078125,51.796875,0
cell,before,0,0.0,0,0,51.796875,52.79296875,0
cell,before,0,0.0,0,0,52.79296875,53.7890625,0
cell,before,0,0.0,0,0,53.7890625,54.78515625,0
cell,before,0,0.0,0,0,54.78515625,55.78125,0
cell,before,0,0.0,0,0,55.78125,56.77734375,0
cell,before,0,0.0,0,0,56.77734375,57.7734375,0
cell,before,0,0.0,0,0,57.7734375,58.76953125,0
cell,before,0,0.0,0,0,58.76953125,59.765625,0
cell,before,0,0.0,0,0,59.765625,60.76171875,0
cell,before,0,0.0,0,0,60.76171875,61.7578125,0
cell,before,0,0.0,0,0,61.7578125,62.75390625,0
cell,before,0,0.0,0,0,62.75390625,63.75,0
cell,before,0,0.0,0,0,63.75,64.74609375,0
cell,before,0,0.0,0,0,64.74609375,65.7421875,0
cell,before,0,0.0,0,0,65.7421875,66.73828125,0
cell,before,0,0.0,0,0,66.73828125,67.734375,0
cell,before,0,0.0,0,0,67.734375,68.73046875,0
cell,before,0,0.0,0,0,68.73046875,69.7265625,0
cell,before,0,0.0,0,0,69.7265625,70.72265625,0
cell,before,0,0.0,0,0,70.72265625,71.71875,0
cell,before,0,0.0,0,0,71.71875,72.71484375,0
cell,before,0,0.0,0,0,72.71484375,73.7109375,0
cell,before,0,0.0,0,0,73.7109375,74.70703125,0
cell,before,0,0.0,0,0,74.70703125,75.703125,0
cell,before,0,0.0,0,0,75.703125,76.69921875,0
cell,before,0,0.0,0,0,76.69921875,77.6953125,0
cell,before,0,0.0,0,0,77.6953125,78.69140625,0
cell,before,0,0.0,0,0,78.69140625,79.6875,0
cell,before,0,0.0,0,0,79.6875,80.68359375,0
cell,before,0,0.0,0,0,80.68359375,81.6796875,0
cell,before,0,0.0,0,0,81.6796875,82.67578125,0
cell,before,0,0.0,0,0,82.67578125,83.671875,0
cell,before,0,0.0,0,0,83.671875,84.66796875,0
cell,before,0,0.0,0,0,84.66796875,85.6640625,0
cell,before,0,0.0,0,0,85.6640625,86.66015625,0
cell,before,0,0.0,0,0,86.66015625,87.65625,0
cell,before,0,0.0,0,0,87.65625,88.65234375,0
cell,before,0,0.0,0,0,88.65234375,89.6484375,0
cell,before,0,0.0,0,0,89.6484375,90.64453125,0
cell,before,0,0.0,0,0,90.64453125,91.640625,0
cell,before,0,0.0,0,0,91.640625,92.63671875,0
cell,before,0,0.0,0,0,92.63671875,93.6328125,0
cell,before,0,0.0,0,0,93.6328125,94.62890625,0
cell,before,0,0.0,0,0,94.62890625,95.625,0
cell,before,0,0.0,0,0,95.625,96.62109375,0
cell,before,0,0.0,0,0,96.62109375,97.6171875,0
cell,before,0,0.0,0,0,97.6171875,98.61328125,0
cell,before,0,0.0,0,0,98.61328125,99.609375,0
cell,before,0,0.0,0,0,99.609375,100.60546875,0
cell,before,0,0.0,0,0,100.60546875,101.6015625,0
cell,before,0,0.0,0,0,101.6015625,102.59765625,0
cell,before,0,0.0,0,0,102.59765625,103.59375,0
cell,before,0,0.0,0,0,103.59375,104.58984375,0
cell,before,0,0.0,0,0,104.58984375,105.5859375,0
cell,before,0,0.0,0,0,105.5859375,106.58203125,0
cell,before,0,0.0,0,0,106.58203125,107.578125,0
cell,before,0,0.0,0,0,107.578125,108.57421875,0
cell,before,0,0.0,0,0,108.57421875,109.5703125,0
cell,before,0,0.0,0,0,109.5703125,110.56640625,0
cell,before,0,0.0,0,0,110.56640625,111.5625,0
cell,before,0,0.0,0,0,111.5625,112.55859375,0
cell,before,0,0.0,0,0,112.55859375,113.5546875,0
cell,before,0,0.0,0,0,113.5546875,114.55078125,0
cell,before,0,0.0,0,0,114.55078125,115.546875,0
cell,before,0,0.0,0,0,115.546875,116.54296875,0
cell,before,0,0.0,0,0,116.54296875,117.5390625,0
cell,before,0,0.0,0,0,117.5390625,118.53515625,0
cell,before,0,0.0,0,0,118.53515625,119.53125,0
cell,before,0,0.0,0,0,119.53125,120.52734375,0
cell,before,0,0.0,0,0,120.52734375,121.5234375,0
cell,before,0,0.0,0,0,121.5234375,122.51953125,0
cell,before,0,0.0,0,0,122.51953125,123.515625,0
cell,before,0,0.0,0,0,123.515625,124.51171875,0
cell,before,0,0.0,0,0,124.51171875,125.5078125,0
cell,before,0,0.0,0,0,125.5078125,126.50390625,0
cell,before,0,0.0,0,0,126.50390625,127.5,0
cell,before,0,0.0,0,0,127.5,128.49609375,0
cell,before,0,0.0,0,0,128.49609375,129.4921875,0
cell,before,0,0.0,0,0,129.4921875,130.48828125,0
cell,before,0,0.0,0,0,130.48828125,131.484375,0
cell,before,0,0.0,0,0,131.484375,132.48046875,0
cell,before,0,0.0,0,0,132.48046875,133.4765625,0
cell,before,0,0.0,0,0,133.4765625,134.47265625,0
cell,before,0,0.0,0,0,134.47265625,135.46875,0
cell,before,0,0.0,0,0,135.46875,136.46484375,0
cell,before,0,0.0,0,0,136.46484375,137.4609375,0
cell,before,0,0.0,0,0,137.4609375,138.45703125,0
cell,before,0,0.0,0,0,138.45703125,139.453125,0
cell,before,0,0.0,0,0,139.453125,140.44921875,0
cell,before,0,0.0,0,0,140.44921875,141.4453125,0
cell,before,0,0.0,0,0,141.4453125,142.44140625,0
cell,before,0,0.0,0,0,142.44140625,143.4375,0
cell,before,0,0.0,0,0,143.4375,144.43359375,0
cell,before,0,0.0,0,0,144.43359375,145.4296875,0
cell,before,0,0.0,0,0,145.4296875,146.42578125,0
cell,before,0,0.0,0,0,146.42578125,147.421875,0
cell,before,0,0.0,0,0,147.421875,148.41796875,0
cell,before,0,0.0,0,0,148.41796875,149.4140625,0
cell,before,0,0.0,0,0,149.4140625,150.41015625,0
cell,before,0,0.0,0,0,150.41015625,151.40625,0
cell,before,0,0.0,0,0,151.40625,152.40234375,0
cell,before,0,0.0,0,0,152.40234375,153.3984375,0
cell,before,0,0.0,0,0,153.3984375,154.39453125,0
cell,before,0,0.0,0,0,154.39453125,155.390625,0
cell,before,0,0.0,0,0,155.390625,156.38671875,0
cell,before,0,0.0,0,0,156.38671875,157.3828125,0
cell,before,0,0.0,0,0,157.3828125,158.37890625,0
cell,before,0,0.0,0,0,158.37890625,159.375,0
cell,before,0,0.0,0,0,159.375,160.37109375,0
cell,before,0,0.0,0,0,160.37109375,161.3671875,0
cell,before,0,0.0,0,0,161.3671875,162.36328125,0
cell,before,0,0.0,0,0,162.36328125,163.359375,0
cell,before,0,0.0,0,0,163.359375,164.35546875,0
cell,before,0,0.0,0,0,164.35546875,165.3515625,0
cell,before,0,0.0,0,0,165.3515625,166.34765625,0
cell,before,0,0.0,0,0,166.34765625,167.34375,0
cell,before,0,0.0,0,0,167.34375,168.33984375,0
cell,before,0,0.0,0,0,168.33984375,169.3359375,0
cell,before,0,0.0,0,0,169.3359375,170.33203125,0
cell,before,0,0.0,0,0,170.33203125,171.328125,0
cell,before,0,0.0,0,0,171.328125,172.32421875,0
cell,before,0,0.0,0,0,172.32421875,173.3203125,0
cell,before,0,0.0,0,0,173.3203125,174.31640625,0
cell,before,0,0.0,0,0,174.31640625,175.3125,0
cell,before,0,0.0,0,0,175.3125,176.30859375,0
cell,before,0,0.0,0,0,176.30859375,177.3046875,0
cell,before,0,0.0,0,0,177.3046875,178.30078125,0
cell,before,0,0.0,0,0,178.30078125,179.296875,0
cell,before,0,0.0,0,0,179.296875,180.29296875,0
cell,before,0,0.0,0,0,180.29296875,181.2890625,0
cell,before,0,0.0,0,0,181.2890625,182.28515625,0
cell,before,0,0.0,0,0,182.28515625,183.28125,0
cell,before,0,0.0,0,0,183.28125,184.27734375,0
cell,before,0,0.0,0,0,184.27734375,185.2734375,0
cell,before,0,0.0,0,0,185.2734375,186.26953125,0
cell,before,0,0.0,0,0,186.26953125,187.265625,0
cell,before,0,0.0,0,0,187.265625,188.26171875,0
cell,before,0,0.0,0,0,188.26171875,189.2578125,0
cell,before,0,0.0,0,0,189.2578125,190.25390625,0
cell,before,0,0.0,0,0,190.25390625,191.25,0
cell,before,0,0.0,0,0,191.25,192.24609375,0
cell,before,0,0.0,0,0,192.24609375,193.2421875,0
cell,before,0,0.0,0,0,193.2421875,194.23828125,0
cell,before,0,0.0,0,0,194.23828125,195.234375,0
cell,before,0,0.0,0,0,195.234375,196.23046875,0
cell,before,0,0.0,0,0,196.23046875,197.2265625,0
cell,before,0,0.0,0,0,197.2265625,198.22265625,0
cell,before,0,0.0,0,0,198.22265625,199.21875,0
cell,before,0,0.0,0,0,199.21875,200.21484375,0
cell,before,0,0.0,0,0,200.21484375,201.2109375,0
cell,before,0,0.0,0,0,201.2109375,202.20703125,0
cell,before,0,0.0,0,0,202.20703125,203.203125,0
cell,before,0,0.0,0,0,203.203125,204.19921875,0
cell,before,0,0.0,0,0,204.19921875,205.1953125,0
cell,before,0,0.0,0,0,205.1953125,206.19140625,0
cell,before,0,0.0,0,0,206.19140625,207.1875,0
cell,before,0,0.0,0,0,207.1875,208.18359375,0
cell,before,0,0.0,0,0,208.18359375,209.1796875,0
cell,before,0,0.0,0,0,209.1796875,210.17578125,0
cell,before,0,0.0,0,0,210.17578125,211.171875,0
cell,before,0,0.0,0,0,211.171875,212.16796875,0
cell,before,0,0.0,0,0,212.16796875,213.1640625,0
cell,before,0,0.0,0,0,213.1640625,214.16015625,0
cell,before,0,0.0,0,0,214.16015625,215.15625,0
cell,before,0,0.0,0,0,215.15625,216.15234375,0
cell,before,0,0.0,0,0,216.15234375,217.1484375,0
cell,before,0,0.0,0,0,217.1484375,218.14453125,0
cell,before,0,0.0,0,0,218.14453125,219.140625,0
cell,before,0,0.0,0,0,219.140625,220.13671875,0
cell,before,0,0.0,0,0,220.13671875,221.1328125,0
cell,before,0,0.0,0,0,221.1328125,222.12890625,0
cell,before,0,0.0,0,0,222.12890625,223.125,0
cell,before,0,0.0,0,0,223.125,224.12109375,0
cell,before,0,0.0,0,0,224.12109375,225.1171875,0
cell,before,0,0.0,0,0,225.1171875,226.11328125,0
cell,before,0,0.0,0,0,226.11328125,227.109375,0
cell,before,0,0.0,0,0,227.109375,228.10546875,0
cell,before,0,0.0,0,0,228.10546875,229.1015625,0
cell,before,0,0.0,0,0,229.1015625,230.09765625,0
cell,before,0,0.0,0,0,230.09765625,231.09375,0
cell,before,0,0.0,0,0,231.09375,232.08984375,0
cell,before,0,0.0,0,0,232.08984375,233.0859375,0
cell,before,0,0.0,0,0,233.0859375,234.08203125,0
cell,before,0,0.0,0,0,234.08203125,235.078125,0
cell,before,0,0.0,0,0,235.078125,236.07421875,0
cell,before,0,0.0,0,0,236.07421875,237.0703125,0
cell,before,0,0.0,0,0,237.0703125,238.06640625,0
cell,before,0,0.0,0,0,238.06640625,239.0625,0
cell,before,0,0.0,0,0,239.0625,240.05859375,0
cell,before,0,0.0,0,0,240.05859375,241.0546875,0
cell,before,0,0.0,0,0,241.0546875,242.05078125,0
cell,before,0,0.0,0,0,242.05078125,243.046875,0
cell,before,0,0.0,0,0,243.046875,244.04296875,0
cell,before,0,0.0,0,0,244.04296875,245.0390625,0
cell,before,0,0.0,0,0,245.0390625,246.03515625,0
cell,before,0,0.0,0,0,246.03515625,247.03125,0
cell,before,0,0.0,0,0,247.03125,248.02734375,0
cell,before,0,0.0,0,0,248.02734375,249.0234375,0
cell,before,0,0.0,0,0,249.0234375,250.01953125,0
cell,before,0,0.0,0,0,250.01953125,251.015625,0
cell,before,0,0.0,0,0,251.015625,252.01171875,0
cell,before,0,0.0,0,0,252.01171875,253.0078125,0
cell,before,0,0.0,0,0,253.0078125,254.00390625,0
cell,before,0,0.0,0,0,254.00390625,255.0,0
cell,after,0,0.0,0,0,0.0,0.99609375,0
cell,after,0,0.0,0,0,0.99609375,1.9921875,0
cell,after,0,0.0,0,0,1.9921875,2.98828125,0
cell,after,0,0.0,0,0,2.98828125,3.984375,0
cell,after,0,0.0,0,0,3.984375,4.98046875,0
cell,after,0,0.0,0,0,4.98046875,5.9765625,0
cell,after,0,0.0,0,0,5.9765625,6.97265625,0
cell,after,0,0.0,0,0,6.97265625,7.96875,0
cell,after,0,0.0,0,0,7.96875,8.96484375,0
cell,after,0,0.0,0,0,8.96484375,9.9609375,0
cell,after,0,0.0,0,0,9.9609375,10.95703125,0
cell,after,0,0.0,0,0,10.95703125,11.953125,0
cell,after,0,0.0,0,0,11.953125,12.94921875,0
cell,after,0,0.0,0,0,12.94921875,13.9453125,0
cell,after,0,0.0,0,0,13.9453125,14.94140625,0
cell,after,0,0.0,0,0,14.94140625,15.9375,0
cell,after,0,0.0,0,0,15.9375,16.93359375,0
cell,after,0,0.0,0,0,16.93359375,17.9296875,0
cell,after,0,0.0,0,0,17.9296875,18.92578125,0
cell,after,0,0.0,0,0,18.92578125,19.921875,0
cell,after,0,0.0,0,0,19.921875,20.91796875,0
cell,after,0,0.0,0,0,20.91796875,21.9140625,0
cell,after,0,0.0,0,0,21.9140625,22.91015625,0
cell,after,0,0.0,0,0,22.91015625,23.90625,0
cell,after,0,0.0,0,0,23.90625,24.90234375,0
cell,after,0,0.0,0,0,24.90234375,25.8984375,0
cell,after,0,0.0,0,0,25.8984375,26.89453125,0
cell,after,0,0.0,0,0,26.89453125,27.890625,0
cell,after,0,0.0,0,0,27.890625,28.88671875,0
cell,after,0,0.0,0,0,28.88671875,29.8828125,0
cell,after,0,0.0,0,0,29.8828125,30.87890625,0
cell,after,0,0.0,0,0,30.87890625,31.875,0
cell,after,0,0.0,0,0,31.875,32.87109375,0
cell,after,0,0.0,0,0,32.87109375,33.8671875,0
cell,after,0,0.0,0,0,33.8671875,34.86328125,0
cell,after,0,0.0,0,0,34.86328125,35.859375,0
cell,after,0,0.0,0,0,35.859375,36.85546875,0
cell,after,0,0.0,0,0,36.85546875,37.8515625,0
cell,after,0,0.0,0,0,37.8515625,38.84765625,0
cell,after,0,0.0,0,0,38.84765625,39.84375,0
cell,after,0,0.0,0,0,39.84375,40.83984375,0
cell,after,0,0.0,0,0,40.83984375,41.8359375,0
cell,after,0,0.0,0,0,41.8359375,42.83203125,0
cell,after,0,0.0,0,0,42.83203125,43.828125,0
cell,after,0,0.0,0,0,43.828125,44.82421875,0
cell,after,0,0.0,0,0,44.82421875,45.8203125,0
cell,after,0,0.0,0,0,45.8203125,46.81640625,0
cell,after,0,0.0,0,0,46.81640625,47.8125,0
cell,after,0,0.0,0,0,47.8125,48.80859375,0
cell,after,0,0.0,0,0,48.80859375,49.8046875,0
cell,after,0,0.0,0,0,49.8046875,50.80078125,0
cell,after,0,0.0,0,0,50.80078125,51.796875,0
cell,after,0,0.0,0,0,51.796875,52.79296875,0
cell,after,0,0.0,0,0,52.79296875,53.7890625,0
cell,after,0,0.0,0,0,53.7890625,54.78515625,0
cell,after,0,0.0,0,0,54.78515625,55.78125,0
cell,after,0,0.0,0,0,55.78125,56.77734375,0
cell,after,0,0.0,0,0,56.77734375,57.7734375,0
cell,after,0,0.0,0,0,57.7734375,58.76953125,0
cell,after,0,0.0,0,0,58.76953125,59.765625,0
cell,after,0,0.0,0,0,59.765625,60.76171875,0
cell,after,0,0.0,0,0,60.76171875,61.7578125,0
cell,after,0,0.0,0,0,61.7578125,62.75390625,0
cell,after,0,0.0,0,0,62.75390625,63.75,0
cell,after,0,0.0,0,0,63.75,64.74609375,0
cell,after,0,0.0,0,0,64.74609375,65.7421875,0
cell,after,0,0.0,0,0,65.7421875,66.73828125,0
cell,after,0,0.0,0,0,66.73828125,67.734375,0
cell,after,0,0.0,0,0,67.734375,68.73046875,0
cell,after,0,0.0,0,0,68.73046875,69.7265625,0
cell,after,0,0.0,0,0,69.7265625,70.72265625,0
cell,after,0,0.0,0,0,70.72265625,71.71875,0
cell,after,0,0.0,0,0,71.71875,72.71484375,0
cell,after,0,0.0,0,0,72.71484375,73.7109375,0
cell,after,0,0.0,0,0,73.7109375,74.70703125,0
cell,after,0,0.0,0,0,74.70703125,75.703125,0
cell,after,0,0.0,0,0,75.703125,76.69921875,0
cell,after,0,0.0,0,0,76.69921875,77.6953125,0
cell,after,0,0.0,0,0,77.6953125,78.69140625,0
cell,after,0,0.0,0,0,78.69140625,79.6875,0
cell,after,0,0.0,0,0,79.6875,80.68359375,0
cell,after,0,0.0,0,0,80.68359375,81.6796875,0
cell,after,0,0.0,0,0,81.6796875,82.67578125,0
cell,after,0,0.0,0,0,82.67578125,83.671875,0
cell,after,0,0.0,0,0,83.671875,84.66796875,0
cell,after,0,0.0,0,0,84.66796875,85.6640625,0
cell,after,0,0.0,0,0,85.6640625,86.66015625,0
cell,after,0,0.0,0,0,86.66015625,87.65625,0
cell,after,0,0.0,0,0,87.65625,88.65234375,0
cell,after,0,0.0,0,0,88.65234375,89.6484375,0
cell,after,0,0.0,0,0,89.6484375,90.64453125,0
cell,after,0,0.0,0,0,90.64453125,91.640625,0
cell,after,0,0.0,0,0,91.640625,92.63671875,0
cell,after,0,0.0,0,0,92.63671875,93.6328125,0
cell,after,0,0.0,0,0,93.6328125,94.62890625,0
cell,after,0,0.0,0,0,94.62890625,95.625,0
cell,after,0,0.0,0,0,95.625,96.62109375,0
cell,after,0,0.0,0,0,96.62109375,97.6171875,0
cell,after,0,0.0,0,0,97.6171875,98.61328125,0
cell,after,0,0.0,0,0,98.61328125,99.609375,0
cell,after,0,0.0,0,0,99.609375,100.60546875,0
cell,after,0,0.0,0,0,100.60546875,101.6015625,0
cell,after,0,0.0,0,0,101.6015625,102.59765625,0
cell,after,0,0.0,0,0,102.59765625,103.59375,0
cell,after,0,0.0,0,0,103.59375,104.58984375,0
cell,after,0,0.0,0,0,104.58984375,105.5859375,0
cell,after,0,0.0,0,0,105.5859375,106.58203125,0
cell,after,0,0.0,0,0,106.58203125,107.578125,0
cell,after,0,0.0,0,0,107.578125,108.57421875,0
cell,after,0,0.0,0,0,108.57421875,109.5703125,0
cell,after,0,0.0,0,0,109.5703125,110.56640625,0
cell,after,0,0.0,0,0,110.56640625,111.5625,0
cell,after,0,0.0,0,0,111.5625,112.55859375,0
cell,after,0,0.0,0,0,112.55859375,113.5546875,0
cell,after,0,0.0,0,0,113.5546875,114.55078125,0
cell,after,0,0.0,0,0,114.55078125,115.546875,0
cell,after,0,0.0,0,0,115.546875,116.54296875,0
cell,after,0,0.0,0,0,116.54296875,117.5390625,0
cell,after,0,0.0,0,0,117.5390625,118.53515625,0
cell,after,0,0.0,0,0,118.53515625,119.53125,0
cell,after,0,0.0,0,0,119.53125,120.52734375,0
cell,after,0,0.0,0,0,120.52734375,121.5234375,0
cell,after,0,0.0,0,0,121.5234375,122.51953125,0
cell,after,0,0.0,0,0,122.51953125,123.515625,0
cell,after,0,0.0,0,0,123.515625,124.51171875,0
cell,after,0,0.0,0,0,124.51171875,125.5078125,0
cell,after,0,0.0,0,0,125.5078125,126.50390625,0
cell,after,0,0.0,0,0,126.50390625,127.5,0
cell,after,0,0.0,0,0,127.5,128.49609375,0
cell,after,0,0.0,0,0,128.49609375,129.4921875,0
cell,after,0,0.0,0,0,129.4921875,130.48828125,0
cell,after,0,0.0,0,0,130.48828125,131.484375,0
cell,after,0,0.0,0,0,131.484375,132.48046875,0
cell,after,0,0.0,0,0,132.48046875,133.4765625,0
cell,after,0,0.0,0,0,133.4765625,134.47265625,0
cell,after,0,0.0,0,0,134.47265625,135.46875,0
cell,after,0,0.0,0,0,135.46875,136.46484375,0
cell,after,0,0.0,0,0,136.46484375,137.4609375,0
cell,after,0,0.0,0,0,137.4609375,138.45703125,0
cell,after,0,0.0,0,0,138.45703125,139.453125,0
cell,after,0,0.0,0,0,139.453125,140.44921875,0
cell,after,0,0.0,0,0,140.44921875,141.4453125,0
cell,after,0,0.0,0,0,141.4453125,142.44140625,0
cell,after,0,0.0,0,0,142.44140625,143.4375,0
cell,after,0,0.0,0,0,143.4375,144.43359375,0
cell,after,0,0.0,0,0,144.43359375,145.4296875,0
cell,after,0,0.0,0,0,145.4296875,146.42578125,0
cell,after,0,0.0,0,0,146.42578125,147.421875,0
cell,after,0,0.0,0,0,147.421875,148.41796875,0
cell,after,0,0.0,0,0,148.41796875,149.4140625,0
cell,after,0,0.0,0,0,149.4140625,150.41015625,0
cell,after,0,0.0,0,0,150.41015625,151.40625,0
cell,after,0,0.0,0,0,151.40625,152.40234375,0
cell,after,0,0.0,0,0,152.40234375,153.3984375,0
cell,after,0,0.0,0,0,153.3984375,154.39453125,0
cell,after,0,0.0,0,0,154.39453125,155.390625,0
cell,after,0,0.0,0,0,155.390625,156.38671875,0
cell,after,0,0.0,0,0,156.38671875,157.3828125,0
cell,after,0,0.0,0,0,157.3828125,158.37890625,0
cell,after,0,0.0,0,0,158.37890625,159.375,0
cell,after,0,0.0,0,0,159.375,160.37109375,0
cell,after,0,0.0,0,0,160.37109375,161.3671875,0
cell,after,0,0.0,0,0,161.3671875,162.36328125,0
cell,after,0,0.0,0,0,162.36328125,163.359375,0
cell,after,0,0.0,0,0,163.359375,164.35546875,0
cell,after,0,0.0,0,0,164.35546875,165.3515625,0
cell,after,0,0.0,0,0,165.3515625,166.34765625,0
cell,after,0,0.0,0,0,166.34765625,167.34375,0
cell,after,0,0.0,0,0,167.34375,168.33984375,0
cell,after,0,0.0,0,0,168.33984375,169.3359375,0
cell,after,0,0.0,0,0,169.3359375,170.33203125,0
cell,after,0,0.0,0,0,170.33203125,171.328125,0
cell,after,0,0.0,0,0,171.328125,172.32421875,0
cell,after,0,0.0,0,0,172.32421875,173.3203125,0
cell,after,0,0.0,0,0,173.3203125,174.31640625,0
cell,after,0,0.0,0,0,174.31640625,175.3125,0
cell,after,0,0.0,0,0,175.3125,176.30859375,0
cell,after,0,0.0,0,0,176.30859375,177.3046875,0
cell,after,0,0.0,0,0,177.3046875,178.30078125,0
cell,after,0,0.0,0,0,178.30078125,179.296875,0
cell,after,0,0.0,0,0,179.296875,180.29296875,0
cell,after,0,0.0,0,0,180.29296875,181.2890625,0
cell,after,0,0.0,0,0,181.2890625,182.28515625,0
cell,after,0,0.0,0,0,182.28515625,183.28125,0
cell,after,0,0.0,0,0,183.28125,184.27734375,0
cell,after,0,0.0,0,0,184.27734375,185.2734375,0
cell,after,0,0.0,0,0,185.2734375,186.26953125,0
cell,after,0,0.0,0,0,186.26953125,187.265625,0
cell,after,0,0.0,0,0,187.265625,188.26171875,0
cell,after,0,0.0,0,0,188.26171875,189.2578125,0
cell,after,0,0.0,0,0,189.2578125,190.25390625,0
cell,after,0,0.0,0,0,190.25390625,191.25,0
cell,after,0,0.0,0,0,191.25,192.24609375,0
cell,after,0,0.0,0,0,192.24609375,193.2421875,0
cell,after,0,0.0,0,0,193.2421875,194.23828125,0
cell,after,0,0.0,0,0,194.23828125,195.234375,0
cell,after,0,0.0,0,0,195.234375,196.23046875,0
cell,after,0,0.0,0,0,196.23046875,197.2265625,0
cell,after,0,0.0,0,0,197.2265625,198.22265625,0
cell,after,0,0.0,0,0,198.22265625,199.21875,0
cell,after,0,0.0,0,0,199.21875,200.21484375,0
cell,after,0,0.0,0,0,200.21484375,201.2109375,0
cell,after,0,0.0,0,0,201.2109375,202.20703125,0
cell,after,0,0.0,0,0,202.20703125,203.203125,0
cell,after,0,0.0,0,0,203.203125,204.19921875,0
cell,after,0,0.0,0,0,204.19921875,205.1953125,0
cell,after,0,0.0,0,0,205.1953125,206.19140625,0
cell,after,0,0.0,0,0,206.19140625,207.1875,0
cell,after,0,0.0,0,0,207.1875,208.18359375,0
cell,after,0,0.0,0,0,208.18359375,209.1796875,0
cell,after,0,0.0,0,0,209.1796875,210.17578125,0
cell,after,0,0.0,0,0,210.17578125,211.171875,0
cell,after,0,0.0,0,0,211.171875,212.16796875,0
cell,after,0,0.0,0,0,212.16796875,213.1640625,0
cell,after,0,0.0,0,0,213.1640625,214.16015625,0
cell,after,0,0.0,0,0,214.16015625,215.15625,0
cell,after,0,0.0,0,0,215.15625,216.15234375,0
cell,after,0,0.0,0,0,216.15234375,217.1484375,0
cell,after,0,0.0,0,0,217.1484375,218.14453125,0
cell,after,0,0.0,0,0,218.14453125,219.140625,0
cell,after,0,0.0,0,0,219.140625,220.13671875,0
cell,after,0,0.0,0,0,220.13671875,221.1328125,0
cell,after,0,0.0,0,0,221.1328125,222.12890625,0
cell,after,0,0.0,0,0,222.12890625,223.125,0
cell,after,0,0.0,0,0,223.125,224.12109375,0
cell,after,0,0.0,0,0,224.12109375,225.1171875,0
cell,after,0,0.0,0,0,225.1171875,226.11328125,0
cell,after,0,0.0,0,0,226.11328125,227.109375,0
cell,after,0,0.0,0,0,227.109375,228.10546875,0
cell,after,0,0.0,0,0,228.10546875,229.1015625,0
cell,after,0,0.0,0,0,229.1015625,230.09765625,0
cell,after,0,0.0,0,0,230.09765625,231.09375,0
cell,after,0,0.0,0,0,231.09375,232.08984375,0
cell,after,0,0.0,0,0,232.08984375,233.0859375,0
cell,after,0,0.0,0,0,233.0859375,234.08203125,0
cell,after,0,0.0,0,0,234.08203125,235.078125,0
cell,after,0,0.0,0,0,235.078125,236.07421875,0
cell,after,0,0.0,0,0,236.07421875,237.0703125,0
cell,after,0,0.0,0,0,237.0703125,238.06640625,0
cell,after,0,0.0,0,0,238.06640625,239.0625,0
cell,after,0,0.0,0,0,239.0625,240.05859375,0
cell,after,0,0.0,0,0,240.05859375,241.0546875,0
cell,after,0,0.0,0,0,241.0546875,242.05078125,0
cell,after,0,0.0,0,0,242.05078125,243.046875,0
cell,after,0,0.0,0,0,243.046875,244.04296875,0
cell,after,0,0.0,0,0,244.04296875,245.0390625,0
cell,after,0,0.0,0,0,245.0390625,246.03515625,0
cell,after,0,0.0,0,0,246.03515625,247.03125,0
cell,after,0,0.0,0,0,247.03125,248.02734375,0
cell,after,0,0.0,0,0,248.02734375,249.0234375,0
cell,after,0,0.0,0,0,249.0234375,250.01953125,0
cell,after,0,0.0,0,0,250.01953125,251.015625,0
cell,after,0,0.0,0,0,251.015625,252.01171875,0
cell,after,0,0.0,0,0,252.01171875,253.0078125,0
cell,after,0,0.0,0,0,253.0078125,254.00390625,0
cell,after,0,0.0,0,0,254.00390625,255.0,0
live,before,0,0.0,1,2,0.0,0.99609375,0
live,before,0,0.0,1,2,0.99609375,1.9921875,0
live,before,0,0.0,1,2,1.9921875,2.98828125,0
live,before,0,0.0,1,2,2.98828125,3.984375,0
live,before,0,0.0,1,2,3.984375,4.98046875,0
live,before,0,0.0,1,2,4.98046875,5.9765625,0
live,before,0,0.0,1,2,5.9765625,6.97265625,0
live,before,0,0.0,1,2,6.97265625,7.96875,0
live,before,0,0.0,1,2,7.96875,8.96484375,0
live,before,0,0.0,1,2,8.96484375,9.9609375,0
live,before,0,0.0,1,2,9.9609375,10.95703125,0
live,before,0,0.0,1,2,10.95703125,11.953125,0
live,before,0,0.0,1,2,11.953125,12.94921875,0
live,before,0,0.0,1,2,12.94921875,13.9453125,0
live,before,0,0.0,1,2,13.9453125,14.94140625,0
live,before,0,0.0,1,2,14.94140625,15.9375,0
live,before,0,0.0,1,2,15.9375,16.93359375,0
live,before,0,0.0,1,2,16.93359375,17.9296875,0
live,before,0,0.0,1,2,17.9296875,18.92578125,0
live,before,0,0.0,1,2,18.92578125,19.921875,0
live,before,0,0.0,1,2,19.921875,20.91796875,0
live,before,0,0.0,1,2,20.91796875,21.9140625,0
live,before,0,0.0,1,2,21.9140625,22.91015625,0
live,before,0,0.0,1,2,22.91015625,23.90625,0
live,before,0,0.0,1,2,23.90625,24.90234375,0
live,before,0,0.0,1,2,24.90234375,25.8984375,0
live,before,0,0.0,1,2,25.8984375,26.89453125,0
live,before,0,0.0,1,2,26.89453125,27.890625,0
live,before,0,0.0,1,2,27.890625,28.88671875,0
live,before,0,0.0,1,2,28.88671875,29.8828125,0
live,before,0,0.0,1,2,29.8828125,30.87890625,0
live,before,0,0.0,1,2,30.87890625,31.875,0
live,before,0,0.0,1,2,31.875,32.87109375,0
live,before,0,0.0,1,2,32.87109375,33.8671875,0
live,before,0,0.0,1,2,33.8671875,34.86328125,0
live,before,0,0.0,1,2,34.86328125,35.859375,0
live,before,0,0.0,1,2,35.859375,36.85546875,0
live,before,0,0.0,1,2,36.85546875,37.8515625,0
live,before,0,0.0,1,2,37.8515625,38.84765625,0
live,before,0,0.0,1,2,38.84765625,39.84375,0
live,before,0,0.0,1,2,39.84375,40.83984375,0
live,before,0,0.0,1,2,40.83984375,41.8359375,0
live,before,0,0.0,1,2,41.8359375,42.83203125,0
live,before,0,0.0,1,2,42.83203125,43.828125,0
live,before,0,0.0,1,2,43.828125,44.82421875,0
live,before,0,0.0,1,2,44.82421875,45.8203125,0
live,before,0,0.0,1,2,45.8203125,46.81640625,0
live,before,0,0.0,1,2,46.81640625,47.8125,0
live,before,0,0.0,1,2,47.8125,48.80859375,0
live,before,0,0.0,1,2,48.80859375,49.8046875,0
live,before,0,0.0,1,2,49.8046875,50.80078125,0
live,before,0,0.0,1,2,50.80078125,51.796875,0
live,before,0,0.0,1,2,51.796875,52.79296875,0
live,before,0,0.0,1,2,52.79296875,53.7890625,0
live,before,0,0.0,1,2,53.7890625,54.78515625,0
live,before,0,0.0,1,2,54.78515625,55.78125,0
live,before,0,0.0,1,2,55.78125,56.77734375,0
live,before,0,0.0,1,2,56.77734375,57.7734375,0
live,before,0,0.0,1,2,57.7734375,58.76953125,0
live,before,0,0.0,1,2,58.76953125,59.765625,0
live,before,0,0.0,1,2,59.765625,60.76171875,0
live,before,0,0.0,1,2,60.76171875,61.7578125,0
live,before,0,0.0,1,2,61.7578125,62.75390625,0
live,before,0,0.0,1,2,62.75390625,63.75,0
live,before,0,0.0,1,2,63.75,64.74609375,0
live,before,0,0.0,1,2,64.74609375,65.7421875,0
live,before,0,0.0,1,2,65.7421875,66.73828125,0
live,before,0,0.0,1,2,66.73828125,67.734375,0
live,before,0,0.0,1,2,67.734375,68.73046875,0
live,before,0,0.0,1,2,68.73046875,69.7265625,0
live,before,0,0.0,1,2,69.7265625,70.72265625,0
live,before,0,0.0,1,2,70.72265625,71.71875,0
live,before,0,0.0,1,2,71.71875,72.71484375,0
live,before,0,0.0,1,2,72.71484375,73.7109375,0
live,before,0,0.0,1,2,73.7109375,74.70703125,0
live,before,0,0.0,1,2,74.70703125,75.703125,0
live,before,0,0.0,1,2,75.703125,76.69921875,0
live,before,0,0.0,1,2,76.69921875,77.6953125,0
live,before,0,0.0,1,2,77.6953125,78.69140625,0
live,before,0,0.0,1,2,78.69140625,79.6875,0
live,before,0,0.0,1,2,79.6875,80.68359375,0
live,before,0,0.0,1,2,80.68359375,81.6796875,0
live,before,0,0.0,1,2,81.6796875,82.67578125,0
live,before,0,0.0,1,2,82.67578125,83.671875,0
live,before,0,0.0,1,2,83.671875,84.66796875,0
live,before,0,0.0,1,2,84.66796875,85.6640625,0
live,before,0,0.0,1,2,85.6640625,86.66015625,0
live,before,0,0.0,1,2,86.66015625,87.65625,0
live,before,0,0.0,1,2,87.65625,88.65234375,0
live,before,0,0.0,1,2,88.65234375,89.6484375,0
live,before,0,0.0,1,2,89.6484375,90.64453125,0
live,before,0,0.0,1,2,90.64453125,91.640625,0
live,before,0,0.0,1,2,91.640625,92.63671875,0
live,before,0,0.0,1,2,92.63671875,93.6328125,0
live,before,0,0.0,1,2,93.6328125,94.62890625,0
live,before,0,0.0,1,2,94.62890625,95.625,0
live,before,0,0.0,1,2,95.625,96.62109375,0
live,before,0,0.0,1,2,96.62109375,97.6171875,0
live,before,0,0.0,1,2,97.6171875,98.61328125,0
live,before,0,0.0,1,2,98.61328125,99.609375,0
live,before,0,0.0,1,2,99.609375,100.60546875,0
live,before,0,0.0,1,2,100.60546875,101.6015625,0
live,before,0,0.0,1,2,101.6015625,102.59765625,0
live,before,0,0.0,1,2,102.59765625,103.59375,0
live,before,0,0.0,1,2,103.59375,104.58984375,0
live,before,0,0.0,1,2,104.58984375,105.5859375,0
live,before,0,0.0,1,2,105.5859375,106.58203125,0
live,before,0,0.0,1,2,106.58203125,107.578125,0
live,before,0,0.0,1,2,107.578125,108.57421875,0
live,before,0,0.0,1,2,108.57421875,109.5703125,0
live,before,0,0.0,1,2,109.5703125,110.56640625,0
live,before,0,0.0,1,2,110.56640625,111.5625,0
live,before,0,0.0,1,2,111.5625,112.55859375,0
live,before,0,0.0,1,2,112.55859375,113.5546875,0
live,before,0,0.0,1,2,113.5546875,114.55078125,0
live,before,0,0.0,1,2,114.55078125,115.546875,0
live,before,0,0.0,1,2,115.546875,116.54296875,0
live,before,0,0.0,1,2,116.54296875,117.5390625,0
live,before,0,0.0,1,2,117.5390625,118.53515625,0
live,before,0,0.0,1,2,118.53515625,119.53125,0
live,before,0,0.0,1,2,119.53125,120.52734375,0
live,before,0,0.0,1,2,120.52734375,121.5234375,0
live,before,0,0.0,1,2,121.5234375,122.51953125,0
live,before,0,0.0,1,2,122.51953125,123.515625,0
live,before,0,0.0,1,2,123.515625,124.51171875,0
live,before,0,0.0,1,2,124.51171875,125.5078125,0
live,before,0,0.0,1,2,125.5078125,126.50390625,0
live,before,0,0.0,1,2,126.50390625,127.5,0
live,before,0,0.0,1,2,127.5,128.49609375,0
live,before,0,0.0,1,2,128.49609375,129.4921875,0
live,before,0,0.0,1,2,129.4921875,130.48828125,0
live,before,0,0.0,1,2,130.48828125,131.484375,0
live,before,0,0.0,1,2,131.484375,132.48046875,0
live,before,0,0.0,1,2,132.48046875,133.4765625,0
live,before,0,0.0,1,2,133.4765625,134.47265625,0
live,before,0,0.0,1,2,134.47265625,135.46875,0
live,before,0,0.0,1,2,135.46875,136.46484375,0
live,before,0,0.0,1,2,136.46484375,137.4609375,0
live,before,0,0.0,1,2,137.4609375,138.45703125,0
live,before,0,0.0,1,2,138.45703125,139.453125,0
live,before,0,0.0,1,2,139.453125,140.44921875,0
live,before,0,0.0,1,2,140.44921875,141.4453125,0
live,before,0,0.0,1,2,141.4453125,142.44140625,0
live,before,0,0.0,1,2,142.44140625,143.4375,0
live,before,0,0.0,1,2,143.4375,144.43359375,0
live,before,0,0.0,1,2,144.43359375,145.4296875,0
live,before,0,0.0,1,2,145.4296875,146.42578125,0
live,before,0,0.0,1,2,146.42578125,147.421875,0
live,before,0,0.0,1,2,147.421875,148.41796875,0
live,before,0,0.0,1,2,148.41796875,149.4140625,0
live,before,0,0.0,1,2,149.4140625,150.41015625,0
live,before,0,0.0,1,2,150.41015625,151.40625,0
live,before,0,0.0,1,2,151.40625,152.40234375,0
live,before,0,0.0,1,2,152.40234375,153.3984375,0
live,before,0,0.0,1,2,153.3984375,154.39453125,0
live,before,0,0.0,1,2,154.39453125,155.390625,0
live,before,0,0.0,1,2,155.390625,156.38671875,0
live,before,0,0.0,1,2,156.38671875,157.3828125,0
live,before,0,0.0,1,2,157.3828125,158.37890625,0
live,before,0,0.0,1,2,158.37890625,159.375,0
live,before,0,0.0,1,2,159.375,160.37109375,0
live,before,0,0.0,1,2,160.37109375,161.3671875,0
live,before,0,0.0,1,2,161.3671875,162.36328125,0
live,before,0,0.0,1,2,162.36328125,163.359375,0
live,before,0,0.0,1,2,163.359375,164.35546875,0
live,before,0,0.0,1,2,164.35546875,165.3515625,0
live,before,0,0.0,1,2,165.3515625,166.34765625,0
live,before,0,0.0,1,2,166.34765625,167.34375,0
live,before,0,0.0,1,2,167.34375,168.33984375,0
live,before,0,0.0,1,2,168.33984375,169.3359375,0
live,before,0,0.0,1,2,169.3359375,170.33203125,0
live,before,0,0.0,1,2,170.33203125,171.328125,0
live,before,0,0.0,1,2,171.328125,172.32421875,0
live,before,0,0.0,1,2,172.32421875,173.3203125,0
live,before,0,0.0,1,2,173.3203125,174.31640625,0
live,before,0,0.0,1,2,174.31640625,175.3125,0
live,before,0,0.0,1,2,175.3125,176.30859375,0
live,before,0,0.0,1,2,176.30859375,177.3046875,0
live,before,0,0.0,1,2,177.3046875,178.30078125,0
live,before,0,0.0,1,2,178.30078125,179.296875,0
live,before,0,0.0,1,2,179.296875,180.29296875,0
live,before,0,0.0,1,2,180.29296875,181.2890625,0
live,before,0,0.0,1,2,181.2890625,182.28515625,0
live,before,0,0.0,1,2,182.28515625,183.28125,0
live,before,0,0.0,1,2,183.28125,184.27734375,0
live,before,0,0.0,1,2,184.27734375,185.2734375,0
live,before,0,0.0,1,2,185.2734375,186.26953125,0
live,before,0,0.0,1,2,186.26953125,187.265625,0
live,before,0,0.0,1,2,187.265625,188.26171875,0
live,before,0,0.0,1,2,188.26171875,189.2578125,0
live,before,0,0.0,1,2,189.2578125,190.25390625,0
live,before,0,0.0,1,2,190.25390625,191.25,0
live,before,0,0.0,1,2,191.25,192.24609375,0
live,before,0,0.0,1,2,192.24609375,193.2421875,0
live,before,0,0.0,1,2,193.2421875,194.23828125,0
live,before,0,0.0,1,2,194.23828125,195.234375,0
live,before,0,0.0,1,2,195.234375,196.23046875,0
live,before,0,0.0,1,2,196.23046875,197.2265625,0
live,before,0,0.0,1,2,197.2265625,198.22265625,0
live,before,0,0.0,1,2,198.22265625,199.21875,0
live,before,0,0.0,1,2,199.21875,200.21484375,0
live,before,0,0.0,1,2,200.21484375,201.2109375,0
live,before,0,0.0,1,2,201.2109375,202.20703125,0
live,before,0,0.0,1,2,202.20703125,203.203125,0
live,before,0,0.0,1,2,203.203125,204.19921875,0
live,before,0,0.0,1,2,204.19921875,205.1953125,0
live,before,0,0.0,1,2,205.1953125,206.19140625,0
live,before,0,0.0,1,2,206.19140625,207.1875,0
live,before,0,0.0,1,2,207.1875,208.18359375,0
live,before,0,0.0,1,2,208.18359375,209.1796875,0
live,before,0,0.0,1,2,209.1796875,210.17578125,0
live,before,0,0.0,1,2,210.17578125,211.171875,0
live,before,0,0.0,1,2,211.171875,212.16796875,0
live,before,0,0.0,1,2,212.16796875,213.1640625,0
live,before,0,0.0,1,2,213.1640625,214.16015625,0
live,before,0,0.0,1,2,214.16015625,215.15625,0
live,before,0,0.0,1,2,215.15625,216.15234375,0
live,before,0,0.0,1,2,216.15234375,217.1484375,0
live,before,0,0.0,1,2,217.1484375,218.14453125,0
live,before,0,0.0,1,2,218.14453125,219.140625,0
live,before,0,0.0,1,2,219.140625,220.13671875,0
live,before,0,0.0,1,2,220.13671875,221.1328125,0
live,before,0,0.0,1,2,221.1328125,222.12890625,0
live,before,0,0.0,1,2,222.12890625,223.125,0
live,before,0,0.0,1,2,223.125,224.12109375,0
live,before,0,0.0,1,2,224.12109375,225.1171875,0
live,before,0,0.0,1,2,225.1171875,226.11328125,0
live,before,0,0.0,1,2,226.11328125,227.109375,0
live,before,0,0.0,1,2,227.109375,228.10546875,0
live,before,0,0.0,1,2,228.10546875,229.1015625,0
live,before,0,0.0,1,2,229.1015625,230.09765625,0
live,before,0,0.0,1,2,230.09765625,231.09375,0
live,before,0,0.0,1,2,231.09375,232.08984375,0
live,before,0,0.0,1,2,232.08984375,233.0859375,0
live,before,0,0.0,1,2,233.0859375,234.08203125,0
live,before,0,0.0,1,2,234.08203125,235.078125,0
live,before,0,0.0,1,2,235.078125,236.07421875,0
live,before,0,0.0,1,2,236.07421875,237.0703125,0
live,before,0,0.0,1,2,237.0703125,238.06640625,0
live,before,0,0.0,1,2,238.06640625,239.0625,0
live,before,0,0.0,1,2,239.0625,240.05859375,0
live,before,0,0.0,1,2,240.05859375,241.0546875,0
live,before,0,0.0,1,2,241.0546875,242.05078125,0
live,before,0,0.0,1,2,242.05078125,243.046875,0
live,before,0,0.0,1,2,243.046875,244.04296875,0
live,before,0,0.0,1,2,244.04296875,245.0390625,0
live,before,0,0.0,1,2,245.0390625,246.03515625,0
live,before,0,0.0,1,2,246.03515625,247.03125,0
live,before,0,0.0,1,2,247.03125,248.02734375,0
live,before,0,0.0,1,2,248.02734375,249.0234375,0
live,before,0,0.0,1,2,249.0234375,250.01953125,0
live,before,0,0.0,1,2,250.01953125,251.015625,0
live,before,0,0.0,1,2,251.015625,252.01171875,0
live,before,0,0.0,1,2,252.01171875,253.0078125,0
live,before,0,0.0,1,2,253.0078125,254.00390625,0
live,before,0,0.0,1,2,254.00390625,255.0,0
live,corrected,0,0.0,1,2,754.0,1007.05078125,141325
live,corrected,0,0.0,1,2,1007.05078125,1260.1015625,98178
live,corrected,0,0.0,1,2,1260.1015625,1513.15234375,73621
live,corrected,0,0.0,1,2,1513.15234375,1766.203125,54549
live,corrected,0,0.0,1,2,1766.203125,2019.25390625,40190
live,corrected,0,0.0,1,2,2019.25390625,2272.3046875,30550
live,corrected,0,0.0,1,2,2272.3046875,2525.35546875,23749
live,corrected,0,0.0,1,2,2525.35546875,2778.40625,19234
live,corrected,0,0.0,1,2,2778.40625,3031.45703125,15787
live,corrected,0,0.0,1,2,3031.45703125,3284.5078125,13981
live,corrected,0,0.0,1,2,3284.5078125,3537.55859375,12654
live,corrected,0,0.0,1,2,3537.55859375,3790.609375,11327
live,corrected,0,0.0,1,2,3790.609375,4043.66015625,10628
live,corrected,0,0.0,1,2,4043.66015625,4296.7109375,10066
live,corrected,0,0.0,1,2,4296.7109375,4549.76171875,9122
live,corrected,0,0.0,1,2,4549.76171875,4802.8125,8861
live,corrected,0,0.0,1,2,4802.8125,5055.86328125,8260
live,corrected,0,0.0,1,2,5055.86328125,5308.9140625,7395
live,corrected,0,0.0,1,2,5308.9140625,5561.96484375,6576
live,corrected,0,0.0,1,2,5561.96484375,5815.015625,6099
live,corrected,0,0.0,1,2,5815.015625,6068.06640625,5055
live,corrected,0,0.0,1,2,6068.06640625,6321.1171875,4306
live,corrected,0,0.0,1,2,6321.1171875,6574.16796875,3815
live,corrected,0,0.0,1,2,6574.16796875,6827.21875,3430
live,corrected,0,0.0,1,2,6827.21875,7080.26953125,2876
live,corrected,0,0.0,1,2,7080.26953125,7333.3203125,2692
live,corrected,0,0.0,1,2,7333.3203125,7586.37109375,2471
live,corrected,0,0.0,1,2,7586.37109375,7839.421875,2142
live,corrected,0,0.0,1,2,7839.421875,8092.47265625,1679
live,corrected,0,0.0,1,2,8092.47265625,8345.5234375,1489
live,corrected,0,0.0,1,2,8345.5234375,8598.57421875,1349
live,corrected,0,0.0,1,2,8598.57421875,8851.625,1294
live,corrected,0,0.0,1,2,8851.625,9104.67578125,1235
live,corrected,0,0.0,1,2,9104.67578125,9357.7265625,1041
live,corrected,0,0.0,1,2,9357.7265625,9610.77734375,942
live,corrected,0,0.0,1,2,9610.77734375,9863.828125,837
live,corrected,0,0.0,1,2,9863.828125,10116.87890625,784
live,corrected,0,0.0,1,2,10116.87890625,10369.9296875,655
live,corrected,0,0.0,1,2,10369.9296875,10622.98046875,615
live,corrected,0,0.0,1,2,10622.98046875,10876.03125,548
live,corrected,0,0.0,1,2,10876.03125,11129.08203125,464
live,corrected,0,0.0,1,2,11129.08203125,11382.1328125,371
live,corrected,0,0.0,1,2,11382.1328125,11635.18359375,313
live,corrected,0,0.0,1,2,11635.18359375,11888.234375,251
live,corrected,0,0.0,1,2,11888.234375,12141.28515625,216
live,corrected,0,0.0,1,2,12141.28515625,12394.3359375,268
live,corrected,0,0.0,1,2,12394.3359375,12647.38671875,240
live,corrected,0,0.0,1,2,12647.38671875,12900.4375,261
live,corrected,0,0.0,1,2,12900.4375,13153.48828125,178
live,corrected,0,0.0,1,2,13153.48828125,13406.5390625,95
live,corrected,0,0.0,1,2,13406.5390625,13659.58984375,73
live,corrected,0,0.0,1,2,13659.58984375,13912.640625,49
live,corrected,0,0.0,1,2,13912.640625,14165.69140625,39
live,corrected,0,0.0,1,2,14165.69140625,14418.7421875,50
live,corrected,0,0.0,1,2,14418.7421875,14671.79296875,37
live,corrected,0,0.0,1,2,14671.79296875,14924.84375,35
live,corrected,0,0.0,1,2,14924.84375,15177.89453125,25
live,corrected,0,0.0,1,2,15177.89453125,15430.9453125,42
live,corrected,0,0.0,1,2,15430.9453125,15683.99609375,33
live,corrected,0,0.0,1,2,15683.99609375,15937.046875,30
live,corrected,0,0.0,1,2,15937.046875,16190.09765625,29
live,corrected,0,0.0,1,2,16190.09765625,16443.1484375,33
live,corrected,0,0.0,1,2,16443.1484375,16696.19921875,22
live,corrected,0,0.0,1,2,16696.19921875,16949.25,28
live,corrected,0,0.0,1,2,16949.25,17202.30078125,37
live,corrected,0,0.0,1,2,17202.30078125,17455.3515625,26
live,corrected,0,0.0,1,2,17455.3515625,17708.40234375,21
live,corrected,0,0.0,1,2,17708.40234375,17961.453125,27
live,corrected,0,0.0,1,2,17961.453125,18214.50390625,23
live,corrected,0,0.0,1,2,18214.50390625,18467.5546875,28
live,corrected,0,0.0,1,2,18467.5546875,18720.60546875,17
live,corrected,0,0.0,1,2,18720.60546875,18973.65625,23
live,corrected,0,0.0,1,2,18973.65625,19226.70703125,19
live,corrected,0,0.0,1,2,19226.70703125,19479.7578125,33
live,corrected,0,0.0,1,2,19479.7578125,19732.80859375,17
live,corrected,0,0.0,1,2,19732.80859375,19985.859375,22
live,corrected,0,0.0,1,2,19985.859375,20238.91015625,19
live,corrected,0,0.0,1,2,20238.91015625,20491.9609375,22
live,corrected,0,0.0,1,2,20491.9609375,20745.01171875,20
live,corrected,0,0.0,1,2,20745.01171875,20998.0625,24
live,corrected,0,0.0,1,2,20998.0625,21251.11328125,17
live,corrected,0,0.0,1,2,21251.11328125,21504.1640625,19
live,corrected,0,0.0,1,2,21504.1640625,21757.21484375,16
live,corrected,0,0.0,1,2,21757.21484375,22010.265625,17
live,corrected,0,0.0,1,2,22010.265625,22263.31640625,14
live,corrected,0,0.0,1,2,22263.31640625,22516.3671875,14
live,corrected,0,0.0,1,2,22516.3671875,22769.41796875,20
live,corrected,0,0.0,1,2,22769.41796875,23022.46875,11
live,corrected,0,0.0,1,2,23022.46875,23275.51953125,23
live,corrected,0,0.0,1,2,23275.51953125,23528.5703125,13
live,corrected,0,0.0,1,2,23528.5703125,23781.62109375,15
live,corrected,0,0.0,1,2,23781.62109375,24034.671875,19
live,corrected,0,0.0,1,2,24034.671875,24287.72265625,12
live,corrected,0,0.0,1,2,24287.72265625,24540.7734375,17
live,corrected,0,0.0,1,2,24540.7734375,24793.82421875,19
live,corrected,0,0.0,1,2,24793.82421875,25046.875,18
live,corrected,0,0.0,1,2,25046.875,25299.92578125,13
live,corrected,0,0.0,1,2,25299.92578125,25552.9765625,16
live,corrected,0,0.0,1,2,25552.9765625,25806.02734375,19
live,corrected,0,0.0,1,2,25806.02734375,26059.078125,14
live,corrected,0,0.0,1,2,26059.078125,26312.12890625,17
live,corrected,0,0.0,1,2,26312.12890625,26565.1796875,16
live,corrected,0,0.0,1,2,26565.1796875,26818.23046875,7
live,corrected,0,0.0,1,2,26818.23046875,27071.28125,13
live,corrected,0,0.0,1,2,27071.28125,27324.33203125,21
live,corrected,0,0.0,1,2,27324.33203125,27577.3828125,11
live,corrected,0,0.0,1,2,27577.3828125,27830.43359375,16
live,corrected,0,0.0,1,2,27830.43359375,28083.484375,12
live,corrected,0,0.0,1,2,28083.484375,28336.53515625,12
live,corrected,0,0.0,1,2,28336.53515625,28589.5859375,16
live,corrected,0,0.0,1,2,28589.5859375,28842.63671875,12
live,corrected,0,0.0,1,2,28842.63671875,29095.6875,10
live,corrected,0,0.0,1,2,29095.6875,29348.73828125,12
live,corrected,0,0.0,1,2,29348.73828125,29601.7890625,6
live,corrected,0,0.0,1,2,29601.7890625,29854.83984375,12
live,corrected,0,0.0,1,2,29854.83984375,30107.890625,17
live,corrected,0,0.0,1,2,30107.890625,30360.94140625,10
live,corrected,0,0.0,1,2,30360.94140625,30613.9921875,8
live,corrected,0,0.0,1,2,30613.9921875,30867.04296875,11
live,corrected,0,0.0,1,2,30867.04296875,31120.09375,13
live,corrected,0,0.0,1,2,31120.09375,31373.14453125,15
live,corrected,0,0.0,1,2,31373.14453125,31626.1953125,15
live,corrected,0,0.0,1,2,31626.1953125,31879.24609375,6
live,corrected,0,0.0,1,2,31879.24609375,32132.296875,9
live,corrected,0,0.0,1,2,32132.296875,32385.34765625,6
live,corrected,0,0.0,1,2,32385.34765625,32638.3984375,12
live,corrected,0,0.0,1,2,32638.3984375,32891.44921875,7
live,corrected,0,0.0,1,2,32891.44921875,33144.5,5
live,corrected,0,0.0,1,2,33144.5,33397.55078125,4
live,corrected,0,0.0,1,2,33397.55078125,33650.6015625,10
live,corrected,0,0.0,1,2,33650.6015625,33903.65234375,16
live,corrected,0,0.0,1,2,33903.65234375,34156.703125,6
live,corrected,0,0.0,1,2,34156.703125,34409.75390625,3
live,corrected,0,0.0,1,2,34409.75390625,34662.8046875,5
live,corrected,0,0.0,1,2,34662.8046875,34915.85546875,4
live,corrected,0,0.0,1,2,34915.85546875,35168.90625,5
live,corrected,0,0.0,1,2,35168.90625,35421.95703125,11
live,corrected,0,0.0,1,2,35421.95703125,35675.0078125,8
live,corrected,0,0.0,1,2,35675.0078125,35928.05859375,8
live,corrected,0,0.0,1,2,35928.05859375,36181.109375,8
live,corrected,0,0.0,1,2,36181.109375,36434.16015625,5
live,corrected,0,0.0,1,2,36434.16015625,36687.2109375,4
live,corrected,0,0.0,1,2,36687.2109375,36940.26171875,12
live,corrected,0,0.0,1,2,36940.26171875,37193.3125,8
live,corrected,0,0.0,1,2,37193.3125,37446.36328125,5
live,corrected,0,0.0,1,2,37446.36328125,37699.4140625,10
live,corrected,0,0.0,1,2,37699.4140625,37952.46484375,8
live,corrected,0,0.0,1,2,37952.46484375,38205.515625,9
live,corrected,0,0.0,1,2,38205.515625,38458.56640625,5
live,corrected,0,0.0,1,2,38458.56640625,38711.6171875,13
live,corrected,0,0.0,1,2,38711.6171875,38964.66796875,1
live,corrected,0,0.0,1,2,38964.66796875,39217.71875,7
live,corrected,0,0.0,1,2,39217.71875,39470.76953125,7
live,corrected,0,0.0,1,2,39470.76953125,39723.8203125,7
live,corrected,0,0.0,1,2,39723.8203125,39976.87109375,4
live,corrected,0,0.0,1,2,39976.87109375,40229.921875,5
live,corrected,0,0.0,1,2,40229.921875,40482.97265625,11
live,corrected,0,0.0,1,2,40482.97265625,40736.0234375,5
live,corrected,0,0.0,1,2,40736.0234375,40989.07421875,7
live,corrected,0,0.0,1,2,40989.07421875,41242.125,3
live,corrected,0,0.0,1,2,41242.125,41495.17578125,5
live,corrected,0,0.0,1,2,41495.17578125,41748.2265625,6
live,corrected,0,0.0,1,2,41748.2265625,42001.27734375,7
live,corrected,0,0.0,1,2,42001.27734375,42254.328125,7
live,corrected,0,0.0,1,2,42254.328125,42507.37890625,6
live,corrected,0,0.0,1,2,42507.37890625,42760.4296875,6
live,corrected,0,0.0,1,2,42760.4296875,43013.48046875,8
live,corrected,0,0.0,1,2,43013.48046875,43266.53125,6
live,corrected,0,0.0,1,2,43266.53125,43519.58203125,6
live,corrected,0,0.0,1,2,43519.58203125,43772.6328125,4
live,corrected,0,0.0,1,2,43772.6328125,44025.68359375,5
live,corrected,0,0.0,1,2,44025.68359375,44278.734375,7
live,corrected,0,0.0,1,2,44278.734375,44531.78515625,4
live,corrected,0,0.0,1,2,44531.78515625,44784.8359375,5
live,corrected,0,0.0,1,2,44784.8359375,45037.88671875,5
live,corrected,0,0.0,1,2,45037.88671875,45290.9375,3
live,corrected,0,0.0,1,2,45290.9375,45543.98828125,3
live,corrected,0,0.0,1,2,45543.98828125,45797.0390625,4
live,corrected,0,0.0,1,2,45797.0390625,46050.08984375,2
live,corrected,0,0.0,1,2,46050.08984375,46303.140625,3
live,corrected,0,0.0,1,2,46303.140625,46556.19140625,3
live,corrected,0,0.0,1,2,46556.19140625,46809.2421875,4
live,corrected,0,0.0,1,2,46809.2421875,47062.29296875,1
live,corrected,0,0.0,1,2,47062.29296875,47315.34375,2
live,corrected,0,0.0,1,2,47315.34375,47568.39453125,4
live,corrected,0,0.0,1,2,47568.39453125,47821.4453125,5
live,corrected,0,0.0,1,2,47821.4453125,48074.49609375,3
live,corrected,0,0.0,1,2,48074.49609375,48327.546875,1
live,corrected,0,0.0,1,2,48327.546875,48580.59765625,3
live,corrected,0,0.0,1,2,48580.59765625,48833.6484375,1
live,corrected,0,0.0,1,2,48833.6484375,49086.69921875,1
live,corrected,0,0.0,1,2,49086.69921875,49339.75,3
live,corrected,0,0.0,1,2,49339.75,49592.80078125,4
live,corrected,0,0.0,1,2,49592.80078125,49845.8515625,5
live,corrected,0,0.0,1,2,49845.8515625,50098.90234375,3
live,corrected,0,0.0,1,2,50098.90234375,50351.953125,3
live,corrected,0,0.0,1,2,50351.953125,50605.00390625,1
live,corrected,0,0.0,1,2,50605.00390625,50858.0546875,2
live,corrected,0,0.0,1,2,50858.0546875,51111.10546875,2
live,corrected,0,0.0,1,2,51111.10546875,51364.15625,3
live,corrected,0,0.0,1,2,51364.15625,51617.20703125,2
live,corrected,0,0.0,1,2,51617.20703125,51870.2578125,3
live,corrected,0,0.0,1,2,51870.2578125,52123.30859375,1
live,corrected,0,0.0,1,2,52123.30859375,52376.359375,1
live,corrected,0,0.0,1,2,52376.359375,52629.41015625,2
live,corrected,0,0.0,1,2,52629.41015625,52882.4609375,1
live,corrected,0,0.0,1,2,52882.4609375,53135.51171875,1
live,corrected,0,0.0,1,2,53135.51171875,53388.5625,0
live,corrected,0,0.0,1,2,53388.5625,53641.61328125,0
live,corrected,0,0.0,1,2,53641.61328125,53894.6640625,0
live,corrected,0,0.0,1,2,53894.6640625,54147.71484375,1
live,corrected,0,0.0,1,2,54147.71484375,54400.765625,2
live,corrected,0,0.0,1,2,54400.765625,54653.81640625,5
live,corrected,0,0.0,1,2,54653.81640625,54906.8671875,0
live,corrected,0,0.0,1,2,54906.8671875,55159.91796875,0
live,corrected,0,0.0,1,2,55159.91796875,55412.96875,2
live,corrected,0,0.0,1,2,55412.96875,55666.01953125,0
live,corrected,0,0.0,1,2,55666.01953125,55919.0703125,1
live,corrected,0,0.0,1,2,55919.0703125,56172.12109375,2
live,corrected,0,0.0,1,2,56172.12109375,56425.171875,2
live,corrected,0,0.0,1,2,56425.171875,56678.22265625,3
live,corrected,0,0.0,1,2,56678.22265625,56931.2734375,0
live,corrected,0,0.0,1,2,56931.2734375,57184.32421875,2
live,corrected,0,0.0,1,2,57184.32421875,57437.375,1
live,corrected,0,0.0,1,2,57437.375,57690.42578125,1
live,corrected,0,0.0,1,2,57690.42578125,57943.4765625,0
live,corrected,0,0.0,1,2,57943.4765625,58196.52734375,1
live,corrected,0,0.0,1,2,58196.52734375,58449.578125,0
live,corrected,0,0.0,1,2,58449.578125,58702.62890625,1
live,corrected,0,0.0,1,2,58702.62890625,58955.6796875,3
live,corrected,0,0.0,1,2,58955.6796875,59208.73046875,1
live,corrected,0,0.0,1,2,59208.73046875,59461.78125,3
live,corrected,0,0.0,1,2,59461.78125,59714.83203125,0
live,corrected,0,0.0,1,2,59714.83203125,59967.8828125,1
live,corrected,0,0.0,1,2,59967.8828125,60220.93359375,1
live,corrected,0,0.0,1,2,60220.93359375,60473.984375,0
live,corrected,0,0.0,1,2,60473.984375,60727.03515625,2
live,corrected,0,0.0,1,2,60727.03515625,60980.0859375,1
live,corrected,0,0.0,1,2,60980.0859375,61233.13671875,1
live,corrected,0,0.0,1,2,61233.13671875,61486.1875,1
live,corrected,0,0.0,1,2,61486.1875,61739.23828125,221
live,corrected,0,0.0,1,2,61739.23828125,61992.2890625,0
live,corrected,0,0.0,1,2,61992.2890625,62245.33984375,0
live,corrected,0,0.0,1,2,62245.33984375,62498.390625,0
live,corrected,0,0.0,1,2,62498.390625,62751.44140625,0
live,corrected,0,0.0,1,2,62751.44140625,63004.4921875,0
live,corrected,0,0.0,1,2,63004.4921875,63257.54296875,0
live,corrected,0,0.0,1,2,63257.54296875,63510.59375,0
live,corrected,0,0.0,1,2,63510.59375,63763.64453125,0
live,corrected,0,0.0,1,2,63763.64453125,64016.6953125,0
live,corrected,0,0.0,1,2,64016.6953125,64269.74609375,0
live,corrected,0,0.0,1,2,64269.74609375,64522.796875,0
live,corrected,0,0.0,1,2,64522.796875,64775.84765625,0
live,corrected,0,0.0,1,2,64775.84765625,65028.8984375,0
live,corrected,0,0.0,1,2,65028.8984375,65281.94921875,0
live,corrected,0,0.0,1,2,65281.94921875,65535.0,0
live,after,0,0.0,1,2,0.0,0.99609375,0
live,after,0,0.0,1,2,0.99609375,1.9921875,0
live,after,0,0.0,1,2,1.9921875,2.98828125,0
live,after,0,0.0,1,2,2.98828125,3.984375,0
live,after,0,0.0,1,2,3.984375,4.98046875,0
live,after,0,0.0,1,2,4.98046875,5.9765625,0
live,after,0,0.0,1,2,5.9765625,6.97265625,0
live,after,0,0.0,1,2,6.97265625,7.96875,0
live,after,0,0.0,1,2,7.96875,8.96484375,0
live,after,0,0.0,1,2,8.96484375,9.9609375,0
live,after,0,0.0,1,2,9.9609375,10.95703125,12131
live,after,0,0.0,1,2,10.95703125,11.953125,11133
live,after,0,0.0,1,2,11.953125,12.94921875,10487
live,after,0,0.0,1,2,12.94921875,13.9453125,9633
live,after,0,0.0,1,2,13.9453125,14.94140625,8991
live,after,0,0.0,1,2,14.94140625,15.9375,8673
live,after,0,0.0,1,2,15.9375,16.93359375,7865
live,after,0,0.0,1,2,16.93359375,17.9296875,6817
live,after,0,0.0,1,2,17.9296875,18.92578125,6201
live,after,0,0.0,1,2,18.92578125,19.921875,5519
live,after,0,0.0,1,2,19.921875,20.91796875,4385
live,after,0,0.0,1,2,20.91796875,21.9140625,3836
live,after,0,0.0,1,2,21.9140625,22.91015625,3536
live,after,0,0.0,1,2,22.91015625,23.90625,3040
live,after,0,0.0,1,2,23.90625,24.90234375,2648
live,after,0,0.0,1,2,24.90234375,25.8984375,2619
live,after,0,0.0,1,2,25.8984375,26.89453125,2213
live,after,0,0.0,1,2,26.89453125,27.890625,1800
live,after,0,0.0,1,2,27.890625,28.88671875,1497
live,after,0,0.0,1,2,28.88671875,29.8828125,1269
live,after,0,0.0,1,2,29.8828125,30.87890625,1304
live,after,0,0.0,1,2,30.87890625,31.875,1264
live,after,0,0.0,1,2,31.875,32.87109375,1058
live,after,0,0.0,1,2,32.87109375,33.8671875,946
live,after,0,0.0,1,2,33.8671875,34.86328125,876
live,after,0,0.0,1,2,34.86328125,35.859375,799
live,after,0,0.0,1,2,35.859375,36.85546875,752
live,after,0,0.0,1,2,36.85546875,37.8515625,651
live,after,0,0.0,1,2,37.8515625,38.84765625,541
live,after,0,0.0,1,2,38.84765625,39.84375,506
live,after,0,0.0,1,2,39.84375,40.83984375,366
live,after,0,0.0,1,2,40.83984375,41.8359375,280
live,after,0,0.0,1,2,41.8359375,42.83203125,241
live,after,0,0.0,1,2,42.83203125,43.828125,223
live,after,0,0.0,1,2,43.828125,44.82421875,244
live,after,0,0.0,1,2,44.82421875,45.8203125,249
live,after,0,0.0,1,2,45.8203125,46.81640625,266
live,after,0,0.0,1,2,46.81640625,47.8125,170
live,after,0,0.0,1,2,47.8125,48.80859375,71
live,after,0,0.0,1,2,48.80859375,49.8046875,54
live,after,0,0.0,1,2,49.8046875,50.80078125,55
live,after,0,0.0,1,2,50.80078125,51.796875,48
live,after,0,0.0,1,2,51.796875,52.79296875,44
live,after,0,0.0,1,2,52.79296875,53.7890625,39
live,after,0,0.0,1,2,53.7890625,54.78515625,28
live,after,0,0.0,1,2,54.78515625,55.78125,44
live,after,0,0.0,1,2,55.78125,56.77734375,41
live,after,0,0.0,1,2,56.77734375,57.7734375,35
live,after,0,0.0,1,2,57.7734375,58.76953125,36
live,after,0,0.0,1,2,58.76953125,59.765625,29
live,after,0,0.0,1,2,59.765625,60.76171875,24
live,after,0,0.0,1,2,60.76171875,61.7578125,28
live,after,0,0.0,1,2,61.7578125,62.75390625,25
live,after,0,0.0,1,2,62.75390625,63.75,27
live,after,0,0.0,1,2,63.75,64.74609375,22
live,after,0,0.0,1,2,64.74609375,65.7421875,27
live,after,0,0.0,1,2,65.7421875,66.73828125,26
live,after,0,0.0,1,2,66.73828125,67.734375,25
live,after,0,0.0,1,2,67.734375,68.73046875,30
live,after,0,0.0,1,2,68.73046875,69.7265625,18
live,after,0,0.0,1,2,69.7265625,70.72265625,20
live,after,0,0.0,1,2,70.72265625,71.71875,20
live,after,0,0.0,1,2,71.71875,72.71484375,31
live,after,0,0.0,1,2,72.71484375,73.7109375,29
live,after,0,0.0,1,2,73.7109375,74.70703125,16
live,after,0,0.0,1,2,74.70703125,75.703125,25
live,after,0,0.0,1,2,75.703125,76.69921875,22
live,after,0,0.0,1,2,76.69921875,77.6953125,15
live,after,0,0.0,1,2,77.6953125,78.69140625,25
live,after,0,0.0,1,2,78.69140625,79.6875,18
live,after,0,0.0,1,2,79.6875,80.68359375,18
live,after,0,0.0,1,2,80.68359375,81.6796875,20
live,after,0,0.0,1,2,81.6796875,82.67578125,21
live,after,0,0.0,1,2,82.67578125,83.671875,15
live,after,0,0.0,1,2,83.671875,84.66796875,25
live,after,0,0.0,1,2,84.66796875,85.6640625,8
live,after,0,0.0,1,2,85.6640625,86.66015625,22
live,after,0,0.0,1,2,86.66015625,87.65625,18
live,after,0,0.0,1,2,87.65625,88.65234375,26
live,after,0,0.0,1,2,88.65234375,89.6484375,13
live,after,0,0.0,1,2,89.6484375,90.64453125,22
live,after,0,0.0,1,2,90.64453125,91.640625,9
live,after,0,0.0,1,2,91.640625,92.63671875,20
live,after,0,0.0,1,2,92.63671875,93.6328125,7
live,after,0,0.0,1,2,93.6328125,94.62890625,17
live,after,0,0.0,1,2,94.62890625,95.625,21
live,after,0,0.0,1,2,95.625,96.62109375,22
live,after,0,0.0,1,2,96.62109375,97.6171875,18
live,after,0,0.0,1,2,97.6171875,98.61328125,16
live,after,0,0.0,1,2,98.61328125,99.609375,19
live,after,0,0.0,1,2,99.609375,100.60546875,5
live,after,0,0.0,1,2,100.60546875,101.6015625,11
live,after,0,0.0,1,2,101.6015625,102.59765625,25
live,after,0,0.0,1,2,102.59765625,103.59375,17
live,after,0,0.0,1,2,103.59375,104.58984375,14
live,after,0,0.0,1,2,104.58984375,105.5859375,10
live,after,0,0.0,1,2,105.5859375,106.58203125,7
live,after,0,0.0,1,2,106.58203125,107.578125,19
live,after,0,0.0,1,2,107.578125,108.57421875,12
live,after,0,0.0,1,2,108.57421875,109.5703125,11
live,after,0,0.0,1,2,109.5703125,110.56640625,11
live,after,0,0.0,1,2,110.56640625,111.5625,12
live,after,0,0.0,1,2,111.5625,112.55859375,13
live,after,0,0.0,1,2,112.55859375,113.5546875,14
live,after,0,0.0,1,2,113.5546875,114.55078125,16
live,after,0,0.0,1,2,114.55078125,115.546875,9
live,after,0,0.0,1,2,115.546875,116.54296875,9
live,after,0,0.0,1,2,116.54296875,117.5390625,13
live,after,0,0.0,1,2,117.5390625,118.53515625,14
live,after,0,0.0,1,2,118.53515625,119.53125,10
live,after,0,0.0,1,2,119.53125,120.52734375,12
live,after,0,0.0,1,2,120.52734375,121.5234375,5
live,after,0,0.0,1,2,121.5234375,122.51953125,4
live,after,0,0.0,1,2,122.51953125,123.515625,11
live,after,0,0.0,1,2,123.515625,124.51171875,11
live,after,0,0.0,1,2,124.51171875,125.5078125,3
live,after,0,0.0,1,2,125.5078125,126.50390625,13
live,after,0,0.0,1,2,126.50390625,127.5,6
live,after,0,0.0,1,2,127.5,128.49609375,12
live,after,0,0.0,1,2,128.49609375,129.4921875,6
live,after,0,0.0,1,2,129.4921875,130.48828125,5
live,after,0,0.0,1,2,130.48828125,131.484375,5
live,after,0,0.0,1,2,131.484375,132.48046875,6
live,after,0,0.0,1,2,132.48046875,133.4765625,6
live,after,0,0.0,1,2,133.4765625,134.47265625,15
live,after,0,0.0,1,2,134.47265625,135.46875,8
live,after,0,0.0,1,2,135.46875,136.46484375,3
live,after,0,0.0,1,2,136.46484375,137.4609375,7
live,after,0,0.0,1,2,137.4609375,138.45703125,5
live,after,0,0.0,1,2,138.45703125,139.453125,13
live,after,0,0.0,1,2,139.453125,140.44921875,8
live,after,0,0.0,1,2,140.44921875,141.4453125,8
live,after,0,0.0,1,2,141.4453125,142.44140625,9
live,after,0,0.0,1,2,142.44140625,143.4375,6
live,after,0,0.0,1,2,143.4375,144.43359375,13
live,after,0,0.0,1,2,144.43359375,145.4296875,8
live,after,0,0.0,1,2,145.4296875,146.42578125,4
live,after,0,0.0,1,2,146.42578125,147.421875,6
live,after,0,0.0,1,2,147.421875,148.41796875,7
live,after,0,0.0,1,2,148.41796875,149.4140625,8
live,after,0,0.0,1,2,149.4140625,150.41015625,9
live,after,0,0.0,1,2,150.41015625,151.40625,6
live,after,0,0.0,1,2,151.40625,152.40234375,5
live,after,0,0.0,1,2,152.40234375,153.3984375,8
live,after,0,0.0,1,2,153.3984375,154.39453125,8
live,after,0,0.0,1,2,154.39453125,155.390625,3
live,after,0,0.0,1,2,155.390625,156.38671875,7
live,after,0,0.0,1,2,156.38671875,157.3828125,7
live,after,0,0.0,1,2,157.3828125,158.37890625,9
live,after,0,0.0,1,2,158.37890625,159.375,8
live,after,0,0.0,1,2,159.375,160.37109375,5
live,after,0,0.0,1,2,160.37109375,161.3671875,5
live,after,0,0.0,1,2,161.3671875,162.36328125,5
live,after,0,0.0,1,2,162.36328125,163.359375,6
live,after,0,0.0,1,2,163.359375,164.35546875,7
live,after,0,0.0,1,2,164.35546875,165.3515625,4
live,after,0,0.0,1,2,165.3515625,166.34765625,8
live,after,0,0.0,1,2,166.34765625,167.34375,8
live,after,0,0.0,1,2,167.34375,168.33984375,6
live,after,0,0.0,1,2,168.33984375,169.3359375,9
live,after,0,0.0,1,2,169.3359375,170.33203125,6
live,after,0,0.0,1,2,170.33203125,171.328125,8
live,after,0,0.0,1,2,171.328125,172.32421875,3
live,after,0,0.0,1,2,172.32421875,173.3203125,3
live,after,0,0.0,1,2,173.3203125,174.31640625,4
live,after,0,0.0,1,2,174.31640625,175.3125,0
live,after,0,0.0,1,2,175.3125,176.30859375,1
live,after,0,0.0,1,2,176.30859375,177.3046875,5
live,after,0,0.0,1,2,177.3046875,178.30078125,1
live,after,0,0.0,1,2,178.30078125,179.296875,3
live,after,0,0.0,1,2,179.296875,180.29296875,5
live,after,0,0.0,1,2,180.29296875,181.2890625,2
live,after,0,0.0,1,2,181.2890625,182.28515625,3
live,after,0,0.0,1,2,182.28515625,183.28125,4
live,after,0,0.0,1,2,183.28125,184.27734375,3
live,after,0,0.0,1,2,184.27734375,185.2734375,5
live,after,0,0.0,1,2,185.2734375,186.26953125,6
live,after,0,0.0,1,2,186.26953125,187.265625,1
live,after,0,0.0,1,2,187.265625,188.26171875,2
live,after,0,0.0,1,2,188.26171875,189.2578125,0
live,after,0,0.0,1,2,189.2578125,190.25390625,2
live,after,0,0.0,1,2,190.25390625,191.25,1
live,after,0,0.0,1,2,191.25,192.24609375,2
live,after,0,0.0,1,2,192.24609375,193.2421875,0
live,after,0,0.0,1,2,193.2421875,194.23828125,5
live,after,0,0.0,1,2,194.23828125,195.234375,2
live,after,0,0.0,1,2,195.234375,196.23046875,1
live,after,0,0.0,1,2,196.23046875,197.2265625,4
live,after,0,0.0,1,2,197.2265625,198.22265625,1
live,after,0,0.0,1,2,198.22265625,199.21875,5
live,after,0,0.0,1,2,199.21875,200.21484375,3
live,after,0,0.0,1,2,200.21484375,201.2109375,2
live,after,0,0.0,1,2,201.2109375,202.20703125,1
live,after,0,0.0,1,2,202.20703125,203.203125,0
live,after,0,0.0,1,2,203.203125,204.19921875,0
live,after,0,0.0,1,2,204.19921875,205.1953125,4
live,after,0,0.0,1,2,205.1953125,206.19140625,3
live,after,0,0.0,1,2,206.19140625,207.1875,1
live,after,0,0.0,1,2,207.1875,208.18359375,2
live,after,0,0.0,1,2,208.18359375,209.1796875,8
live,after,0,0.0,1,2,209.1796875,210.17578125,0
live,after,0,0.0,1,2,210.17578125,211.171875,4
live,after,0,0.0,1,2,211.171875,212.16796875,4
live,after,0,0.0,1,2,212.16796875,213.1640625,0
live,after,0,0.0,1,2,213.1640625,214.16015625,2
live,after,0,0.0,1,2,214.16015625,215.15625,2
live,after,0,0.0,1,2,215.15625,216.15234375,2
live,after,0,0.0,1,2,216.15234375,217.1484375,3
live,after,0,0.0,1,2,217.1484375,218.14453125,3
live,after,0,0.0,1,2,218.14453125,219.140625,3
live,after,0,0.0,1,2,219.140625,220.13671875,5
live,after,0,0.0,1,2,220.13671875,221.1328125,4
live,after,0,0.0,1,2,221.1328125,222.12890625,1
live,after,0,0.0,1,2,222.12890625,223.125,5
live,after,0,0.0,1,2,223.125,224.12109375,5
live,after,0,0.0,1,2,224.12109375,225.1171875,2
live,after,0,0.0,1,2,225.1171875,226.11328125,3
live,after,0,0.0,1,2,226.11328125,227.109375,3
live,after,0,0.0,1,2,227.109375,228.10546875,4
live,after,0,0.0,1,2,228.10546875,229.1015625,8
live,after,0,0.0,1,2,229.1015625,230.09765625,5
live,after,0,0.0,1,2,230.09765625,231.09375,6
live,after,0,0.0,1,2,231.09375,232.08984375,6
live,after,0,0.0,1,2,232.08984375,233.0859375,7
live,after,0,0.0,1,2,233.0859375,234.08203125,5
live,after,0,0.0,1,2,234.08203125,235.078125,11
live,after,0,0.0,1,2,235.078125,236.07421875,15
live,after,0,0.0,1,2,236.07421875,237.0703125,39
live,after,0,0.0,1,2,237.0703125,238.06640625,58
live,after,0,0.0,1,2,238.06640625,239.0625,0
live,after,0,0.0,1,2,239.0625,240.05859375,0
live,after,0,0.0,1,2,240.05859375,241.0546875,0
live,after,0,0.0,1,2,241.0546875,242.05078125,0
live,after,0,0.0,1,2,242.05078125,243.046875,0
live,after,0,0.0,1,2,243.046875,244.04296875,0
live,after,0,0.0,1,2,244.04296875,245.0390625,0
live,after,0,0.0,1,2,245.0390625,246.03515625,0
live,after,0,0.0,1,2,246.03515625,247.03125,0
live,after,0,0.0,1,2,247.03125,248.02734375,0
live,after,0,0.0,1,2,248.02734375,249.0234375,0
live,after,0,0.0,1,2,249.0234375,250.01953125,0
live,after,0,0.0,1,2,250.01953125,251.015625,0
live,after,0,0.0,1,2,251.015625,252.01171875,0
live,after,0,0.0,1,2,252.01171875,253.0078125,0
live,after,0,0.0,1,2,253.0078125,254.00390625,0
live,after,0,0.0,1,2,254.00390625,255.0,0
dead,before,0,0.0,1,1,0.0,0.99609375,0
dead,before,0,0.0,1,1,0.99609375,1.9921875,0
dead,before,0,0.0,1,1,1.9921875,2.98828125,0
dead,before,0,0.0,1,1,2.98828125,3.984375,0
dead,before,0,0.0,1,1,3.984375,4.98046875,0
dead,before,0,0.0,1,1,4.98046875,5.9765625,0
dead,before,0,0.0,1,1,5.9765625,6.97265625,0
dead,before,0,0.0,1,1,6.97265625,7.96875,0
dead,before,0,0.0,1,1,7.96875,8.96484375,0
dead,before,0,0.0,1,1,8.96484375,9.9609375,0
dead,before,0,0.0,1,1,9.9609375,10.95703125,0
dead,before,0,0.0,1,1,10.95703125,11.953125,0
dead,before,0,0.0,1,1,11.953125,12.94921875,0
dead,before,0,0.0,1,1,12.94921875,13.9453125,0
dead,before,0,0.0,1,1,13.9453125,14.94140625,0
dead,before,0,0.0,1,1,14.94140625,15.9375,0
dead,before,0,0.0,1,1,15.9375,16.93359375,0
dead,before,0,0.0,1,1,16.93359375,17.9296875,0
dead,before,0,0.0,1,1,17.9296875,18.92578125,0
dead,before,0,0.0,1,1,18.92578125,19.921875,0
dead,before,0,0.0,1,1,19.921875,20.91796875,0
dead,before,0,0.0,1,1,20.91796875,21.9140625,0
dead,before,0,0.0,1,1,21.9140625,22.91015625,0
dead,before,0,0.0,1,1,22.91015625,23.90625,0
dead,before,0,0.0,1,1,23.90625,24.90234375,0
dead,before,0,0.0,1,1,24.90234375,25.8984375,0
dead,before,0,0.0,1,1,25.8984375,26.89453125,0
dead,before,0,0.0,1,1,26.89453125,27.890625,0
dead,before,0,0.0,1,1,27.890625,28.88671875,0
dead,before,0,0.0,1,1,28.88671875,29.8828125,0
dead,before,0,0.0,1,1,29.8828125,30.87890625,0
dead,before,0,0.0,1,1,30.87890625,31.875,0
dead,before,0,0.0,1,1,31.875,32.87109375,0
dead,before,0,0.0,1,1,32.87109375,33.8671875,0
dead,before,0,0.0,1,1,33.8671875,34.86328125,0
dead,before,0,0.0,1,1,34.86328125,35.859375,0
dead,before,0,0.0,1,1,35.859375,36.85546875,0
dead,before,0,0.0,1,1,36.85546875,37.8515625,0
dead,before,0,0.0,1,1,37.8515625,38.84765625,0
dead,before,0,0.0,1,1,38.84765625,39.84375,0
dead,before,0,0.0,1,1,39.84375,40.83984375,0
dead,before,0,0.0,1,1,40.83984375,41.8359375,0
dead,before,0,0.0,1,1,41.8359375,42.83203125,0
dead,before,0,0.0,1,1,42.83203125,43.828125,0
dead,before,0,0.0,1,1,43.828125,44.82421875,0
dead,before,0,0.0,1,1,44.82421875,45.8203125,0
dead,before,0,0.0,1,1,45.8203125,46.81640625,0
dead,before,0,0.0,1,1,46.81640625,47.8125,0
dead,before,0,0.0,1,1,47.8125,48.80859375,0
dead,before,0,0.0,1,1,48.80859375,49.8046875,0
dead,before,0,0.0,1,1,49.8046875,50.80078125,0
dead,before,0,0.0,1,1,50.80078125,51.796875,0
dead,before,0,0.0,1,1,51.796875,52.79296875,0
dead,before,0,0.0,1,1,52.79296875,53.7890625,0
dead,before,0,0.0,1,1,53.7890625,54.78515625,0
dead,before,0,0.0,1,1,54.78515625,55.78125,0
dead,before,0,0.0,1,1,55.78125,56.77734375,0
dead,before,0,0.0,1,1,56.77734375,57.7734375,0
dead,before,0,0.0,1,1,57.7734375,58.76953125,0
dead,before,0,0.0,1,1,58.76953125,59.765625,0
dead,before,0,0.0,1,1,59.765625,60.76171875,0
dead,before,0,0.0,1,1,60.76171875,61.7578125,0
dead,before,0,0.0,1,1,61.7578125,62.75390625,0
dead,before,0,0.0,1,1,62.75390625,63.75,0
dead,before,0,0.0,1,1,63.75,64.74609375,0
dead,before,0,0.0,1,1,64.74609375,65.7421875,0
dead,before,0,0.0,1,1,65.7421875,66.73828125,0
dead,before,0,0.0,1,1,66.73828125,67.734375,0
dead,before,0,0.0,1,1,67.734375,68.73046875,0
dead,before,0,0.0,1,1,68.73046875,69.7265625,0
dead,before,0,0.0,1,1,69.7265625,70.72265625,0
dead,before,0,0.0,1,1,70.72265625,71.71875,0
dead,before,0,0.0,1,1,71.71875,72.71484375,0
dead,before,0,0.0,1,1,72.71484375,73.7109375,0
dead,before,0,0.0,1,1,73.7109375,74.70703125,0
dead,before,0,0.0,1,1,74.70703125,75.703125,0
dead,before,0,0.0,1,1,75.703125,76.69921875,0
dead,before,0,0.0,1,1,76.69921875,77.6953125,0
dead,before,0,0.0,1,1,77.6953125,78.69140625,0
dead,before,0,0.0,1,1,78.69140625,79.6875,0
dead,before,0,0.0,1,1,79.6875,80.68359375,0
dead,before,0,0.0,1,1,80.68359375,81.6796875,0
dead,before,0,0.0,1,1,81.6796875,82.67578125,0
dead,before,0,0.0,1,1,82.67578125,83.671875,0
dead,before,0,0.0,1,1,83.671875,84.66796875,0
dead,before,0,0.0,1,1,84.66796875,85.6640625,0
dead,before,0,0.0,1,1,85.6640625,86.66015625,0
dead,before,0,0.0,1,1,86.66015625,87.65625,0
dead,before,0,0.0,1,1,87.65625,88.65234375,0
dead,before,0,0.0,1,1,88.65234375,89.6484375,0
dead,before,0,0.0,1,1,89.6484375,90.64453125,0
dead,before,0,0.0,1,1,90.64453125,91.640625,0
dead,before,0,0.0,1,1,91.640625,92.63671875,0
dead,before,0,0.0,1,1,92.63671875,93.6328125,0
dead,before,0,0.0,1,1,93.6328125,94.62890625,0
dead,before,0,0.0,1,1,94.62890625,95.625,0
dead,before,0,0.0,1,1,95.625,96.62109375,0
dead,before,0,0.0,1,1,96.62109375,97.6171875,0
dead,before,0,0.0,1,1,97.6171875,98.61328125,0
dead,before,0,0.0,1,1,98.61328125,99.609375,0
dead,before,0,0.0,1,1,99.609375,100.60546875,0
dead,before,0,0.0,1,1,100.60546875,101.6015625,0
dead,before,0,0.0,1,1,101.6015625,102.59765625,0
dead,before,0,0.0,1,1,102.59765625,103.59375,0
dead,before,0,0.0,1,1,103.59375,104.58984375,0
dead,before,0,0.0,1,1,104.58984375,105.5859375,0
dead,before,0,0.0,1,1,105.5859375,106.58203125,0
dead,before,0,0.0,1,1,106.58203125,107.578125,0
dead,before,0,0.0,1,1,107.578125,108.57421875,0
dead,before,0,0.0,1,1,108.57421875,109.5703125,0
dead,before,0,0.0,1,1,109.5703125,110.56640625,0
dead,before,0,0.0,1,1,110.56640625,111.5625,0
dead,before,0,0.0,1,1,111.5625,112.55859375,0
dead,before,0,0.0,1,1,112.55859375,113.5546875,0
dead,before,0,0.0,1,1,113.5546875,114.55078125,0
dead,before,0,0.0,1,1,114.55078125,115.546875,0
dead,before,0,0.0,1,1,115.546875,116.54296875,0
dead,before,0,0.0,1,1,116.54296875,117.5390625,0
dead,before,0,0.0,1,1,117.5390625,118.53515625,0
dead,before,0,0.0,1,1,118.53515625,119.53125,0
dead,before,0,0.0,1,1,119.53125,120.52734375,0
dead,before,0,0.0,1,1,120.52734375,121.5234375,0
dead,before,0,0.0,1,1,121.5234375,122.51953125,0
dead,before,0,0.0,1,1,122.51953125,123.515625,0
dead,before,0,0.0,1,1,123.515625,124.51171875,0
dead,before,0,0.0,1,1,124.51171875,125.5078125,0
dead,before,0,0.0,1,1,125.5078125,126.50390625,0
dead,before,0,0.0,1,1,126.50390625,127.5,0
dead,before,0,0.0,1,1,127.5,128.49609375,0
dead,before,0,0.0,1,1,128.49609375,129.4921875,0
dead,before,0,0.0,1,1,129.4921875,130.48828125,0
dead,before,0,0.0,1,1,130.48828125,131.484375,0
dead,before,0,0.0,1,1,131.484375,132.48046875,0
dead,before,0,0.0,1,1,132.48046875,133.4765625,0
dead,before,0,0.0,1,1,133.4765625,134.47265625,0
dead,before,0,0.0,1,1,134.47265625,135.46875,0
dead,before,0,0.0,1,1,135.46875,136.46484375,0
dead,before,0,0.0,1,1,136.46484375,137.4609375,0
dead,before,0,0.0,1,1,137.4609375,138.45703125,0
dead,before,0,0.0,1,1,138.45703125,139.453125,0
dead,before,0,0.0,1,1,139.453125,140.44921875,0
dead,before,0,0.0,1,1,140.44921875,141.4453125,0
dead,before,0,0.0,1,1,141.4453125,142.44140625,0
dead,before,0,0.0,1,1,142.44140625,143.4375,0
dead,before,0,0.0,1,1,143.4375,144.43359375,0
dead,before,0,0.0,1,1,144.43359375,145.4296875,0
dead,before,0,0.0,1,1,145.4296875,146.42578125,0
dead,before,0,0.0,1,1,146.42578125,147.421875,0
dead,before,0,0.0,1,1,147.421875,148.41796875,0
dead,before,0,0.0,1,1,148.41796875,149.4140625,0
dead,before,0,0.0,1,1,149.4140625,150.41015625,0
dead,before,0,0.0,1,1,150.41015625,151.40625,0
dead,before,0,0.0,1,1,151.40625,152.40234375,0
dead,before,0,0.0,1,1,152.40234375,153.3984375,0
dead,before,0,0.0,1,1,153.3984375,154.39453125,0
dead,before,0,0.0,1,1,154.39453125,155.390625,0
dead,before,0,0.0,1,1,155.390625,156.38671875,0
dead,before,0,0.0,1,1,156.38671875,157.3828125,0
dead,before,0,0.0,1,1,157.3828125,158.37890625,0
dead,before,0,0.0,1,1,158.37890625,159.375,0
dead,before,0,0.0,1,1,159.375,160.37109375,0
dead,before,0,0.0,1,1,160.37109375,161.3671875,0
dead,before,0,0.0,1,1,161.3671875,162.36328125,0
dead,before,0,0.0,1,1,162.36328125,163.359375,0
dead,before,0,0.0,1,1,163.359375,164.35546875,0
dead,before,0,0.0,1,1,164.35546875,165.3515625,0
dead,before,0,0.0,1,1,165.3515625,166.34765625,0
dead,before,0,0.0,1,1,166.34765625,167.34375,0
dead,before,0,0.0,1,1,167.34375,168.33984375,0
dead,before,0,0.0,1,1,168.33984375,169.3359375,0
dead,before,0,0.0,1,1,169.3359375,170.33203125,0
dead,before,0,0.0,1,1,170.33203125,171.328125,0
dead,before,0,0.0,1,1,171.328125,172.32421875,0
dead,before,0,0.0,1,1,172.32421875,173.3203125,0
dead,before,0,0.0,1,1,173.3203125,174.31640625,0
dead,before,0,0.0,1,1,174.31640625,175.3125,0
dead,before,0,0.0,1,1,175.3125,176.30859375,0
dead,before,0,0.0,1,1,176.30859375,177.3046875,0
dead,before,0,0.0,1,1,177.3046875,178.30078125,0
dead,before,0,0.0,1,1,178.30078125,179.296875,0
dead,before,0,0.0,1,1,179.296875,180.29296875,0
dead,before,0,0.0,1,1,180.29296875,181.2890625,0
dead,before,0,0.0,1,1,181.2890625,182.28515625,0
dead,before,0,0.0,1,1,182.28515625,183.28125,0
dead,before,0,0.0,1,1,183.28125,184.27734375,0
dead,before,0,0.0,1,1,184.27734375,185.2734375,0
dead,before,0,0.0,1,1,185.2734375,186.26953125,0
dead,before,0,0.0,1,1,186.26953125,187.265625,0
dead,before,0,0.0,1,1,187.265625,188.26171875,0
dead,before,0,0.0,1,1,188.26171875,189.2578125,0
dead,before,0,0.0,1,1,189.2578125,190.25390625,0
dead,before,0,0.0,1,1,190.25390625,191.25,0
dead,before,0,0.0,1,1,191.25,192.24609375,0
dead,before,0,0.0,1,1,192.24609375,193.2421875,0
dead,before,0,0.0,1,1,193.2421875,194.23828125,0
dead,before,0,0.0,1,1,194.23828125,195.234375,0
dead,before,0,0.0,1,1,195.234375,196.23046875,0
dead,before,0,0.0,1,1,196.23046875,197.2265625,0
dead,before,0,0.0,1,1,197.2265625,198.22265625,0
dead,before,0,0.0,1,1,198.22265625,199.21875,0
dead,before,0,0.0,1,1,199.21875,200.21484375,0
dead,before,0,0.0,1,1,200.21484375,201.2109375,0
dead,before,0,0.0,1,1,201.2109375,202.20703125,0
dead,before,0,0.0,1,1,202.20703125,203.203125,0
dead,before,0,0.0,1,1,203.203125,204.19921875,0
dead,before,0,0.0,1,1,204.19921875,205.1953125,0
dead,before,0,0.0,1,1,205.1953125,206.19140625,0
dead,before,0,0.0,1,1,206.19140625,207.1875,0
dead,before,0,0.0,1,1,207.1875,208.18359375,0
dead,before,0,0.0,1,1,208.18359375,209.1796875,0
dead,before,0,0.0,1,1,209.1796875,210.17578125,0
dead,before,0,0.0,1,1,210.17578125,211.171875,0
dead,before,0,0.0,1,1,211.171875,212.16796875,0
dead,before,0,0.0,1,1,212.16796875,213.1640625,0
dead,before,0,0.0,1,1,213.1640625,214.16015625,0
dead,before,0,0.0,1,1,214.16015625,215.15625,0
dead,before,0,0.0,1,1,215.15625,216.15234375,0
dead,before,0,0.0,1,1,216.15234375,217.1484375,0
dead,before,0,0.0,1,1,217.1484375,218.14453125,0
dead,before,0,0.0,1,1,218.14453125,219.140625,0
dead,before,0,0.0,1,1,219.140625,220.13671875,0
dead,before,0,0.0,1,1,220.13671875,221.1328125,0
dead,before,0,0.0,1,1,221.1328125,222.12890625,0
dead,before,0,0.0,1,1,222.12890625,223.125,0
dead,before,0,0.0,1,1,223.125,224.12109375,0
dead,before,0,0.0,1,1,224.12109375,225.1171875,0
dead,before,0,0.0,1,1,225.1171875,226.11328125,0
dead,before,0,0.0,1,1,226.11328125,227.109375,0
dead,before,0,0.0,1,1,227.109375,228.10546875,0
dead,before,0,0.0,1,1,228.10546875,229.1015625,0
dead,before,0,0.0,1,1,229.1015625,230.09765625,0
dead,before,0,0.0,1,1,230.09765625,231.09375,0
dead,before,0,0.0,1,1,231.09375,232.08984375,0
dead,before,0,0.0,1,1,232.08984375,233.0859375,0
dead,before,0,0.0,1,1,233.0859375,234.08203125,0
dead,before,0,0.0,1,1,234.08203125,235.078125,0
dead,before,0,0.0,1,1,235.078125,236.07421875,0
dead,before,0,0.0,1,1,236.07421875,237.0703125,0
dead,before,0,0.0,1,1,237.0703125,238.06640625,0
dead,before,0,0.0,1,1,238.06640625,239.0625,0
dead,before,0,0.0,1,1,239.0625,240.05859375,0
dead,before,0,0.0,1,1,240.05859375,241.0546875,0
dead,before,0,0.0,1,1,241.0546875,242.05078125,0
dead,before,0,0.0,1,1,242.05078125,243.046875,0
dead,before,0,0.0,1,1,243.046875,244.04296875,0
dead,before,0,0.0,1,1,244.04296875,245.0390625,0
dead,before,0,0.0,1,1,245.0390625,246.03515625,0
dead,before,0,0.0,1,1,246.03515625,247.03125,0
dead,before,0,0.0,1,1,247.03125,248.02734375,0
dead,before,0,0.0,1,1,248.02734375,249.0234375,0
dead,before,0,0.0,1,1,249.0234375,250.01953125,0
dead,before,0,0.0,1,1,250.01953125,251.015625,0
dead,before,0,0.0,1,1,251.015625,252.01171875,0
dead,before,0,0.0,1,1,252.01171875,253.0078125,0
dead,before,0,0.0,1,1,253.0078125,254.00390625,0
dead,before,0,0.0,1,1,254.00390625,255.0,0
dead,corrected,0,0.0,1,1,754.0,1007.05078125,188320
dead,corrected,0,0.0,1,1,1007.05078125,1260.1015625,138455
dead,corrected,0,0.0,1,1,1260.1015625,1513.15234375,111012
dead,corrected,0,0.0,1,1,1513.15234375,1766.203125,92691
dead,corrected,0,0.0,1,1,1766.203125,2019.25390625,76135
dead,corrected,0,0.0,1,1,2019.25390625,2272.3046875,66825
dead,corrected,0,0.0,1,1,2272.3046875,2525.35546875,57394
dead,corrected,0,0.0,1,1,2525.35546875,2778.40625,49669
dead,corrected,0,0.0,1,1,2778.40625,3031.45703125,43391
dead,corrected,0,0.0,1,1,3031.45703125,3284.5078125,38244
dead,corrected,0,0.0,1,1,3284.5078125,3537.55859375,33466
dead,corrected,0,0.0,1,1,3537.55859375,3790.609375,29438
dead,corrected,0,0.0,1,1,3790.609375,4043.66015625,26961
dead,corrected,0,0.0,1,1,4043.66015625,4296.7109375,24475
dead,corrected,0,0.0,1,1,4296.7109375,4549.76171875,22561
dead,corrected,0,0.0,1,1,4549.76171875,4802.8125,20485
dead,corrected,0,0.0,1,1,4802.8125,5055.86328125,19002
dead,corrected,0,0.0,1,1,5055.86328125,5308.9140625,17257
dead,corrected,0,0.0,1,1,5308.9140625,5561.96484375,15903
dead,corrected,0,0.0,1,1,5561.96484375,5815.015625,14787
dead,corrected,0,0.0,1,1,5815.015625,6068.06640625,13910
dead,corrected,0,0.0,1,1,6068.06640625,6321.1171875,13226
dead,corrected,0,0.0,1,1,6321.1171875,6574.16796875,12001
dead,corrected,0,0.0,1,1,6574.16796875,6827.21875,10893
dead,corrected,0,0.0,1,1,6827.21875,7080.26953125,10386
dead,corrected,0,0.0,1,1,7080.26953125,7333.3203125,9588
dead,corrected,0,0.0,1,1,7333.3203125,7586.37109375,8939
dead,corrected,0,0.0,1,1,7586.37109375,7839.421875,8413
dead,corrected,0,0.0,1,1,7839.421875,8092.47265625,7744
dead,corrected,0,0.0,1,1,8092.47265625,8345.5234375,7044
dead,corrected,0,0.0,1,1,8345.5234375,8598.57421875,6782
dead,corrected,0,0.0,1,1,8598.57421875,8851.625,6230
dead,corrected,0,0.0,1,1,8851.625,9104.67578125,6040
dead,corrected,0,0.0,1,1,9104.67578125,9357.7265625,5752
dead,corrected,0,0.0,1,1,9357.7265625,9610.77734375,5379
dead,corrected,0,0.0,1,1,9610.77734375,9863.828125,5086
dead,corrected,0,0.0,1,1,9863.828125,10116.87890625,4771
dead,corrected,0,0.0,1,1,10116.87890625,10369.9296875,4492
dead,corrected,0,0.0,1,1,10369.9296875,10622.98046875,3999
dead,corrected,0,0.0,1,1,10622.98046875,10876.03125,3940
dead,corrected,0,0.0,1,1,10876.03125,11129.08203125,3737
dead,corrected,0,0.0,1,1,11129.08203125,11382.1328125,3549
dead,corrected,0,0.0,1,1,11382.1328125,11635.18359375,3330
dead,corrected,0,0.0,1,1,11635.18359375,11888.234375,3193
dead,corrected,0,0.0,1,1,11888.234375,12141.28515625,3099
dead,corrected,0,0.0,1,1,12141.28515625,12394.3359375,3075
dead,corrected,0,0.0,1,1,12394.3359375,12647.38671875,2896
dead,corrected,0,0.0,1,1,12647.38671875,12900.4375,2811
dead,corrected,0,0.0,1,1,12900.4375,13153.48828125,2542
dead,corrected,0,0.0,1,1,13153.48828125,13406.5390625,2507
dead,corrected,0,0.0,1,1,13406.5390625,13659.58984375,2436
dead,corrected,0,0.0,1,1,13659.58984375,13912.640625,2277
dead,corrected,0,0.0,1,1,13912.640625,14165.69140625,2258
dead,corrected,0,0.0,1,1,14165.69140625,14418.7421875,2032
dead,corrected,0,0.0,1,1,14418.7421875,14671.79296875,2012
dead,corrected,0,0.0,1,1,14671.79296875,14924.84375,1941
dead,corrected,0,0.0,1,1,14924.84375,15177.89453125,1871
dead,corrected,0,0.0,1,1,15177.89453125,15430.9453125,1796
dead,corrected,0,0.0,1,1,15430.9453125,15683.99609375,1663
dead,corrected,0,0.0,1,1,15683.99609375,15937.046875,1617
dead,corrected,0,0.0,1,1,15937.046875,16190.09765625,1532
dead,corrected,0,0.0,1,1,16190.09765625,16443.1484375,1533
dead,corrected,0,0.0,1,1,16443.1484375,16696.19921875,1476
dead,corrected,0,0.0,1,1,16696.19921875,16949.25,1400
dead,corrected,0,0.0,1,1,16949.25,17202.30078125,1379
dead,corrected,0,0.0,1,1,17202.30078125,17455.3515625,1339
dead,corrected,0,0.0,1,1,17455.3515625,17708.40234375,1254
dead,corrected,0,0.0,1,1,17708.40234375,17961.453125,1249
dead,corrected,0,0.0,1,1,17961.453125,18214.50390625,1255
dead,corrected,0,0.0,1,1,18214.50390625,18467.5546875,1192
dead,corrected,0,0.0,1,1,18467.5546875,18720.60546875,1139
dead,corrected,0,0.0,1,1,18720.60546875,18973.65625,1116
dead,corrected,0,0.0,1,1,18973.65625,19226.70703125,1162
dead,corrected,0,0.0,1,1,19226.70703125,19479.7578125,1206
dead,corrected,0,0.0,1,1,19479.7578125,19732.80859375,1158
dead,corrected,0,0.0,1,1,19732.80859375,19985.859375,1132
dead,corrected,0,0.0,1,1,19985.859375,20238.91015625,1103
dead,corrected,0,0.0,1,1,20238.91015625,20491.9609375,1070
dead,corrected,0,0.0,1,1,20491.9609375,20745.01171875,1119
dead,corrected,0,0.0,1,1,20745.01171875,20998.0625,1073
dead,corrected,0,0.0,1,1,20998.0625,21251.11328125,1061
dead,corrected,0,0.0,1,1,21251.11328125,21504.1640625,973
dead,corrected,0,0.0,1,1,21504.1640625,21757.21484375,999
dead,corrected,0,0.0,1,1,21757.21484375,22010.265625,924
dead,corrected,0,0.0,1,1,22010.265625,22263.31640625,979
dead,corrected,0,0.0,1,1,22263.31640625,22516.3671875,1027
dead,corrected,0,0.0,1,1,22516.3671875,22769.41796875,882
dead,corrected,0,0.0,1,1,22769.41796875,23022.46875,975
dead,corrected,0,0.0,1,1,23022.46875,23275.51953125,893
dead,corrected,0,0.0,1,1,23275.51953125,23528.5703125,859
dead,corrected,0,0.0,1,1,23528.5703125,23781.62109375,837
dead,corrected,0,0.0,1,1,23781.62109375,24034.671875,855
dead,corrected,0,0.0,1,1,24034.671875,24287.72265625,810
dead,corrected,0,0.0,1,1,24287.72265625,24540.7734375,843
dead,corrected,0,0.0,1,1,24540.7734375,24793.82421875,802
dead,corrected,0,0.0,1,1,24793.82421875,25046.875,800
dead,corrected,0,0.0,1,1,25046.875,25299.92578125,809
dead,corrected,0,0.0,1,1,25299.92578125,25552.9765625,793
dead,corrected,0,0.0,1,1,25552.9765625,25806.02734375,815
dead,corrected,0,0.0,1,1,25806.02734375,26059.078125,764
dead,corrected,0,0.0,1,1,26059.078125,26312.12890625,745
dead,corrected,0,0.0,1,1,26312.12890625,26565.1796875,759
dead,corrected,0,0.0,1,1,26565.1796875,26818.23046875,765
dead,corrected,0,0.0,1,1,26818.23046875,27071.28125,693
dead,corrected,0,0.0,1,1,27071.28125,27324.33203125,700
dead,corrected,0,0.0,1,1,27324.33203125,27577.3828125,684
dead,corrected,0,0.0,1,1,27577.3828125,27830.43359375,733
dead,corrected,0,0.0,1,1,27830.43359375,28083.484375,696
dead,corrected,0,0.0,1,1,28083.484375,28336.53515625,663
dead,corrected,0,0.0,1,1,28336.53515625,28589.5859375,649
dead,corrected,0,0.0,1,1,28589.5859375,28842.63671875,615
dead,corrected,0,0.0,1,1,28842.63671875,29095.6875,661
dead,corrected,0,0.0,1,1,29095.6875,29348.73828125,652
dead,corrected,0,0.0,1,1,29348.73828125,29601.7890625,592
dead,corrected,0,0.0,1,1,29601.7890625,29854.83984375,606
dead,corrected,0,0.0,1,1,29854.83984375,30107.890625,589
dead,corrected,0,0.0,1,1,30107.890625,30360.94140625,590
dead,corrected,0,0.0,1,1,30360.94140625,30613.9921875,556
dead,corrected,0,0.0,1,1,30613.9921875,30867.04296875,572
dead,corrected,0,0.0,1,1,30867.04296875,31120.09375,539
dead,corrected,0,0.0,1,1,31120.09375,31373.14453125,543
dead,corrected,0,0.0,1,1,31373.14453125,31626.1953125,433
dead,corrected,0,0.0,1,1,31626.1953125,31879.24609375,490
dead,corrected,0,0.0,1,1,31879.24609375,32132.296875,453
dead,corrected,0,0.0,1,1,32132.296875,32385.34765625,454
dead,corrected,0,0.0,1,1,32385.34765625,32638.3984375,480
dead,corrected,0,0.0,1,1,32638.3984375,32891.44921875,483
dead,corrected,0,0.0,1,1,32891.44921875,33144.5,489
dead,corrected,0,0.0,1,1,33144.5,33397.55078125,417
dead,corrected,0,0.0,1,1,33397.55078125,33650.6015625,402
dead,corrected,0,0.0,1,1,33650.6015625,33903.65234375,394
dead,corrected,0,0.0,1,1,33903.65234375,34156.703125,450
dead,corrected,0,0.0,1,1,34156.703125,34409.75390625,387
dead,corrected,0,0.0,1,1,34409.75390625,34662.8046875,387
dead,corrected,0,0.0,1,1,34662.8046875,34915.85546875,390
dead,corrected,0,0.0,1,1,34915.85546875,35168.90625,394
dead,corrected,0,0.0,1,1,35168.90625,35421.95703125,395
dead,corrected,0,0.0,1,1,35421.95703125,35675.0078125,397
dead,corrected,0,0.0,1,1,35675.0078125,35928.05859375,387
dead,corrected,0,0.0,1,1,35928.05859375,36181.109375,379
dead,corrected,0,0.0,1,1,36181.109375,36434.16015625,387
dead,corrected,0,0.0,1,1,36434.16015625,36687.2109375,367
dead,corrected,0,0.0,1,1,36687.2109375,36940.26171875,383
dead,corrected,0,0.0,1,1,36940.26171875,37193.3125,386
dead,corrected,0,0.0,1,1,37193.3125,37446.36328125,393
dead,corrected,0,0.0,1,1,37446.36328125,37699.4140625,364
dead,corrected,0,0.0,1,1,37699.4140625,37952.46484375,334
dead,corrected,0,0.0,1,1,37952.46484375,38205.515625,357
dead,corrected,0,0.0,1,1,38205.515625,38458.56640625,358
dead,corrected,0,0.0,1,1,38458.56640625,38711.6171875,331
dead,corrected,0,0.0,1,1,38711.6171875,38964.66796875,290
dead,corrected,0,0.0,1,1,38964.66796875,39217.71875,317
dead,corrected,0,0.0,1,1,39217.71875,39470.76953125,288
dead,corrected,0,0.0,1,1,39470.76953125,39723.8203125,259
dead,corrected,0,0.0,1,1,39723.8203125,39976.87109375,283
dead,corrected,0,0.0,1,1,39976.87109375,40229.921875,276
dead,corrected,0,0.0,1,1,40229.921875,40482.97265625,259
dead,corrected,0,0.0,1,1,40482.97265625,40736.0234375,262
dead,corrected,0,0.0,1,1,40736.0234375,40989.07421875,279
dead,corrected,0,0.0,1,1,40989.07421875,41242.125,268
dead,corrected,0,0.0,1,1,41242.125,41495.17578125,243
dead,corrected,0,0.0,1,1,41495.17578125,41748.2265625,218
dead,corrected,0,0.0,1,1,41748.2265625,42001.27734375,207
dead,corrected,0,0.0,1,1,42001.27734375,42254.328125,197
dead,corrected,0,0.0,1,1,42254.328125,42507.37890625,231
dead,corrected,0,0.0,1,1,42507.37890625,42760.4296875,207
dead,corrected,0,0.0,1,1,42760.4296875,43013.48046875,206
dead,corrected,0,0.0,1,1,43013.48046875,43266.53125,209
dead,corrected,0,0.0,1,1,43266.53125,43519.58203125,195
dead,corrected,0,0.0,1,1,43519.58203125,43772.6328125,175
dead,corrected,0,0.0,1,1,43772.6328125,44025.68359375,148
dead,corrected,0,0.0,1,1,44025.68359375,44278.734375,170
dead,corrected,0,0.0,1,1,44278.734375,44531.78515625,156
dead,corrected,0,0.0,1,1,44531.78515625,44784.8359375,165
dead,corrected,0,0.0,1,1,44784.8359375,45037.88671875,156
dead,corrected,0,0.0,1,1,45037.88671875,45290.9375,152
dead,corrected,0,0.0,1,1,45290.9375,45543.98828125,141
dead,corrected,0,0.0,1,1,45543.98828125,45797.0390625,129
dead,corrected,0,0.0,1,1,45797.0390625,46050.08984375,105
dead,corrected,0,0.0,1,1,46050.08984375,46303.140625,146
dead,corrected,0,0.0,1,1,46303.140625,46556.19140625,90
dead,corrected,0,0.0,1,1,46556.19140625,46809.2421875,111
dead,corrected,0,0.0,1,1,46809.2421875,47062.29296875,118
dead,corrected,0,0.0,1,1,47062.29296875,47315.34375,102
dead,corrected,0,0.0,1,1,47315.34375,47568.39453125,82
dead,corrected,0,0.0,1,1,47568.39453125,47821.4453125,104
dead,corrected,0,0.0,1,1,47821.4453125,48074.49609375,92
dead,corrected,0,0.0,1,1,48074.49609375,48327.546875,93
dead,corrected,0,0.0,1,1,48327.546875,48580.59765625,98
dead,corrected,0,0.0,1,1,48580.59765625,48833.6484375,68
dead,corrected,0,0.0,1,1,48833.6484375,49086.69921875,85
dead,corrected,0,0.0,1,1,49086.69921875,49339.75,83
dead,corrected,0,0.0,1,1,49339.75,49592.80078125,74
dead,corrected,0,0.0,1,1,49592.80078125,49845.8515625,63
dead,corrected,0,0.0,1,1,49845.8515625,50098.90234375,62
dead,corrected,0,0.0,1,1,50098.90234375,50351.953125,49
dead,corrected,0,0.0,1,1,50351.953125,50605.00390625,57
dead,corrected,0,0.0,1,1,50605.00390625,50858.0546875,41
dead,corrected,0,0.0,1,1,50858.0546875,51111.10546875,51
dead,corrected,0,0.0,1,1,51111.10546875,51364.15625,57
dead,corrected,0,0.0,1,1,51364.15625,51617.20703125,50
dead,corrected,0,0.0,1,1,51617.20703125,51870.2578125,43
dead,corrected,0,0.0,1,1,51870.2578125,52123.30859375,39
dead,corrected,0,0.0,1,1,52123.30859375,52376.359375,47
dead,corrected,0,0.0,1,1,52376.359375,52629.41015625,32
dead,corrected,0,0.0,1,1,52629.41015625,52882.4609375,31
dead,corrected,0,0.0,1,1,52882.4609375,53135.51171875,49
dead,corrected,0,0.0,1,1,53135.51171875,53388.5625,31
dead,corrected,0,0.0,1,1,53388.5625,53641.61328125,34
dead,corrected,0,0.0,1,1,53641.61328125,53894.6640625,26
dead,corrected,0,0.0,1,1,53894.6640625,54147.71484375,33
dead,corrected,0,0.0,1,1,54147.71484375,54400.765625,33
dead,corrected,0,0.0,1,1,54400.765625,54653.81640625,19
dead,corrected,0,0.0,1,1,54653.81640625,54906.8671875,28
dead,corrected,0,0.0,1,1,54906.8671875,55159.91796875,18
dead,corrected,0,0.0,1,1,55159.91796875,55412.96875,26
dead,corrected,0,0.0,1,1,55412.96875,55666.01953125,23
dead,corrected,0,0.0,1,1,55666.01953125,55919.0703125,27
dead,corrected,0,0.0,1,1,55919.0703125,56172.12109375,26
dead,corrected,0,0.0,1,1,56172.12109375,56425.171875,21
dead,corrected,0,0.0,1,1,56425.171875,56678.22265625,21
dead,corrected,0,0.0,1,1,56678.22265625,56931.2734375,18
dead,corrected,0,0.0,1,1,56931.2734375,57184.32421875,15
dead,corrected,0,0.0,1,1,57184.32421875,57437.375,25
dead,corrected,0,0.0,1,1,57437.375,57690.42578125,21
dead,corrected,0,0.0,1,1,57690.42578125,57943.4765625,19
dead,corrected,0,0.0,1,1,57943.4765625,58196.52734375,28
dead,corrected,0,0.0,1,1,58196.52734375,58449.578125,25
dead,corrected,0,0.0,1,1,58449.578125,58702.62890625,24
dead,corrected,0,0.0,1,1,58702.62890625,58955.6796875,17
dead,corrected,0,0.0,1,1,58955.6796875,59208.73046875,13
dead,corrected,0,0.0,1,1,59208.73046875,59461.78125,25
dead,corrected,0,0.0,1,1,59461.78125,59714.83203125,18
dead,corrected,0,0.0,1,1,59714.83203125,59967.8828125,23
dead,corrected,0,0.0,1,1,59967.8828125,60220.93359375,15
dead,corrected,0,0.0,1,1,60220.93359375,60473.984375,27
dead,corrected,0,0.0,1,1,60473.984375,60727.03515625,18
dead,corrected,0,0.0,1,1,60727.03515625,60980.0859375,15
dead,corrected,0,0.0,1,1,60980.0859375,61233.13671875,25
dead,corrected,0,0.0,1,1,61233.13671875,61486.1875,23
dead,corrected,0,0.0,1,1,61486.1875,61739.23828125,7
dead,corrected,0,0.0,1,1,61739.23828125,61992.2890625,9
dead,corrected,0,0.0,1,1,61992.2890625,62245.33984375,9
dead,corrected,0,0.0,1,1,62245.33984375,62498.390625,7
dead,corrected,0,0.0,1,1,62498.390625,62751.44140625,14
dead,corrected,0,0.0,1,1,62751.44140625,63004.4921875,6
dead,corrected,0,0.0,1,1,63004.4921875,63257.54296875,10
dead,corrected,0,0.0,1,1,63257.54296875,63510.59375,9
dead,corrected,0,0.0,1,1,63510.59375,63763.64453125,382
dead,corrected,0,0.0,1,1,63763.64453125,64016.6953125,0
dead,corrected,0,0.0,1,1,64016.6953125,64269.74609375,0
dead,corrected,0,0.0,1,1,64269.74609375,64522.796875,0
dead,corrected,0,0.0,1,1,64522.796875,64775.84765625,0
dead,corrected,0,0.0,1,1,64775.84765625,65028.8984375,0
dead,corrected,0,0.0,1,1,65028.8984375,65281.94921875,0
dead,corrected,0,0.0,1,1,65281.94921875,65535.0,0
dead,after,0,0.0,1,1,0.0,0.99609375,0
dead,after,0,0.0,1,1,0.99609375,1.9921875,0
dead,after,0,0.0,1,1,1.9921875,2.98828125,0
dead,after,0,0.0,1,1,2.98828125,3.984375,0
dead,after,0,0.0,1,1,3.984375,4.98046875,0
dead,after,0,0.0,1,1,4.98046875,5.9765625,0
dead,after,0,0.0,1,1,5.9765625,6.97265625,0
dead,after,0,0.0,1,1,6.97265625,7.96875,0
dead,after,0,0.0,1,1,7.96875,8.96484375,0
dead,after,0,0.0,1,1,8.96484375,9.9609375,0
dead,after,0,0.0,1,1,9.9609375,10.95703125,31393
dead,after,0,0.0,1,1,10.95703125,11.953125,28164
dead,after,0,0.0,1,1,11.953125,12.94921875,25694
dead,after,0,0.0,1,1,12.94921875,13.9453125,23704
dead,after,0,0.0,1,1,13.9453125,14.94140625,21505
dead,after,0,0.0,1,1,14.94140625,15.9375,20206
dead,after,0,0.0,1,1,15.9375,16.93359375,18021
dead,after,0,0.0,1,1,16.93359375,17.9296875,16683
dead,after,0,0.0,1,1,17.9296875,18.92578125,15301
dead,after,0,0.0,1,1,18.92578125,19.921875,14467
dead,after,0,0.0,1,1,19.921875,20.91796875,13647
dead,after,0,0.0,1,1,20.91796875,21.9140625,12591
dead,after,0,0.0,1,1,21.9140625,22.91015625,11469
dead,after,0,0.0,1,1,22.91015625,23.90625,10643
dead,after,0,0.0,1,1,23.90625,24.90234375,10015
dead,after,0,0.0,1,1,24.90234375,25.8984375,9389
dead,after,0,0.0,1,1,25.8984375,26.89453125,8675
dead,after,0,0.0,1,1,26.89453125,27.890625,8178
dead,after,0,0.0,1,1,27.890625,28.88671875,7347
dead,after,0,0.0,1,1,28.88671875,29.8828125,6842
dead,after,0,0.0,1,1,29.8828125,30.87890625,6517
dead,after,0,0.0,1,1,30.87890625,31.875,6176
dead,after,0,0.0,1,1,31.875,32.87109375,5996
dead,after,0,0.0,1,1,32.87109375,33.8671875,5513
dead,after,0,0.0,1,1,33.8671875,34.86328125,5279
dead,after,0,0.0,1,1,34.86328125,35.859375,4943
dead,after,0,0.0,1,1,35.859375,36.85546875,4540
dead,after,0,0.0,1,1,36.85546875,37.8515625,4186
dead,after,0,0.0,1,1,37.8515625,38.84765625,4008
dead,after,0,0.0,1,1,38.84765625,39.84375,3892
dead,after,0,0.0,1,1,39.84375,40.83984375,3711
dead,after,0,0.0,1,1,40.83984375,41.8359375,3445
dead,after,0,0.0,1,1,41.8359375,42.83203125,3375
dead,after,0,0.0,1,1,42.83203125,43.828125,3273
dead,after,0,0.0,1,1,43.828125,44.82421875,3136
dead,after,0,0.0,1,1,44.82421875,45.8203125,2930
dead,after,0,0.0,1,1,45.8203125,46.81640625,2831
dead,after,0,0.0,1,1,46.81640625,47.8125,2713
dead,after,0,0.0,1,1,47.8125,48.80859375,2624
dead,after,0,0.0,1,1,48.80859375,49.8046875,2479
dead,after,0,0.0,1,1,49.8046875,50.80078125,2381
dead,after,0,0.0,1,1,50.80078125,51.796875,2315
dead,after,0,0.0,1,1,51.796875,52.79296875,2204
dead,after,0,0.0,1,1,52.79296875,53.7890625,2048
dead,after,0,0.0,1,1,53.7890625,54.78515625,1989
dead,after,0,0.0,1,1,54.78515625,55.78125,1961
dead,after,0,0.0,1,1,55.78125,56.77734375,1829
dead,after,0,0.0,1,1,56.77734375,57.7734375,1710
dead,after,0,0.0,1,1,57.7734375,58.76953125,1670
dead,after,0,0.0,1,1,58.76953125,59.765625,1637
dead,after,0,0.0,1,1,59.765625,60.76171875,1638
dead,after,0,0.0,1,1,60.76171875,61.7578125,1498
dead,after,0,0.0,1,1,61.7578125,62.75390625,1481
dead,after,0,0.0,1,1,62.75390625,63.75,1441
dead,after,0,0.0,1,1,63.75,64.74609375,1319
dead,after,0,0.0,1,1,64.74609375,65.7421875,1287
dead,after,0,0.0,1,1,65.7421875,66.73828125,1318
dead,after,0,0.0,1,1,66.73828125,67.734375,1273
dead,after,0,0.0,1,1,67.734375,68.73046875,1280
dead,after,0,0.0,1,1,68.73046875,69.7265625,1211
dead,after,0,0.0,1,1,69.7265625,70.72265625,1206
dead,after,0,0.0,1,1,70.72265625,71.71875,1227
dead,after,0,0.0,1,1,71.71875,72.71484375,1213
dead,after,0,0.0,1,1,72.71484375,73.7109375,1135
dead,after,0,0.0,1,1,73.7109375,74.70703125,1172
dead,after,0,0.0,1,1,74.70703125,75.703125,1150
dead,after,0,0.0,1,1,75.703125,76.69921875,1123
dead,after,0,0.0,1,1,76.69921875,77.6953125,1134
dead,after,0,0.0,1,1,77.6953125,78.69140625,1163
dead,after,0,0.0,1,1,78.69140625,79.6875,1029
dead,after,0,0.0,1,1,79.6875,80.68359375,1028
dead,after,0,0.0,1,1,80.68359375,81.6796875,1111
dead,after,0,0.0,1,1,81.6796875,82.67578125,1017
dead,after,0,0.0,1,1,82.67578125,83.671875,997
dead,after,0,0.0,1,1,83.671875,84.66796875,969
dead,after,0,0.0,1,1,84.66796875,85.6640625,938
dead,after,0,0.0,1,1,85.6640625,86.66015625,963
dead,after,0,0.0,1,1,86.66015625,87.65625,887
dead,after,0,0.0,1,1,87.65625,88.65234375,865
dead,after,0,0.0,1,1,88.65234375,89.6484375,866
dead,after,0,0.0,1,1,89.6484375,90.64453125,892
dead,after,0,0.0,1,1,90.64453125,91.640625,925
dead,after,0,0.0,1,1,91.640625,92.63671875,818
dead,after,0,0.0,1,1,92.63671875,93.6328125,811
dead,after,0,0.0,1,1,93.6328125,94.62890625,853
dead,after,0,0.0,1,1,94.62890625,95.625,832
dead,after,0,0.0,1,1,95.625,96.62109375,812
dead,after,0,0.0,1,1,96.62109375,97.6171875,782
dead,after,0,0.0,1,1,97.6171875,98.61328125,805
dead,after,0,0.0,1,1,98.61328125,99.609375,778
dead,after,0,0.0,1,1,99.609375,100.60546875,759
dead,after,0,0.0,1,1,100.60546875,101.6015625,751
dead,after,0,0.0,1,1,101.6015625,102.59765625,757
dead,after,0,0.0,1,1,102.59765625,103.59375,674
dead,after,0,0.0,1,1,103.59375,104.58984375,709
dead,after,0,0.0,1,1,104.58984375,105.5859375,734
dead,after,0,0.0,1,1,105.5859375,106.58203125,700
dead,after,0,0.0,1,1,106.58203125,107.578125,663
dead,after,0,0.0,1,1,107.578125,108.57421875,631
dead,after,0,0.0,1,1,108.57421875,109.5703125,691
dead,after,0,0.0,1,1,109.5703125,110.56640625,641
dead,after,0,0.0,1,1,110.56640625,111.5625,669
dead,after,0,0.0,1,1,111.5625,112.55859375,634
dead,after,0,0.0,1,1,112.55859375,113.5546875,565
dead,after,0,0.0,1,1,113.5546875,114.55078125,625
dead,after,0,0.0,1,1,114.55078125,115.546875,559
dead,after,0,0.0,1,1,115.546875,116.54296875,560
dead,after,0,0.0,1,1,116.54296875,117.5390625,553
dead,after,0,0.0,1,1,117.5390625,118.53515625,488
dead,after,0,0.0,1,1,118.53515625,119.53125,461
dead,after,0,0.0,1,1,119.53125,120.52734375,482
dead,after,0,0.0,1,1,120.52734375,121.5234375,520
dead,after,0,0.0,1,1,121.5234375,122.51953125,486
dead,after,0,0.0,1,1,122.51953125,123.515625,466
dead,after,0,0.0,1,1,123.515625,124.51171875,485
dead,after,0,0.0,1,1,124.51171875,125.5078125,459
dead,after,0,0.0,1,1,125.5078125,126.50390625,426
dead,after,0,0.0,1,1,126.50390625,127.5,411
dead,after,0,0.0,1,1,127.5,128.49609375,427
dead,after,0,0.0,1,1,128.49609375,129.4921875,467
dead,after,0,0.0,1,1,129.4921875,130.48828125,422
dead,after,0,0.0,1,1,130.48828125,131.484375,405
dead,after,0,0.0,1,1,131.484375,132.48046875,404
dead,after,0,0.0,1,1,132.48046875,133.4765625,352
dead,after,0,0.0,1,1,133.4765625,134.47265625,352
dead,after,0,0.0,1,1,134.47265625,135.46875,403
dead,after,0,0.0,1,1,135.46875,136.46484375,421
dead,after,0,0.0,1,1,136.46484375,137.4609375,391
dead,after,0,0.0,1,1,137.4609375,138.45703125,399
dead,after,0,0.0,1,1,138.45703125,139.453125,385
dead,after,0,0.0,1,1,139.453125,140.44921875,419
dead,after,0,0.0,1,1,140.44921875,141.4453125,387
dead,after,0,0.0,1,1,141.4453125,142.44140625,368
dead,after,0,0.0,1,1,142.44140625,143.4375,340
dead,after,0,0.0,1,1,143.4375,144.43359375,365
dead,after,0,0.0,1,1,144.43359375,145.4296875,312
dead,after,0,0.0,1,1,145.4296875,146.42578125,318
dead,after,0,0.0,1,1,146.42578125,147.421875,300
dead,after,0,0.0,1,1,147.421875,148.41796875,312
dead,after,0,0.0,1,1,148.41796875,149.4140625,297
dead,after,0,0.0,1,1,149.4140625,150.41015625,281
dead,after,0,0.0,1,1,150.41015625,151.40625,273
dead,after,0,0.0,1,1,151.40625,152.40234375,248
dead,after,0,0.0,1,1,152.40234375,153.3984375,257
dead,after,0,0.0,1,1,153.3984375,154.39453125,286
dead,after,0,0.0,1,1,154.39453125,155.390625,248
dead,after,0,0.0,1,1,155.390625,156.38671875,273
dead,after,0,0.0,1,1,156.38671875,157.3828125,254
dead,after,0,0.0,1,1,157.3828125,158.37890625,216
dead,after,0,0.0,1,1,158.37890625,159.375,202
dead,after,0,0.0,1,1,159.375,160.37109375,210
dead,after,0,0.0,1,1,160.37109375,161.3671875,205
dead,after,0,0.0,1,1,161.3671875,162.36328125,203
dead,after,0,0.0,1,1,162.36328125,163.359375,191
dead,after,0,0.0,1,1,163.359375,164.35546875,184
dead,after,0,0.0,1,1,164.35546875,165.3515625,204
dead,after,0,0.0,1,1,165.3515625,166.34765625,191
dead,after,0,0.0,1,1,166.34765625,167.34375,156
dead,after,0,0.0,1,1,167.34375,168.33984375,137
dead,after,0,0.0,1,1,168.33984375,169.3359375,171
dead,after,0,0.0,1,1,169.3359375,170.33203125,138
dead,after,0,0.0,1,1,170.33203125,171.328125,120
dead,after,0,0.0,1,1,171.328125,172.32421875,136
dead,after,0,0.0,1,1,172.32421875,173.3203125,119
dead,after,0,0.0,1,1,173.3203125,174.31640625,145
dead,after,0,0.0,1,1,174.31640625,175.3125,104
dead,after,0,0.0,1,1,175.3125,176.30859375,123
dead,after,0,0.0,1,1,176.30859375,177.3046875,110
dead,after,0,0.0,1,1,177.3046875,178.30078125,102
dead,after,0,0.0,1,1,178.30078125,179.296875,125
dead,after,0,0.0,1,1,179.296875,180.29296875,91
dead,after,0,0.0,1,1,180.29296875,181.2890625,95
dead,after,0,0.0,1,1,181.2890625,182.28515625,110
dead,after,0,0.0,1,1,182.28515625,183.28125,83
dead,after,0,0.0,1,1,183.28125,184.27734375,94
dead,after,0,0.0,1,1,184.27734375,185.2734375,80
dead,after,0,0.0,1,1,185.2734375,186.26953125,90
dead,after,0,0.0,1,1,186.26953125,187.265625,75
dead,after,0,0.0,1,1,187.265625,188.26171875,61
dead,after,0,0.0,1,1,188.26171875,189.2578125,58
dead,after,0,0.0,1,1,189.2578125,190.25390625,63
dead,after,0,0.0,1,1,190.25390625,191.25,51
dead,after,0,0.0,1,1,191.25,192.24609375,58
dead,after,0,0.0,1,1,192.24609375,193.2421875,38
dead,after,0,0.0,1,1,193.2421875,194.23828125,53
dead,after,0,0.0,1,1,194.23828125,195.234375,48
dead,after,0,0.0,1,1,195.234375,196.23046875,55
dead,after,0,0.0,1,1,196.23046875,197.2265625,44
dead,after,0,0.0,1,1,197.2265625,198.22265625,43
dead,after,0,0.0,1,1,198.22265625,199.21875,34
dead,after,0,0.0,1,1,199.21875,200.21484375,35
dead,after,0,0.0,1,1,200.21484375,201.2109375,36
dead,after,0,0.0,1,1,201.2109375,202.20703125,35
dead,after,0,0.0,1,1,202.20703125,203.203125,28
dead,after,0,0.0,1,1,203.203125,204.19921875,34
dead,after,0,0.0,1,1,204.19921875,205.1953125,33
dead,after,0,0.0,1,1,205.1953125,206.19140625,28
dead,after,0,0.0,1,1,206.19140625,207.1875,28
dead,after,0,0.0,1,1,207.1875,208.18359375,18
dead,after,0,0.0,1,1,208.18359375,209.1796875,31
dead,after,0,0.0,1,1,209.1796875,210.17578125,22
dead,after,0,0.0,1,1,210.17578125,211.171875,23
dead,after,0,0.0,1,1,211.171875,212.16796875,21
dead,after,0,0.0,1,1,212.16796875,213.1640625,20
dead,after,0,0.0,1,1,213.1640625,214.16015625,15
dead,after,0,0.0,1,1,214.16015625,215.15625,20
dead,after,0,0.0,1,1,215.15625,216.15234375,16
dead,after,0,0.0,1,1,216.15234375,217.1484375,24
dead,after,0,0.0,1,1,217.1484375,218.14453125,19
dead,after,0,0.0,1,1,218.14453125,219.140625,28
dead,after,0,0.0,1,1,219.140625,220.13671875,21
dead,after,0,0.0,1,1,220.13671875,221.1328125,20
dead,after,0,0.0,1,1,221.1328125,222.12890625,22
dead,after,0,0.0,1,1,222.12890625,223.125,20
dead,after,0,0.0,1,1,223.125,224.12109375,24
dead,after,0,0.0,1,1,224.12109375,225.1171875,22
dead,after,0,0.0,1,1,225.1171875,226.11328125,14
dead,after,0,0.0,1,1,226.11328125,227.109375,20
dead,after,0,0.0,1,1,227.109375,228.10546875,27
dead,after,0,0.0,1,1,228.10546875,229.1015625,23
dead,after,0,0.0,1,1,229.1015625,230.09765625,23
dead,after,0,0.0,1,1,230.09765625,231.09375,24
dead,after,0,0.0,1,1,231.09375,232.08984375,30
dead,after,0,0.0,1,1,232.08984375,233.0859375,22
dead,after,0,0.0,1,1,233.0859375,234.08203125,14
dead,after,0,0.0,1,1,234.08203125,235.078125,12
dead,after,0,0.0,1,1,235.078125,236.07421875,16
dead,after,0,0.0,1,1,236.07421875,237.0703125,12
dead,after,0,0.0,1,1,237.0703125,238.06640625,14
dead,after,0,0.0,1,1,238.06640625,239.0625,18
dead,after,0,0.0,1,1,239.0625,240.05859375,17
dead,after,0,0.0,1,1,240.05859375,241.0546875,17
dead,after,0,0.0,1,1,241.0546875,242.05078125,22
dead,after,0,0.0,1,1,242.05078125,243.046875,21
dead,after,0,0.0,1,1,243.046875,244.04296875,24
dead,after,0,0.0,1,1,244.04296875,245.0390625,41
dead,after,0,0.0,1,1,245.0390625,246.03515625,107
dead,after,0,0.0,1,1,246.03515625,247.03125,106
dead,after,0,0.0,1,1,247.03125,248.02734375,0
dead,after,0,0.0,1,1,248.02734375,249.0234375,0
dead,after,0,0.0,1,1,249.0234375,250.01953125,0
dead,after,0,0.0,1,1,250.01953125,251.015625,0
dead,after,0,0.0,1,1,251.015625,252.01171875,0
dead,after,0,0.0,1,1,252.01171875,253.0078125,0
dead,after,0,0.0,1,1,253.0078125,254.00390625,0
dead,after,0,0.0,1,1,254.00390625,255.0,0
cell,before,0,0.0,1,0,0.0,0.99609375,0
cell,before,0,0.0,1,0,0.99609375,1.9921875,0
cell,before,0,0.0,1,0,1.9921875,2.98828125,0
cell,before,0,0.0,1,0,2.98828125,3.984375,0
cell,before,0,0.0,1,0,3.984375,4.98046875,0
cell,before,0,0.0,1,0,4.98046875,5.9765625,0
cell,before,0,0.0,1,0,5.9765625,6.97265625,0
cell,before,0,0.0,1,0,6.97265625,7.96875,0
cell,before,0,0.0,1,0,7.96875,8.96484375,0
cell,before,0,0.0,1,0,8.96484375,9.9609375,0
cell,before,0,0.0,1,0,9.9609375,10.95703125,0
cell,before,0,0.0,1,0,10.95703125,11.953125,0
cell,before,0,0.0,1,0,11.953125,12.94921875,0
cell,before,0,0.0,1,0,12.94921875,13.9453125,0
cell,before,0,0.0,1,0,13.9453125,14.94140625,0
cell,before,0,0.0,1,0,14.94140625,15.9375,0
cell,before,0,0.0,1,0,15.9375,16.93359375,0
cell,before,0,0.0,1,0,16.93359375,17.9296875,0
cell,before,0,0.0,1,0,17.9296875,18.92578125,0
cell,before,0,0.0,1,0,18.92578125,19.921875,0
cell,before,0,0.0,1,0,19.921875,20.91796875,0
cell,before,0,0.0,1,0,20.91796875,21.9140625,0
cell,before,0,0.0,1,0,21.9140625,22.91015625,0
cell,before,0,0.0,1,0,22.91015625,23.90625,0
cell,before,0,0.0,1,0,23.90625,24.90234375,0
cell,before,0,0.0,1,0,24.90234375,25.8984375,0
cell,before,0,0.0,1,0,25.8984375,26.89453125,0
cell,before,0,0.0,1,0,26.89453125,27.890625,0
cell,before,0,0.0,1,0,27.890625,28.88671875,0
cell,before,0,0.0,1,0,28.88671875,29.8828125,0
cell,before,0,0.0,1,0,29.8828125,30.87890625,0
cell,before,0,0.0,1,0,30.87890625,31.875,0
cell,before,0,0.0,1,0,31.875,32.87109375,0
cell,before,0,0.0,1,0,32.87109375,33.8671875,0
cell,before,0,0.0,1,0,33.8671875,34.86328125,0
cell,before,0,0.0,1,0,34.86328125,35.859375,0
cell,before,0,0.0,1,0,35.859375,36.85546875,0
cell,before,0,0.0,1,0,36.85546875,37.8515625,0
cell,before,0,0.0,1,0,37.8515625,38.84765625,0
cell,before,0,0.0,1,0,38.84765625,39.84375,0
cell,before,0,0.0,1,0,39.84375,40.83984375,0
cell,before,0,0.0,1,0,40.83984375,41.8359375,0
cell,before,0,0.0,1,0,41.8359375,42.83203125,0
cell,before,0,0.0,1,0,42.83203125,43.828125,0
cell,before,0,0.0,1,0,43.828125,44.82421875,0
cell,before,0,0.0,1,0,44.82421875,45.8203125,0
cell,before,0,0.0,1,0,45.8203125,46.81640625,0
cell,before,0,0.0,1,0,46.81640625,47.8125,0
cell,before,0,0.0,1,0,47.8125,48.80859375,0
cell,before,0,0.0,1,0,48.80859375,49.8046875,0
cell,before,0,0.0,1,0,49.8046875,50.80078125,0
cell,before,0,0.0,1,0,50.80078125,51.796875,0
cell,before,0,0.0,1,0,51.796875,52.79296875,0
cell,before,0,0.0,1,0,52.79296875,53.7890625,0
cell,before,0,0.0,1,0,53.7890625,54.78515625,0
cell,before,0,0.0,1,0,54.78515625,55.78125,0
cell,before,0,0.0,1,0,55.78125,56.77734375,0
cell,before,0,0.0,1,0,56.77734375,57.7734375,0
cell,before,0,0.0,1,0,57.7734375,58.76953125,0
cell,before,0,0.0,1,0,58.76953125,59.765625,0
cell,before,0,0.0,1,0,59.765625,60.76171875,0
cell,before,0,0.0,1,0,60.76171875,61.7578125,0
cell,before,0,0.0,1,0,61.7578125,62.75390625,0
cell,before,0,0.0,1,0,62.75390625,63.75,0
cell,before,0,0.0,1,0,63.75,64.74609375,0
cell,before,0,0.0,1,0,64.74609375,65.7421875,0
cell,before,0,0.0,1,0,65.7421875,66.73828125,0
cell,before,0,0.0,1,0,66.73828125,67.734375,0
cell,before,0,0.0,1,0,67.734375,68.73046875,0
cell,before,0,0.0,1,0,68.73046875,69.7265625,0
cell,before,0,0.0,1,0,69.7265625,70.72265625,0
cell,before,0,0.0,1,0,70.72265625,71.71875,0
cell,before,0,0.0,1,0,71.71875,72.71484375,0
cell,before,0,0.0,1,0,72.71484375,73.7109375,0
cell,before,0,0.0,1,0,73.7109375,74.70703125,0
cell,before,0,0.0,1,0,74.70703125,75.703125,0
cell,before,0,0.0,1,0,75.703125,76.69921875,0
cell,before,0,0.0,1,0,76.69921875,77.6953125,0
cell,before,0,0.0,1,0,77.6953125,78.69140625,0
cell,before,0,0.0,1,0,78.69140625,79.6875,0
cell,before,0,0.0,1,0,79.6875,80.68359375,0
cell,before,0,0.0,1,0,80.68359375,81.6796875,0
cell,before,0,0.0,1,0,81.6796875,82.67578125,0
cell,before,0,0.0,1,0,82.67578125,83.671875,0
cell,before,0,0.0,1,0,83.671875,84.66796875,0
cell,before,0,0.0,1,0,84.66796875,85.6640625,0
cell,before,0,0.0,1,0,85.6640625,86.66015625,0
cell,before,0,0.0,1,0,86.66015625,87.65625,0
cell,before,0,0.0,1,0,87.65625,88.65234375,0
cell,before,0,0.0,1,0,88.65234375,89.6484375,0
cell,before,0,0.0,1,0,89.6484375,90.64453125,0
cell,before,0,0.0,1,0,90.64453125,91.640625,0
cell,before,0,0.0,1,0,91.640625,92.63671875,0
cell,before,0,0.0,1,0,92.63671875,93.6328125,0
cell,before,0,0.0,1,0,93.6328125,94.62890625,0
cell,before,0,0.0,1,0,94.62890625,95.625,0
cell,before,0,0.0,1,0,95.625,96.62109375,0
cell,before,0,0.0,1,0,96.62109375,97.6171875,0
cell,before,0,0.0,1,0,97.6171875,98.61328125,0
cell,before,0,0.0,1,0,98.61328125,99.609375,0
cell,before,0,0.0,1,0,99.609375,100.60546875,0
cell,before,0,0.0,1,0,100.60546875,101.6015625,0
cell,before,0,0.0,1,0,101.6015625,102.59765625,0
cell,before,0,0.0,1,0,102.59765625,103.59375,0
cell,before,0,0.0,1,0,103.59375,104.58984375,0
cell,before,0,0.0,1,0,104.58984375,105.5859375,0
cell,before,0,0.0,1,0,105.5859375,106.58203125,0
cell,before,0,0.0,1,0,106.58203125,107.578125,0
cell,before,0,0.0,1,0,107.578125,108.57421875,0
cell,before,0,0.0,1,0,108.57421875,109.5703125,0
cell,before,0,0.0,1,0,109.5703125,110.56640625,0
cell,before,0,0.0,1,0,110.56640625,111.5625,0
cell,before,0,0.0,1,0,111.5625,112.55859375,0
cell,before,0,0.0,1,0,112.55859375,113.5546875,0
cell,before,0,0.0,1,0,113.5546875,114.55078125,0
cell,before,0,0.0,1,0,114.55078125,115.546875,0
cell,before,0,0.0,1,0,115.546875,116.54296875,0
cell,before,0,0.0,1,0,116.54296875,117.5390625,0
cell,before,0,0.0,1,0,117.5390625,118.53515625,0
cell,before,0,0.0,1,0,118.53515625,119.53125,0
cell,before,0,0.0,1,0,119.53125,120.52734375,0
cell,before,0,0.0,1,0,120.52734375,121.5234375,0
cell,before,0,0.0,1,0,121.5234375,122.51953125,0
cell,before,0,0.0,1,0,122.51953125,123.515625,0
cell,before,0,0.0,1,0,123.515625,124.51171875,0
cell,before,0,0.0,1,0,124.51171875,125.5078125,0
cell,before,0,0.0,1,0,125.5078125,126.50390625,0
cell,before,0,0.0,1,0,126.50390625,127.5,0
cell,before,0,0.0,1,0,127.5,128.49609375,0
cell,before,0,0.0,1,0,128.49609375,129.4921875,0
cell,before,0,0.0,1,0,129.4921875,130.48828125,0
cell,before,0,0.0,1,0,130.48828125,131.484375,0
cell,before,0,0.0,1,0,131.484375,132.48046875,0
cell,before,0,0.0,1,0,132.48046875,133.4765625,0
cell,before,0,0.0,1,0,133.4765625,134.47265625,0
cell,before,0,0.0,1,0,134.47265625,135.46875,0
cell,before,0,0.0,1,0,135.46875,136.46484375,0
cell,before,0,0.0,1,0,136.46484375,137.4609375,0
cell,before,0,0.0,1,0,137.4609375,138.45703125,0
cell,before,0,0.0,1,0,138.45703125,139.453125,0
cell,before,0,0.0,1,0,139.453125,140.44921875,0
cell,before,0,0.0,1,0,140.44921875,141.4453125,0
cell,before,0,0.0,1,0,141.4453125,142.44140625,0
cell,before,0,0.0,1,0,142.44140625,143.4375,0
cell,before,0,0.0,1,0,143.4375,144.43359375,0
cell,before,0,0.0,1,0,144.43359375,145.4296875,0
cell,before,0,0.0,1,0,145.4296875,146.42578125,0
cell,before,0,0.0,1,0,146.42578125,147.421875,0
cell,before,0,0.0,1,0,147.421875,148.41796875,0
cell,before,0,0.0,1,0,148.41796875,149.4140625,0
cell,before,0,0.0,1,0,149.4140625,150.41015625,0
cell,before,0,0.0,1,0,150.41015625,151.40625,0
cell,before,0,0.0,1,0,151.40625,152.40234375,0
cell,before,0,0.0,1,0,152.40234375,153.3984375,0
cell,before,0,0.0,1,0,153.3984375,154.39453125,0
cell,before,0,0.0,1,0,154.39453125,155.390625,0
cell,before,0,0.0,1,0,155.390625,156.38671875,0
cell,before,0,0.0,1,0,156.38671875,157.3828125,0
cell,before,0,0.0,1,0,157.3828125,158.37890625,0
cell,before,0,0.0,1,0,158.37890625,159.375,0
cell,before,0,0.0,1,0,159.375,160.37109375,0
cell,before,0,0.0,1,0,160.37109375,161.3671875,0
cell,before,0,0.0,1,0,161.3671875,162.36328125,0
cell,before,0,0.0,1,0,162.36328125,163.359375,0
cell,before,0,0.0,1,0,163.359375,164.35546875,0
cell,before,0,0.0,1,0,164.35546875,165.3515625,0
cell,before,0,0.0,1,0,165.3515625,166.34765625,0
cell,before,0,0.0,1,0,166.34765625,167.34375,0
cell,before,0,0.0,1,0,167.34375,168.33984375,0
cell,before,0,0.0,1,0,168.33984375,169.3359375,0
cell,before,0,0.0,1,0,169.3359375,170.33203125,0
cell,before,0,0.0,1,0,170.33203125,171.328125,0
cell,before,0,0.0,1,0,171.328125,172.32421875,0
cell,before,0,0.0,1,0,172.32421875,173.3203125,0
cell,before,0,0.0,1,0,173.3203125,174.31640625,0
cell,before,0,0.0,1,0,174.31640625,175.3125,0
cell,before,0,0.0,1,0,175.3125,176.30859375,0
cell,before,0,0.0,1,0,176.30859375,177.3046875,0
cell,before,0,0.0,1,0,177.3046875,178.30078125,0
cell,before,0,0.0,1,0,178.30078125,179.296875,0
cell,before,0,0.0,1,0,179.296875,180.29296875,0
cell,before,0,0.0,1,0,180.29296875,181.2890625,0
cell,before,0,0.0,1,0,181.2890625,182.28515625,0
cell,before,0,0.0,1,0,182.28515625,183.28125,0
cell,before,0,0.0,1,0,183.28125,184.27734375,0
cell,before,0,0.0,1,0,184.27734375,185.2734375,0
cell,before,0,0.0,1,0,185.2734375,186.26953125,0
cell,before,0,0.0,1,0,186.26953125,187.265625,0
cell,before,0,0.0,1,0,187.265625,188.26171875,0
cell,before,0,0.0,1,0,188.26171875,189.2578125,0
cell,before,0,0.0,1,0,189.2578125,190.25390625,0
cell,before,0,0.0,1,0,190.25390625,191.25,0
cell,before,0,0.0,1,0,191.25,192.24609375,0
cell,before,0,0.0,1,0,192.24609375,193.2421875,0
cell,before,0,0.0,1,0,193.2421875,194.23828125,0
cell,before,0,0.0,1,0,194.23828125,195.234375,0
cell,before,0,0.0,1,0,195.234375,196.23046875,0
cell,before,0,0.0,1,0,196.23046875,197.2265625,0
cell,before,0,0.0,1,0,197.2265625,198.22265625,0
cell,before,0,0.0,1,0,198.22265625,199.21875,0
cell,before,0,0.0,1,0,199.21875,200.21484375,0
cell,before,0,0.0,1,0,200.21484375,201.2109375,0
cell,before,0,0.0,1,0,201.2109375,202.20703125,0
cell,before,0,0.0,1,0,202.20703125,203.203125,0
cell,before,0,0.0,1,0,203.203125,204.19921875,0
cell,before,0,0.0,1,0,204.19921875,205.1953125,0
cell,before,0,0.0,1,0,205.1953125,206.19140625,0
cell,before,0,0.0,1,0,206.19140625,207.1875,0
cell,before,0,0.0,1,0,207.1875,208.18359375,0
cell,before,0,0.0,1,0,208.18359375,209.1796875,0
cell,before,0,0.0,1,0,209.1796875,210.17578125,0
cell,before,0,0.0,1,0,210.17578125,211.171875,0
cell,before,0,0.0,1,0,211.171875,212.16796875,0
cell,before,0,0.0,1,0,212.16796875,213.1640625,0
cell,before,0,0.0,1,0,213.1640625,214.16015625,0
cell,before,0,0.0,1,0,214.16015625,215.15625,0
cell,before,0,0.0,1,0,215.15625,216.15234375,0
cell,before,0,0.0,1,0,216.15234375,217.1484375,0
cell,before,0,0.0,1,0,217.1484375,218.14453125,0
cell,before,0,0.0,1,0,218.14453125,219.140625,0
cell,before,0,0.0,1,0,219.140625,220.13671875,0
cell,before,0,0.0,1,0,220.13671875,221.1328125,0
cell,before,0,0.0,1,0,221.1328125,222.12890625,0
cell,before,0,0.0,1,0,222.12890625,223.125,0
cell,before,0,0.0,1,0,223.125,224.12109375,0
cell,before,0,0.0,1,0,224.12109375,225.1171875,0
cell,before,0,0.0,1,0,225.1171875,226.11328125,0
cell,before,0,0.0,1,0,226.11328125,227.109375,0
cell,before,0,0.0,1,0,227.109375,228.10546875,0
cell,before,0,0.0,1,0,228.10546875,229.1015625,0
cell,before,0,0.0,1,0,229.1015625,230.09765625,0
cell,before,0,0.0,1,0,230.09765625,231.09375,0
cell,before,0,0.0,1,0,231.09375,232.08984375,0
cell,before,0,0.0,1,0,232.08984375,233.0859375,0
cell,before,0,0.0,1,0,233.0859375,234.08203125,0
cell,before,0,0.0,1,0,234.08203125,235.078125,0
cell,before,0,0.0,1,0,235.078125,236.07421875,0
cell,before,0,0.0,1,0,236.07421875,237.0703125,0
cell,before,0,0.0,1,0,237.0703125,238.06640625,0
cell,before,0,0.0,1,0,238.06640625,239.0625,0
cell,before,0,0.0,1,0,239.0625,240.05859375,0
cell,before,0,0.0,1,0,240.05859375,241.0546875,0
cell,before,0,0.0,1,0,241.0546875,242.05078125,0
cell,before,0,0.0,1,0,242.05078125,243.046875,0
cell,before,0,0.0,1,0,243.046875,244.04296875,0
cell,before,0,0.0,1,0,244.04296875,245.0390625,0
cell,before,0,0.0,1,0,245.0390625,246.03515625,0
cell,before,0,0.0,1,0,246.03515625,247.03125,0
cell,before,0,0.0,1,0,247.03125,248.02734375,0
cell,before,0,0.0,1,0,248.02734375,249.0234375,0
cell,before,0,0.0,1,0,249.0234375,250.01953125,0
cell,before,0,0.0,1,0,250.01953125,251.015625,0
cell,before,0,0.0,1,0,251.015625,252.01171875,0
cell,before,0,0.0,1,0,252.01171875,253.0078125,0
cell,before,0,0.0,1,0,253.0078125,254.00390625,0
cell,before,0,0.0,1,0,254.00390625,255.0,0
cell,after,0,0.0,1,0,0.0,0.99609375,0
cell,after,0,0.0,1,0,0.99609375,1.9921875,0
cell,after,0,0.0,1,0,1.9921875,2.98828125,0
cell,after,0,0.0,1,0,2.98828125,3.984375,0
cell,after,0,0.0,1,0,3.984375,4.98046875,0
cell,after,0,0.0,1,0,4.98046875,5.9765625,0
cell,after,0,0.0,1,0,5.9765625,6.97265625,0
cell,after,0,0.0,1,0,6.97265625,7.96875,0
cell,after,0,0.0,1,0,7.96875,8.96484375,0
cell,after,0,0.0,1,0,8.96484375,9.9609375,0
cell,after,0,0.0,1,0,9.9609375,10.95703125,0
cell,after,0,0.0,1,0,10.95703125,11.953125,0
cell,after,0,0.0,1,0,11.953125,12.94921875,0
cell,after,0,0.0,1,0,12.94921875,13.9453125,0
cell,after,0,0.0,1,0,13.9453125,14.94140625,0
cell,after,0,0.0,1,0,14.94140625,15.9375,0
cell,after,0,0.0,1,0,15.9375,16.93359375,0
cell,after,0,0.0,1,0,16.93359375,17.9296875,0
cell,after,0,0.0,1,0,17.9296875,18.92578125,0
cell,after,0,0.0,1,0,18.92578125,19.921875,0
cell,after,0,0.0,1,0,19.921875,20.91796875,0
cell,after,0,0.0,1,0,20.91796875,21.9140625,0
cell,after,0,0.0,1,0,21.9140625,22.91015625,0
cell,after,0,0.0,1,0,22.91015625,23.90625,0
cell,after,0,0.0,1,0,23.90625,24.90234375,0
cell,after,0,0.0,1,0,24.90234375,25.8984375,0
cell,after,0,0.0,1,0,25.8984375,26.89453125,0
cell,after,0,0.0,1,0,26.89453125,27.890625,0
cell,after,0,0.0,1,0,27.890625,28.88671875,0
cell,after,0,0.0,1,0,28.88671875,29.8828125,0
cell,after,0,0.0,1,0,29.8828125,30.87890625,0
cell,after,0,0.0,1,0,30.87890625,31.875,0
cell,after,0,0.0,1,0,31.875,32.87109375,0
cell,after,0,0.0,1,0,32.87109375,33.8671875,0
cell,after,0,0.0,1,0,33.8671875,34.86328125,0
cell,after,0,0.0,1,0,34.86328125,35.859375,0
cell,after,0,0.0,1,0,35.859375,36.85546875,0
cell,after,0,0.0,1,0,36.85546875,37.8515625,0
cell,after,0,0.0,1,0,37.8515625,38.84765625,0
cell,after,0,0.0,1,0,38.84765625,39.84375,0
cell,after,0,0.0,1,0,39.84375,40.83984375,0
cell,after,0,0.0,1,0,40.83984375,41.8359375,0
cell,after,0,0.0,1,0,41.8359375,42.83203125,0
cell,after,0,0.0,1,0,42.83203125,43.828125,0
cell,after,0,0.0,1,0,43.828125,44.82421875,0
cell,after,0,0.0,1,0,44.82421875,45.8203125,0
cell,after,0,0.0,1,0,45.8203125,46.81640625,0
cell,after,0,0.0,1,0,46.81640625,47.8125,0
cell,after,0,0.0,1,0,47.8125,48.80859375,0
cell,after,0,0.0,1,0,48.80859375,49.8046875,0
cell,after,0,0.0,1,0,49.8046875,50.80078125,0
cell,after,0,0.0,1,0,50.80078125,51.796875,0
cell,after,0,0.0,1,0,51.796875,52.79296875,0
cell,after,0,0.0,1,0,52.79296875,53.7890625,0
cell,after,0,0.0,1,0,53.7890625,54.78515625,0
cell,after,0,0.0,1,0,54.78515625,55.78125,0
cell,after,0,0.0,1,0,55.78125,56.77734375,0
cell,after,0,0.0,1,0,56.77734375,57.7734375,0
cell,after,0,0.0,1,0,57.7734375,58.76953125,0
cell,after,0,0.0,1,0,58.76953125,59.765625,0
cell,after,0,0.0,1,0,59.765625,60.76171875,0
cell,after,0,0.0,1,0,60.76171875,61.7578125,0
cell,after,0,0.0,1,0,61.7578125,62.75390625,0
cell,after,0,0.0,1,0,62.75390625,63.75,0
cell,after,0,0.0,1,0,63.75,64.74609375,0
cell,after,0,0.0,1,0,64.74609375,65.7421875,0
cell,after,0,0.0,1,0,65.7421875,66.73828125,0
cell,after,0,0.0,1,0,66.73828125,67.734375,0
cell,after,0,0.0,1,0,67.734375,68.73046875,0
cell,after,0,0.0,1,0,68.73046875,69.7265625,0
cell,after,0,0.0,1,0,69.7265625,70.72265625,0
cell,after,0,0.0,1,0,70.72265625,71.71875,0
cell,after,0,0.0,1,0,71.71875,72.71484375,0
cell,after,0,0.0,1,0,72.71484375,73.7109375,0
cell,after,0,0.0,1,0,73.7109375,74.70703125,0
cell,after,0,0.0,1,0,74.70703125,75.703125,0
cell,after,0,0.0,1,0,75.703125,76.69921875,0
cell,after,0,0.0,1,0,76.69921875,77.6953125,0
cell,after,0,0.0,1,0,77.6953125,78.69140625,0
cell,after,0,0.0,1,0,78.69140625,79.6875,0
cell,after,0,0.0,1,0,79.6875,80.68359375,0
cell,after,0,0.0,1,0,80.68359375,81.6796875,0
cell,after,0,0.0,1,0,81.6796875,82.67578125,0
cell,after,0,0.0,1,0,82.67578125,83.671875,0
cell,after,0,0.0,1,0,83.671875,84.66796875,0
cell,after,0,0.0,1,0,84.66796875,85.6640625,0
cell,after,0,0.0,1,0,85.6640625,86.66015625,0
cell,after,0,0.0,1,0,86.66015625,87.65625,0
cell,after,0,0.0,1,0,87.65625,88.65234375,0
cell,after,0,0.0,1,0,88.65234375,89.6484375,0
cell,after,0,0.0,1,0,89.6484375,90.64453125,0
cell,after,0,0.0,1,0,90.64453125,91.640625,0
cell,after,0,0.0,1,0,91.640625,92.63671875,0
cell,after,0,0.0,1,0,92.63671875,93.6328125,0
cell,after,0,0.0,1,0,93.6328125,94.62890625,0
cell,after,0,0.0,1,0,94.62890625,95.625,0
cell,after,0,0.0,1,0,95.625,96.62109375,0
cell,after,0,0.0,1,0,96.62109375,97.6171875,0
cell,after,0,0.0,1,0,97.6171875,98.61328125,0
cell,after,0,0.0,1,0,98.61328125,99.609375,0
cell,after,0,0.0,1,0,99.609375,100.60546875,0
cell,after,0,0.0,1,0,100.60546875,101.6015625,0
cell,after,0,0.0,1,0,101.6015625,102.59765625,0
cell,after,0,0.0,1,0,102.59765625,103.59375,0
cell,after,0,0.0,1,0,103.59375,104.58984375,0
cell,after,0,0.0,1,0,104.58984375,105.5859375,0
cell,after,0,0.0,1,0,105.5859375,106.58203125,0
cell,after,0,0.0,1,0,106.58203125,107.578125,0
cell,after,0,0.0,1,0,107.578125,108.57421875,0
cell,after,0,0.0,1,0,108.57421875,109.5703125,0
cell,after,0,0.0,1,0,109.5703125,110.56640625,0
cell,after,0,0.0,1,0,110.56640625,111.5625,0
cell,after,0,0.0,1,0,111.5625,112.55859375,0
cell,after,0,0.0,1,0,112.55859375,113.5546875,0
cell,after,0,0.0,1,0,113.5546875,114.55078125,0
cell,after,0,0.0,1,0,114.55078125,115.546875,0
cell,after,0,0.0,1,0,115.546875,116.54296875,0
cell,after,0,0.0,1,0,116.54296875,117.5390625,0
cell,after,0,0.0,1,0,117.5390625,118.53515625,0
cell,after,0,0.0,1,0,118.53515625,119.53125,0
cell,after,0,0.0,1,0,119.53125,120.52734375,0
cell,after,0,0.0,1,0,120.52734375,121.5234375,0
cell,after,0,0.0,1,0,121.5234375,122.51953125,0
cell,after,0,0.0,1,0,122.51953125,123.515625,0
cell,after,0,0.0,1,0,123.515625,124.51171875,0
cell,after,0,0.0,1,0,124.51171875,125.5078125,0
cell,after,0,0.0,1,0,125.5078125,126.50390625,0
cell,after,0,0.0,1,0,126.50390625,127.5,0
cell,after,0,0.0,1,0,127.5,128.49609375,0
cell,after,0,0.0,1,0,128.49609375,129.4921875,0
cell,after,0,0.0,1,0,129.4921875,130.48828125,0
cell,after,0,0.0,1,0,130.48828125,131.484375,0
cell,after,0,0.0,1,0,131.484375,132.48046875,0
cell,after,0,0.0,1,0,132.48046875,133.4765625,0
cell,after,0,0.0,1,0,133.4765625,134.47265625,0
cell,after,0,0.0,1,0,134.47265625,135.46875,0
cell,after,0,0.0,1,0,135.46875,136.46484375,0
cell,after,0,0.0,1,0,136.46484375,137.4609375,0
cell,after,0,0.0,1,0,137.4609375,138.45703125,0
cell,after,0,0.0,1,0,138.45703125,139.453125,0
cell,after,0,0.0,1,0,139.453125,140.44921875,0
cell,after,0,0.0,1,0,140.44921875,141.4453125,0
cell,after,0,0.0,1,0,141.4453125,142.44140625,0
cell,after,0,0.0,1,0,142.44140625,143.4375,0
cell,after,0,0.0,1,0,143.4375,144.43359375,0
cell,after,0,0.0,1,0,144.43359375,145.4296875,0
cell,after,0,0.0,1,0,145.4296875,146.42578125,0
cell,after,0,0.0,1,0,146.42578125,147.421875,0
cell,after,0,0.0,1,0,147.421875,148.41796875,0
cell,after,0,0.0,1,0,148.41796875,149.4140625,0
cell,after,0,0.0,1,0,149.4140625,150.41015625,0
cell,after,0,0.0,1,0,150.41015625,151.40625,0
cell,after,0,0.0,1,0,151.40625,152.40234375,0
cell,after,0,0.0,1,0,152.40234375,153.3984375,0
cell,after,0,0.0,1,0,153.3984375,154.39453125,0
cell,after,0,0.0,1,0,154.39453125,155.390625,0
cell,after,0,0.0,1,0,155.390625,156.38671875,0
cell,after,0,0.0,1,0,156.38671875,157.3828125,0
cell,after,0,0.0,1,0,157.3828125,158.37890625,0
cell,after,0,0.0,1,0,158.37890625,159.375,0
cell,after,0,0.0,1,0,159.375,160.37109375,0
cell,after,0,0.0,1,0,160.37109375,161.3671875,0
cell,after,0,0.0,1,0,161.3671875,162.36328125,0
cell,after,0,0.0,1,0,162.36328125,163.359375,0
cell,after,0,0.0,1,0,163.359375,164.35546875,0
cell,after,0,0.0,1,0,164.35546875,165.3515625,0
cell,after,0,0.0,1,0,165.3515625,166.34765625,0
cell,after,0,0.0,1,0,166.34765625,167.34375,0
cell,after,0,0.0,1,0,167.34375,168.33984375,0
cell,after,0,0.0,1,0,168.33984375,169.3359375,0
cell,after,0,0.0,1,0,169.3359375,170.33203125,0
cell,after,0,0.0,1,0,170.33203125,171.328125,0
cell,after,0,0.0,1,0,171.328125,172.32421875,0
cell,after,0,0.0,1,0,172.32421875,173.3203125,0
cell,after,0,0.0,1,0,173.3203125,174.31640625,0
cell,after,0,0.0,1,0,174.31640625,175.3125,0
cell,after,0,0.0,1,0,175.3125,176.30859375,0
cell,after,0,0.0,1,0,176.30859375,177.3046875,0
cell,after,0,0.0,1,0,177.3046875,178.30078125,0
cell,after,0,0.0,1,0,178.30078125,179.296875,0
cell,after,0,0.0,1,0,179.296875,180.29296875,0
cell,after,0,0.0,1,0,180.29296875,181.2890625,0
cell,after,0,0.0,1,0,181.2890625,182.28515625,0
cell,after,0,0.0,1,0,182.28515625,183.28125,0
cell,after,0,0.0,1,0,183.28125,184.27734375,0
cell,after,0,0.0,1,0,184.27734375,185.2734375,0
cell,after,0,0.0,1,0,185.2734375,186.26953125,0
cell,after,0,0.0,1,0,186.26953125,187.265625,0
cell,after,0,0.0,1,0,187.265625,188.26171875,0
cell,after,0,0.0,1,0,188.26171875,189.2578125,0
cell,after,0,0.0,1,0,189.2578125,190.25390625,0
cell,after,0,0.0,1,0,190.25390625,191.25,0
cell,after,0,0.0,1,0,191.25,192.24609375,0
cell,after,0,0.0,1,0,192.24609375,193.2421875,0
cell,after,0,0.0,1,0,193.2421875,194.23828125,0
cell,after,0,0.0,1,0,194.23828125,195.234375,0
cell,after,0,0.0,1,0,195.234375,196.23046875,0
cell,after,0,0.0,1,0,196.23046875,197.2265625,0
cell,after,0,0.0,1,0,197.2265625,198.22265625,0
cell,after,0,0.0,1,0,198.22265625,199.21875,0
cell,after,0,0.0,1,0,199.21875,200.21484375,0
cell,after,0,0.0,1,0,200.21484375,201.2109375,0
cell,after,0,0.0,1,0,201.2109375,202.20703125,0
cell,after,0,0.0,1,0,202.20703125,203.203125,0
cell,after,0,0.0,1,0,203.203125,204.19921875,0
cell,after,0,0.0,1,0,204.19921875,205.1953125,0
cell,after,0,0.0,1,0,205.1953125,206.19140625,0
cell,after,0,0.0,1,0,206.19140625,207.1875,0
cell,after,0,0.0,1,0,207.1875,208.18359375,0
cell,after,0,0.0,1,0,208.18359375,209.1796875,0
cell,after,0,0.0,1,0,209.1796875,210.17578125,0
cell,after,0,0.0,1,0,210.17578125,211.171875,0
cell,after,0,0.0,1,0,211.171875,212.16796875,0
cell,after,0,0.0,1,0,212.16796875,213.1640625,0
cell,after,0,0.0,1,0,213.1640625,214.16015625,0
cell,after,0,0.0,1,0,214.16015625,215.15625,0
cell,after,0,0.0,1,0,215.15625,216.15234375,0
cell,after,0,0.0,1,0,216.15234375,217.1484375,0
cell,after,0,0.0,1,0,217.1484375,218.14453125,0
cell,after,0,0.0,1,0,218.14453125,219.140625,0
cell,after,0,0.0,1,0,219.140625,220.13671875,0
cell,after,0,0.0,1,0,220.13671875,221.1328125,0
cell,after,0,0.0,1,0,221.1328125,222.12890625,0
cell,after,0,0.0,1,0,222.12890625,223.125,0
cell,after,0,0.0,1,0,223.125,224.12109375,0
cell,after,0,0.0,1,0,224.12109375,225.1171875,0
cell,after,0,0.0,1,0,225.1171875,226.11328125,0
cell,after,0,0.0,1,0,226.11328125,227.109375,0
cell,after,0,0.0,1,0,227.109375,228.10546875,0
cell,after,0,0.0,1,0,228.10546875,229.1015625,0
cell,after,0,0.0,1,0,229.1015625,230.09765625,0
cell,after,0,0.0,1,0,230.09765625,231.09375,0
cell,after,0,0.0,1,0,231.09375,232.08984375,0
cell,after,0,0.0,1,0,232.08984375,233.0859375,0
cell,after,0,0.0,1,0,233.0859375,234.08203125,0
cell,after,0,0.0,1,0,234.08203125,235.078125,0
cell,after,0,0.0,1,0,235.078125,236.07421875,0
cell,after,0,0.0,1,0,236.07421875,237.0703125,0
cell,after,0,0.0,1,0,237.0703125,238.06640625,0
cell,after,0,0.0,1,0,238.06640625,239.0625,0
cell,after,0,0.0,1,0,239.0625,240.05859375,0
cell,after,0,0.0,1,0,240.05859375,241.0546875,0
cell,after,0,0.0,1,0,241.0546875,242.05078125,0
cell,after,0,0.0,1,0,242.05078125,243.046875,0
cell,after,0,0.0,1,0,243.046875,244.04296875,0
cell,after,0,0.0,1,0,244.04296875,245.0390625,0
cell,after,0,0.0,1,0,245.0390625,246.03515625,0
cell,after,0,0.0,1,0,246.03515625,247.03125,0
cell,after,0,0.0,1,0,247.03125,248.02734375,0
cell,after,0,0.0,1,0,248.02734375,249.0234375,0
cell,after,0,0.0,1,0,249.0234375,250.01953125,0
cell,after,0,0.0,1,0,250.01953125,251.015625,0
cell,after,0,0.0,1,0,251.015625,252.01171875,0
cell,after,0,0.0,1,0,252.01171875,253.0078125,0
cell,after,0,0.0,1,0,253.0078125,254.00390625,0
cell,after,0,0.0,1,0,254.00390625,255.0,0
live,before,0,0.0,2,2,0.0,0.99609375,0
live,before,0,0.0,2,2,0.99609375,1.9921875,0
live,before,0,0.0,2,2,1.9921875,2.98828125,0
live,before,0,0.0,2,2,2.98828125,3.984375,0
live,before,0,0.0,2,2,3.984375,4.98046875,0
live,before,0,0.0,2,2,4.98046875,5.9765625,0
live,before,0,0.0,2,2,5.9765625,6.97265625,0
live,before,0,0.0,2,2,6.97265625,7.96875,0
live,before,0,0.0,2,2,7.96875,8.96484375,0
live,before,0,0.0,2,2,8.96484375,9.9609375,0
live,before,0,0.0,2,2,9.9609375,10.95703125,0
live,before,0,0.0,2,2,10.95703125,11.953125,0
live,before,0,0.0,2,2,11.953125,12.94921875,0
live,before,0,0.0,2,2,12.94921875,13.9453125,0
live,before,0,0.0,2,2,13.9453125,14.94140625,0
live,before,0,0.0,2,2,14.94140625,15.9375,0
live,before,0,0.0,2,2,15.9375,16.93359375,0
live,before,0,0.0,2,2,16.93359375,17.9296875,0
live,before,0,0.0,2,2,17.9296875,18.92578125,0
live,before,0,0.0,2,2,18.92578125,19.921875,0
live,before,0,0.0,2,2,19.921875,20.91796875,0
live,before,0,0.0,2,2,20.91796875,21.9140625,0
live,before,0,0.0,2,2,21.9140625,22.91015625,0
live,before,0,0.0,2,2,22.91015625,23.90625,0
live,before,0,0.0,2,2,23.90625,24.90234375,0
live,before,0,0.0,2,2,24.90234375,25.8984375,0
live,before,0,0.0,2,2,25.8984375,26.89453125,0
live,before,0,0.0,2,2,26.89453125,27.890625,0
live,before,0,0.0,2,2,27.890625,28.88671875,0
live,before,0,0.0,2,2,28.88671875,29.8828125,0
live,before,0,0.0,2,2,29.8828125,30.87890625,0
live,before,0,0.0,2,2,30.87890625,31.875,0
live,before,0,0.0,2,2,31.875,32.87109375,0
live,before,0,0.0,2,2,32.87109375,33.8671875,0
live,before,0,0.0,2,2,33.8671875,34.86328125,0
live,before,0,0.0,2,2,34.86328125,35.859375,0
live,before,0,0.0,2,2,35.859375,36.85546875,0
live,before,0,0.0,2,2,36.85546875,37.8515625,0
live,before,0,0.0,2,2,37.8515625,38.84765625,0
live,before,0,0.0,2,2,38.84765625,39.84375,0
live,before,0,0.0,2,2,39.84375,40.83984375,0
live,before,0,0.0,2,2,40.83984375,41.8359375,0
live,before,0,0.0,2,2,41.8359375,42.83203125,0
live,before,0,0.0,2,2,42.83203125,43.828125,0
live,before,0,0.0,2,2,43.828125,44.82421875,0
live,before,0,0.0,2,2,44.82421875,45.8203125,0
live,before,0,0.0,2,2,45.8203125,46.81640625,0
live,before,0,0.0,2,2,46.81640625,47.8125,0
live,before,0,0.0,2,2,47.8125,48.80859375,0
live,before,0,0.0,2,2,48.80859375,49.8046875,0
live,before,0,0.0,2,2,49.8046875,50.80078125,0
live,before,0,0.0,2,2,50.80078125,51.796875,0
live,before,0,0.0,2,2,51.796875,52.79296875,0
live,before,0,0.0,2,2,52.79296875,53.7890625,0
live,before,0,0.0,2,2,53.7890625,54.78515625,0
live,before,0,0.0,2,2,54.78515625,55.78125,0
live,before,0,0.0,2,2,55.78125,56.77734375,0
live,before,0,0.0,2,2,56.77734375,57.7734375,0
live,before,0,0.0,2,2,57.7734375,58.76953125,0
live,before,0,0.0,2,2,58.76953125,59.765625,0
live,before,0,0.0,2,2,59.765625,60.76171875,0
live,before,0,0.0,2,2,60.76171875,61.7578125,0
live,before,0,0.0,2,2,61.7578125,62.75390625,0
live,before,0,0.0,2,2,62.75390625,63.75,0
live,before,0,0.0,2,2,63.75,64.74609375,0
live,before,0,0.0,2,2,64.74609375,65.7421875,0
live,before,0,0.0,2,2,65.7421875,66.73828125,0
live,before,0,0.0,2,2,66.73828125,67.734375,0
live,before,0,0.0,2,2,67.734375,68.73046875,0
live,before,0,0.0,2,2,68.73046875,69.7265625,0
live,before,0,0.0,2,2,69.7265625,70.72265625,0
live,before,0,0.0,2,2,70.72265625,71.71875,0
live,before,0,0.0,2,2,71.71875,72.71484375,0
live,before,0,0.0,2,2,72.71484375,73.7109375,0
live,before,0,0.0,2,2,73.7109375,74.70703125,0
live,before,0,0.0,2,2,74.70703125,75.703125,0
live,before,0,0.0,2,2,75.703125,76.69921875,0
live,before,0,0.0,2,2,76.69921875,77.6953125,0
live,before,0,0.0,2,2,77.6953125,78.69140625,0
live,before,0,0.0,2,2,78.69140625,79.6875,0
live,before,0,0.0,2,2,79.6875,80.68359375,0
live,before,0,0.0,2,2,80.68359375,81.6796875,0
live,before,0,0.0,2,2,81.6796875,82.67578125,0
live,before,0,0.0,2,2,82.67578125,83.671875,0
live,before,0,0.0,2,2,83.671875,84.66796875,0
live,before,0,0.0,2,2,84.66796875,85.6640625,0
live,before,0,0.0,2,2,85.6640625,86.66015625,0
live,before,0,0.0,2,2,86.66015625,87.65625,0
live,before,0,0.0,2,2,87.65625,88.65234375,0
live,before,0,0.0,2,2,88.65234375,89.6484375,0
live,before,0,0.0,2,2,89.6484375,90.64453125,0
live,before,0,0.0,2,2,90.64453125,91.640625,0
live,before,0,0.0,2,2,91.640625,92.63671875,0
live,before,0,0.0,2,2,92.63671875,93.6328125,0
live,before,0,0.0,2,2,93.6328125,94.62890625,0
live,before,0,0.0,2,2,94.62890625,95.625,0
live,before,0,0.0,2,2,95.625,96.62109375,0
live,before,0,0.0,2,2,96.62109375,97.6171875,0
live,before,0,0.0,2,2,97.6171875,98.61328125,0
live,before,0,0.0,2,2,98.61328125,99.609375,0
live,before,0,0.0,2,2,99.609375,100.60546875,0
live,before,0,0.0,2,2,100.60546875,101.6015625,0
live,before,0,0.0,2,2,101.6015625,102.59765625,0
live,before,0,0.0,2,2,102.59765625,103.59375,0
live,before,0,0.0,2,2,103.59375,104.58984375,0
live,before,0,0.0,2,2,104.58984375,105.5859375,0
live,before,0,0.0,2,2,105.5859375,106.58203125,0
live,before,0,0.0,2,2,106.58203125,107.578125,0
live,before,0,0.0,2,2,107.578125,108.57421875,0
live,before,0,0.0,2,2,108.57421875,109.5703125,0
live,before,0,0.0,2,2,109.5703125,110.56640625,0
live,before,0,0.0,2,2,110.56640625,111.5625,0
live,before,0,0.0,2,2,111.5625,112.55859375,0
live,before,0,0.0,2,2,112.55859375,113.5546875,0
live,before,0,0.0,2,2,113.5546875,114.55078125,0
live,before,0,0.0,2,2,114.55078125,115.546875,0
live,before,0,0.0,2,2,115.546875,116.54296875,0
live,before,0,0.0,2,2,116.54296875,117.5390625,0
live,before,0,0.0,2,2,117.5390625,118.53515625,0
live,before,0,0.0,2,2,118.53515625,119.53125,0
live,before,0,0.0,2,2,119.53125,120.52734375,0
live,before,0,0.0,2,2,120.52734375,121.5234375,0
live,before,0,0.0,2,2,121.5234375,122.51953125,0
live,before,0,0.0,2,2,122.51953125,123.515625,0
live,before,0,0.0,2,2,123.515625,124.51171875,0
live,before,0,0.0,2,2,124.51171875,125.5078125,0
live,before,0,0.0,2,2,125.5078125,126.50390625,0
live,before,0,0.0,2,2,126.50390625,127.5,0
live,before,0,0.0,2,2,127.5,128.49609375,0
live,before,0,0.0,2,2,128.49609375,129.4921875,0
live,before,0,0.0,2,2,129.4921875,130.48828125,0
live,before,0,0.0,2,2,130.48828125,131.484375,0
live,before,0,0.0,2,2,131.484375,132.48046875,0
live,before,0,0.0,2,2,132.48046875,133.4765625,0
live,before,0,0.0,2,2,133.4765625,134.47265625,0
live,before,0,0.0,2,2,134.47265625,135.46875,0
live,before,0,0.0,2,2,135.46875,136.46484375,0
live,before,0,0.0,2,2,136.46484375,137.4609375,0
live,before,0,0.0,2,2,137.4609375,138.45703125,0
live,before,0,0.0,2,2,138.45703125,139.453125,0
live,before,0,0.0,2,2,139.453125,140.44921875,0
live,before,0,0.0,2,2,140.44921875,141.4453125,0
live,before,0,0.0,2,2,141.4453125,142.44140625,0
live,before,0,0.0,2,2,142.44140625,143.4375,0
live,before,0,0.0,2,2,143.4375,144.43359375,0
live,before,0,0.0,2,2,144.43359375,145.4296875,0
live,before,0,0.0,2,2,145.4296875,146.42578125,0
live,before,0,0.0,2,2,146.42578125,147.421875,0
live,before,0,0.0,2,2,147.421875,148.41796875,0
live,before,0,0.0,2,2,148.41796875,149.4140625,0
live,before,0,0.0,2,2,149.4140625,150.41015625,0
live,before,0,0.0,2,2,150.41015625,151.40625,0
live,before,0,0.0,2,2,151.40625,152.40234375,0
live,before,0,0.0,2,2,152.40234375,153.3984375,0
live,before,0,0.0,2,2,153.3984375,154.39453125,0
live,before,0,0.0,2,2,154.39453125,155.390625,0
live,before,0,0.0,2,2,155.390625,156.38671875,0
live,before,0,0.0,2,2,156.38671875,157.3828125,0
live,before,0,0.0,2,2,157.3828125,158.37890625,0
live,before,0,0.0,2,2,158.37890625,159.375,0
live,before,0,0.0,2,2,159.375,160.37109375,0
live,before,0,0.0,2,2,160.37109375,161.3671875,0
live,before,0,0.0,2,2,161.3671875,162.36328125,0
live,before,0,0.0,2,2,162.36328125,163.359375,0
live,before,0,0.0,2,2,163.359375,164.35546875,0
live,before,0,0.0,2,2,164.35546875,165.3515625,0
live,before,0,0.0,2,2,165.3515625,166.34765625,0
live,before,0,0.0,2,2,166.34765625,167.34375,0
live,before,0,0.0,2,2,167.34375,168.33984375,0
live,before,0,0.0,2,2,168.33984375,169.3359375,0
live,before,0,0.0,2,2,169.3359375,170.33203125,0
live,before,0,0.0,2,2,170.33203125,171.328125,0
live,before,0,0.0,2,2,171.328125,172.32421875,0
live,before,0,0.0,2,2,172.32421875,173.3203125,0
live,before,0,0.0,2,2,173.3203125,174.31640625,0
live,before,0,0.0,2,2,174.31640625,175.3125,0
live,before,0,0.0,2,2,175.3125,176.30859375,0
live,before,0,0.0,2,2,176.30859375,177.3046875,0
live,before,0,0.0,2,2,177.3046875,178.30078125,0
live,before,0,0.0,2,2,178.30078125,179.296875,0
live,before,0,0.0,2,2,179.296875,180.29296875,0
live,before,0,0.0,2,2,180.29296875,181.2890625,0
live,before,0,0.0,2,2,181.2890625,182.28515625,0
live,before,0,0.0,2,2,182.28515625,183.28125,0
live,before,0,0.0,2,2,183.28125,184.27734375,0
live,before,0,0.0,2,2,184.27734375,185.2734375,0
live,before,0,0.0,2,2,185.2734375,186.26953125,0
live,before,0,0.0,2,2,186.26953125,187.265625,0
live,before,0,0.0,2,2,187.265625,188.26171875,0
live,before,0,0.0,2,2,188.26171875,189.2578125,0
live,before,0,0.0,2,2,189.2578125,190.25390625,0
live,before,0,0.0,2,2,190.25390625,191.25,0
live,before,0,0.0,2,2,191.25,192.24609375,0
live,before,0,0.0,2,2,192.24609375,193.2421875,0
live,before,0,0.0,2,2,193.2421875,194.23828125,0
live,before,0,0.0,2,2,194.23828125,195.234375,0
live,before,0,0.0,2,2,195.234375,196.23046875,0
live,before,0,0.0,2,2,196.23046875,197.2265625,0
live,before,0,0.0,2,2,197.2265625,198.22265625,0
live,before,0,0.0,2,2,198.22265625,199.21875,0
live,before,0,0.0,2,2,199.21875,200.21484375,0
live,before,0,0.0,2,2,200.21484375,201.2109375,0
live,before,0,0.0,2,2,201.2109375,202.20703125,0
live,before,0,0.0,2,2,202.20703125,203.203125,0
live,before,0,0.0,2,2,203.203125,204.19921875,0
live,before,0,0.0,2,2,204.19921875,205.1953125,0
live,before,0,0.0,2,2,205.1953125,206.19140625,0
live,before,0,0.0,2,2,206.19140625,207.1875,0
live,before,0,0.0,2,2,207.1875,208.18359375,0
live,before,0,0.0,2,2,208.18359375,209.1796875,0
live,before,0,0.0,2,2,209.1796875,210.17578125,0
live,before,0,0.0,2,2,210.17578125,211.171875,0
live,before,0,0.0,2,2,211.171875,212.16796875,0
live,before,0,0.0,2,2,212.16796875,213.1640625,0
live,before,0,0.0,2,2,213.1640625,214.16015625,0
live,before,0,0.0,2,2,214.16015625,215.15625,0
live,before,0,0.0,2,2,215.15625,216.15234375,0
live,before,0,0.0,2,2,216.15234375,217.1484375,0
live,before,0,0.0,2,2,217.1484375,218.14453125,0
live,before,0,0.0,2,2,218.14453125,219.140625,0
live,before,0,0.0,2,2,219.140625,220.13671875,0
live,before,0,0.0,2,2,220.13671875,221.1328125,0
live,before,0,0.0,2,2,221.1328125,222.12890625,0
live,before,0,0.0,2,2,222.12890625,223.125,0
live,before,0,0.0,2,2,223.125,224.12109375,0
live,before,0,0.0,2,2,224.12109375,225.1171875,0
live,before,0,0.0,2,2,225.1171875,226.11328125,0
live,before,0,0.0,2,2,226.11328125,227.109375,0
live,before,0,0.0,2,2,227.109375,228.10546875,0
live,before,0,0.0,2,2,228.10546875,229.1015625,0
live,before,0,0.0,2,2,229.1015625,230.09765625,0
live,before,0,0.0,2,2,230.09765625,231.09375,0
live,before,0,0.0,2,2,231.09375,232.08984375,0
live,before,0,0.0,2,2,232.08984375,233.0859375,0
live,before,0,0.0,2,2,233.0859375,234.08203125,0
live,before,0,0.0,2,2,234.08203125,235.078125,0
live,before,0,0.0,2,2,235.078125,236.07421875,0
live,before,0,0.0,2,2,236.07421875,237.0703125,0
live,before,0,0.0,2,2,237.0703125,238.06640625,0
live,before,0,0.0,2,2,238.06640625,239.0625,0
live,before,0,0.0,2,2,239.0625,240.05859375,0
live,before,0,0.0,2,2,240.05859375,241.0546875,0
live,before,0,0.0,2,2,241.0546875,242.05078125,0
live,before,0,0.0,2,2,242.05078125,243.046875,0
live,before,0,0.0,2,2,243.046875,244.04296875,0
live,before,0,0.0,2,2,244.04296875,245.0390625,0
live,before,0,0.0,2,2,245.0390625,246.03515625,0
live,before,0,0.0,2,2,246.03515625,247.03125,0
live,before,0,0.0,2,2,247.03125,248.02734375,0
live,before,0,0.0,2,2,248.02734375,249.0234375,0
live,before,0,0.0,2,2,249.0234375,250.01953125,0
live,before,0,0.0,2,2,250.01953125,251.015625,0
live,before,0,0.0,2,2,251.015625,252.01171875,0
live,before,0,0.0,2,2,252.01171875,253.0078125,0
live,before,0,0.0,2,2,253.0078125,254.00390625,0
live,before,0,0.0,2,2,254.00390625,255.0,0
live,corrected,0,0.0,2,2,754.0,1007.05078125,179188
live,corrected,0,0.0,2,2,1007.05078125,1260.1015625,115939
live,corrected,0,0.0,2,2,1260.1015625,1513.15234375,83134
live,corrected,0,0.0,2,2,1513.15234375,1766.203125,64027
live,corrected,0,0.0,2,2,1766.203125,2019.25390625,51966
live,corrected,0,0.0,2,2,2019.25390625,2272.3046875,44419
live,corrected,0,0.0,2,2,2272.3046875,2525.35546875,37729
live,corrected,0,0.0,2,2,2525.35546875,2778.40625,32380
live,corrected,0,0.0,2,2,2778.40625,3031.45703125,27932
live,corrected,0,0.0,2,2,3031.45703125,3284.5078125,24308
live,corrected,0,0.0,2,2,3284.5078125,3537.55859375,21224
live,corrected,0,0.0,2,2,3537.55859375,3790.609375,19004
live,corrected,0,0.0,2,2,3790.609375,4043.66015625,17994
live,corrected,0,0.0,2,2,4043.66015625,4296.7109375,16122
live,corrected,0,0.0,2,2,4296.7109375,4549.76171875,14408
live,corrected,0,0.0,2,2,4549.76171875,4802.8125,13426
live,corrected,0,0.0,2,2,4802.8125,5055.86328125,12132
live,corrected,0,0.0,2,2,5055.86328125,5308.9140625,10756
live,corrected,0,0.0,2,2,5308.9140625,5561.96484375,9966
live,corrected,0,0.0,2,2,5561.96484375,5815.015625,9487
live,corrected,0,0.0,2,2,5815.015625,6068.06640625,8863
live,corrected,0,0.0,2,2,6068.06640625,6321.1171875,8479
live,corrected,0,0.0,2,2,6321.1171875,6574.16796875,7343
live,corrected,0,0.0,2,2,6574.16796875,6827.21875,6106
live,corrected,0,0.0,2,2,6827.21875,7080.26953125,5491
live,corrected,0,0.0,2,2,7080.26953125,7333.3203125,5098
live,corrected,0,0.0,2,2,7333.3203125,7586.37109375,4889
live,corrected,0,0.0,2,2,7586.37109375,7839.421875,4522
live,corrected,0,0.0,2,2,7839.421875,8092.47265625,4107
live,corrected,0,0.0,2,2,8092.47265625,8345.5234375,3787
live,corrected,0,0.0,2,2,8345.5234375,8598.57421875,3260
live,corrected,0,0.0,2,2,8598.57421875,8851.625,2792
live,corrected,0,0.0,2,2,8851.625,9104.67578125,2584
live,corrected,0,0.0,2,2,9104.67578125,9357.7265625,2331
live,corrected,0,0.0,2,2,9357.7265625,9610.77734375,2273
live,corrected,0,0.0,2,2,9610.77734375,9863.828125,2093
live,corrected,0,0.0,2,2,9863.828125,10116.87890625,1927
live,corrected,0,0.0,2,2,10116.87890625,10369.9296875,1819
live,corrected,0,0.0,2,2,10369.9296875,10622.98046875,1663
live,corrected,0,0.0,2,2,10622.98046875,10876.03125,1577
live,corrected,0,0.0,2,2,10876.03125,11129.08203125,1471
live,corrected,0,0.0,2,2,11129.08203125,11382.1328125,1371
live,corrected,0,0.0,2,2,11382.1328125,11635.18359375,1180
live,corrected,0,0.0,2,2,11635.18359375,11888.234375,1073
live,corrected,0,0.0,2,2,11888.234375,12141.28515625,1028
live,corrected,0,0.0,2,2,12141.28515625,12394.3359375,935
live,corrected,0,0.0,2,2,12394.3359375,12647.38671875,815
live,corrected,0,0.0,2,2,12647.38671875,12900.4375,718
live,corrected,0,0.0,2,2,12900.4375,13153.48828125,687
live,corrected,0,0.0,2,2,13153.48828125,13406.5390625,607
live,corrected,0,0.0,2,2,13406.5390625,13659.58984375,577
live,corrected,0,0.0,2,2,13659.58984375,13912.640625,495
live,corrected,0,0.0,2,2,13912.640625,14165.69140625,444
live,corrected,0,0.0,2,2,14165.69140625,14418.7421875,386
live,corrected,0,0.0,2,2,14418.7421875,14671.79296875,367
live,corrected,0,0.0,2,2,14671.79296875,14924.84375,303
live,corrected,0,0.0,2,2,14924.84375,15177.89453125,273
live,corrected,0,0.0,2,2,15177.89453125,15430.9453125,260
live,corrected,0,0.0,2,2,15430.9453125,15683.99609375,206
live,corrected,0,0.0,2,2,15683.99609375,15937.046875,244
live,corrected,0,0.0,2,2,15937.046875,16190.09765625,212
live,corrected,0,0.0,2,2,16190.09765625,16443.1484375,207
live,corrected,0,0.0,2,2,16443.1484375,16696.19921875,175
live,corrected,0,0.0,2,2,16696.19921875,16949.25,192
live,corrected,0,0.0,2,2,16949.25,17202.30078125,153
live,corrected,0,0.0,2,2,17202.30078125,17455.3515625,161
live,corrected,0,0.0,2,2,17455.3515625,17708.40234375,200
live,corrected,0,0.0,2,2,17708.40234375,17961.453125,143
live,corrected,0,0.0,2,2,17961.453125,18214.50390625,160
live,corrected,0,0.0,2,2,18214.50390625,18467.5546875,144
live,corrected,0,0.0,2,2,18467.5546875,18720.60546875,161
live,corrected,0,0.0,2,2,18720.60546875,18973.65625,131
live,corrected,0,0.0,2,2,18973.65625,19226.70703125,150
live,corrected,0,0.0,2,2,19226.70703125,19479.7578125,168
live,corrected,0,0.0,2,2,19479.7578125,19732.80859375,139
live,corrected,0,0.0,2,2,19732.80859375,19985.859375,97
live,corrected,0,0.0,2,2,19985.859375,20238.91015625,104
live,corrected,0,0.0,2,2,20238.91015625,20491.9609375,82
live,corrected,0,0.0,2,2,20491.9609375,20745.01171875,67
live,corrected,0,0.0,2,2,20745.01171875,20998.0625,79
live,corrected,0,0.0,2,2,20998.0625,21251.11328125,76
live,corrected,0,0.0,2,2,21251.11328125,21504.1640625,72
live,corrected,0,0.0,2,2,21504.1640625,21757.21484375,58
live,corrected,0,0.0,2,2,21757.21484375,22010.265625,73
live,corrected,0,0.0,2,2,22010.265625,22263.31640625,62
live,corrected,0,0.0,2,2,22263.31640625,22516.3671875,67
live,corrected,0,0.0,2,2,22516.3671875,22769.41796875,50
live,corrected,0,0.0,2,2,22769.41796875,23022.46875,64
live,corrected,0,0.0,2,2,23022.46875,23275.51953125,56
live,corrected,0,0.0,2,2,23275.51953125,23528.5703125,71
live,corrected,0,0.0,2,2,23528.5703125,23781.62109375,43
live,corrected,0,0.0,2,2,23781.62109375,24034.671875,51
live,corrected,0,0.0,2,2,24034.671875,24287.72265625,62
live,corrected,0,0.0,2,2,24287.72265625,24540.7734375,58
live,corrected,0,0.0,2,2,24540.7734375,24793.82421875,49
live,corrected,0,0.0,2,2,24793.82421875,25046.875,54
live,corrected,0,0.0,2,2,25046.875,25299.92578125,46
live,corrected,0,0.0,2,2,25299.92578125,25552.9765625,53
live,corrected,0,0.0,2,2,25552.9765625,25806.02734375,50
live,corrected,0,0.0,2,2,25806.02734375,26059.078125,44
live,corrected,0,0.0,2,2,26059.078125,26312.12890625,49
live,corrected,0,0.0,2,2,26312.12890625,26565.1796875,38
live,corrected,0,0.0,2,2,26565.1796875,26818.23046875,40
live,corrected,0,0.0,2,2,26818.23046875,27071.28125,54
live,corrected,0,0.0,2,2,27071.28125,27324.33203125,49
live,corrected,0,0.0,2,2,27324.33203125,27577.3828125,35
live,corrected,0,0.0,2,2,27577.3828125,27830.43359375,50
live,corrected,0,0.0,2,2,27830.43359375,28083.484375,39
live,corrected,0,0.0,2,2,28083.484375,28336.53515625,44
live,corrected,0,0.0,2,2,28336.53515625,28589.5859375,34
live,corrected,0,0.0,2,2,28589.5859375,28842.63671875,40
live,corrected,0,0.0,2,2,28842.63671875,29095.6875,25
live,corrected,0,0.0,2,2,29095.6875,29348.73828125,30
live,corrected,0,0.0,2,2,29348.73828125,29601.7890625,29
live,corrected,0,0.0,2,2,29601.7890625,29854.83984375,34
live,corrected,0,0.0,2,2,29854.83984375,30107.890625,21
live,corrected,0,0.0,2,2,30107.890625,30360.94140625,26
live,corrected,0,0.0,2,2,30360.94140625,30613.9921875,26
live,corrected,0,0.0,2,2,30613.9921875,30867.04296875,32
live,corrected,0,0.0,2,2,30867.04296875,31120.09375,17
live,corrected,0,0.0,2,2,31120.09375,31373.14453125,14
live,corrected,0,0.0,2,2,31373.14453125,31626.1953125,25
live,corrected,0,0.0,2,2,31626.1953125,31879.24609375,17
live,corrected,0,0.0,2,2,31879.24609375,32132.296875,13
live,corrected,0,0.0,2,2,32132.296875,32385.34765625,11
live,corrected,0,0.0,2,2,32385.34765625,32638.3984375,17
live,corrected,0,0.0,2,2,32638.3984375,32891.44921875,12
live,corrected,0,0.0,2,2,32891.44921875,33144.5,12
live,corrected,0,0.0,2,2,33144.5,33397.55078125,10
live,corrected,0,0.0,2,2,33397.55078125,33650.6015625,11
live,corrected,0,0.0,2,2,33650.6015625,33903.65234375,10
live,corrected,0,0.0,2,2,33903.65234375,34156.703125,6
live,corrected,0,0.0,2,2,34156.703125,34409.75390625,10
live,corrected,0,0.0,2,2,34409.75390625,34662.8046875,6
live,corrected,0,0.0,2,2,34662.8046875,34915.85546875,8
live,corrected,0,0.0,2,2,34915.85546875,35168.90625,13
live,corrected,0,0.0,2,2,35168.90625,35421.95703125,5
live,corrected,0,0.0,2,2,35421.95703125,35675.0078125,7
live,corrected,0,0.0,2,2,35675.0078125,35928.05859375,6
live,corrected,0,0.0,2,2,35928.05859375,36181.109375,6
live,corrected,0,0.0,2,2,36181.109375,36434.16015625,8
live,corrected,0,0.0,2,2,36434.16015625,36687.2109375,7
live,corrected,0,0.0,2,2,36687.2109375,36940.26171875,11
live,corrected,0,0.0,2,2,36940.26171875,37193.3125,6
live,corrected,0,0.0,2,2,37193.3125,37446.36328125,6
live,corrected,0,0.0,2,2,37446.36328125,37699.4140625,6
live,corrected,0,0.0,2,2,37699.4140625,37952.46484375,5
live,corrected,0,0.0,2,2,37952.46484375,38205.515625,1
live,corrected,0,0.0,2,2,38205.515625,38458.56640625,7
live,corrected,0,0.0,2,2,38458.56640625,38711.6171875,11
live,corrected,0,0.0,2,2,38711.6171875,38964.66796875,6
live,corrected,0,0.0,2,2,38964.66796875,39217.71875,11
live,corrected,0,0.0,2,2,39217.71875,39470.76953125,3
live,corrected,0,0.0,2,2,39470.76953125,39723.8203125,5
live,corrected,0,0.0,2,2,39723.8203125,39976.87109375,5
live,corrected,0,0.0,2,2,39976.87109375,40229.921875,3
live,corrected,0,0.0,2,2,40229.921875,40482.97265625,9
live,corrected,0,0.0,2,2,40482.97265625,40736.0234375,6
live,corrected,0,0.0,2,2,40736.0234375,40989.07421875,10
live,corrected,0,0.0,2,2,40989.07421875,41242.125,3
live,corrected,0,0.0,2,2,41242.125,41495.17578125,8
live,corrected,0,0.0,2,2,41495.17578125,41748.2265625,4
live,corrected,0,0.0,2,2,41748.2265625,42001.27734375,10
live,corrected,0,0.0,2,2,42001.27734375,42254.328125,10
live,corrected,0,0.0,2,2,42254.328125,42507.37890625,10
live,corrected,0,0.0,2,2,42507.37890625,42760.4296875,2
live,corrected,0,0.0,2,2,42760.4296875,43013.48046875,11
live,corrected,0,0.0,2,2,43013.48046875,43266.53125,4
live,corrected,0,0.0,2,2,43266.53125,43519.58203125,2
live,corrected,0,0.0,2,2,43519.58203125,43772.6328125,4
live,corrected,0,0.0,2,2,43772.6328125,44025.68359375,3
live,corrected,0,0.0,2,2,44025.68359375,44278.734375,3
live,corrected,0,0.0,2,2,44278.734375,44531.78515625,6
live,corrected,0,0.0,2,2,44531.78515625,44784.8359375,8
live,corrected,0,0.0,2,2,44784.8359375,45037.88671875,3
live,corrected,0,0.0,2,2,45037.88671875,45290.9375,9
live,corrected,0,0.0,2,2,45290.9375,45543.98828125,3
live,corrected,0,0.0,2,2,45543.98828125,45797.0390625,5
live,corrected,0,0.0,2,2,45797.0390625,46050.08984375,7
live,corrected,0,0.0,2,2,46050.08984375,46303.140625,2
live,corrected,0,0.0,2,2,46303.140625,46556.19140625,6
live,corrected,0,0.0,2,2,46556.19140625,46809.2421875,4
live,corrected,0,0.0,2,2,46809.2421875,47062.29296875,1
live,corrected,0,0.0,2,2,47062.29296875,47315.34375,4
live,corrected,0,0.0,2,2,47315.34375,47568.39453125,7
live,corrected,0,0.0,2,2,47568.39453125,47821.4453125,9
live,corrected,0,0.0,2,2,47821.4453125,48074.49609375,3
live,corrected,0,0.0,2,2,48074.49609375,48327.546875,6
live,corrected,0,0.0,2,2,48327.546875,48580.59765625,8
live,corrected,0,0.0,2,2,48580.59765625,48833.6484375,5
live,corrected,0,0.0,2,2,48833.6484375,49086.69921875,7
live,corrected,0,0.0,2,2,49086.69921875,49339.75,6
live,corrected,0,0.0,2,2,49339.75,49592.80078125,3
live,corrected,0,0.0,2,2,49592.80078125,49845.8515625,4
live,corrected,0,0.0,2,2,49845.8515625,50098.90234375,4
live,corrected,0,0.0,2,2,50098.90234375,50351.953125,4
live,corrected,0,0.0,2,2,50351.953125,50605.00390625,6
live,corrected,0,0.0,2,2,50605.00390625,50858.0546875,9
live,corrected,0,0.0,2,2,50858.0546875,51111.10546875,4
live,corrected,0,0.0,2,2,51111.10546875,51364.15625,6
live,corrected,0,0.0,2,2,51364.15625,51617.20703125,2
live,corrected,0,0.0,2,2,51617.20703125,51870.2578125,4
live,corrected,0,0.0,2,2,51870.2578125,52123.30859375,8
live,corrected,0,0.0,2,2,52123.30859375,52376.359375,3
live,corrected,0,0.0,2,2,52376.359375,52629.41015625,3
live,corrected,0,0.0,2,2,52629.41015625,52882.4609375,2
live,corrected,0,0.0,2,2,52882.4609375,53135.51171875,6
live,corrected,0,0.0,2,2,53135.51171875,53388.5625,1
live,corrected,0,0.0,2,2,53388.5625,53641.61328125,3
live,corrected,0,0.0,2,2,53641.61328125,53894.6640625,5
live,corrected,0,0.0,2,2,53894.6640625,54147.71484375,4
live,corrected,0,0.0,2,2,54147.71484375,54400.765625,4
live,corrected,0,0.0,2,2,54400.765625,54653.81640625,2
live,corrected,0,0.0,2,2,54653.81640625,54906.8671875,7
live,corrected,0,0.0,2,2,54906.8671875,55159.91796875,7
live,corrected,0,0.0,2,2,55159.91796875,55412.96875,6
live,corrected,0,0.0,2,2,55412.96875,55666.01953125,4
live,corrected,0,0.0,2,2,55666.01953125,55919.0703125,5
live,corrected,0,0.0,2,2,55919.0703125,56172.12109375,7
live,corrected,0,0.0,2,2,56172.12109375,56425.171875,4
live,corrected,0,0.0,2,2,56425.171875,56678.22265625,3
live,corrected,0,0.0,2,2,56678.22265625,56931.2734375,3
live,corrected,0,0.0,2,2,56931.2734375,57184.32421875,3
live,corrected,0,0.0,2,2,57184.32421875,57437.375,4
live,corrected,0,0.0,2,2,57437.375,57690.42578125,5
live,corrected,0,0.0,2,2,57690.42578125,57943.4765625,1
live,corrected,0,0.0,2,2,57943.4765625,58196.52734375,5
live,corrected,0,0.0,2,2,58196.52734375,58449.578125,3
live,corrected,0,0.0,2,2,58449.578125,58702.62890625,2
live,corrected,0,0.0,2,2,58702.62890625,58955.6796875,8
live,corrected,0,0.0,2,2,58955.6796875,59208.73046875,7
live,corrected,0,0.0,2,2,59208.73046875,59461.78125,5
live,corrected,0,0.0,2,2,59461.78125,59714.83203125,1
live,corrected,0,0.0,2,2,59714.83203125,59967.8828125,2
live,corrected,0,0.0,2,2,59967.8828125,60220.93359375,1
live,corrected,0,0.0,2,2,60220.93359375,60473.984375,1
live,corrected,0,0.0,2,2,60473.984375,60727.03515625,6
live,corrected,0,0.0,2,2,60727.03515625,60980.0859375,4
live,corrected,0,0.0,2,2,60980.0859375,61233.13671875,555
live,corrected,0,0.0,2,2,61233.13671875,61486.1875,0
live,corrected,0,0.0,2,2,61486.1875,61739.23828125,0
live,corrected,0,0.0,2,2,61739.23828125,61992.2890625,0
live,corrected,0,0.0,2,2,61992.2890625,62245.33984375,0
live,corrected,0,0.0,2,2,62245.33984375,62498.390625,0
live,corrected,0,0.0,2,2,62498.390625,62751.44140625,0
live,corrected,0,0.0,2,2,62751.44140625,63004.4921875,0
live,corrected,0,0.0,2,2,63004.4921875,63257.54296875,0
live,corrected,0,0.0,2,2,63257.54296875,63510.59375,0
live,corrected,0,0.0,2,2,63510.59375,63763.64453125,0
live,corrected,0,0.0,2,2,63763.64453125,64016.6953125,0
live,corrected,0,0.0,2,2,64016.6953125,64269.74609375,0
live,corrected,0,0.0,2,2,64269.74609375,64522.796875,0
live,corrected,0,0.0,2,2,64522.796875,64775.84765625,0
live,corrected,0,0.0,2,2,64775.84765625,65028.8984375,0
live,corrected,0,0.0,2,2,65028.8984375,65281.94921875,0
live,corrected,0,0.0,2,2,65281.94921875,65535.0,0
live,after,0,0.0,2,2,0.0,0.99609375,0
live,after,0,0.0,2,2,0.99609375,1.9921875,0
live,after,0,0.0,2,2,1.9921875,2.98828125,0
live,after,0,0.0,2,2,2.98828125,3.984375,0
live,after,0,0.0,2,2,3.984375,4.98046875,0
live,after,0,0.0,2,2,4.98046875,5.9765625,0
live,after,0,0.0,2,2,5.9765625,6.97265625,0
live,after,0,0.0,2,2,6.97265625,7.96875,0
live,after,0,0.0,2,2,7.96875,8.96484375,0
live,after,0,0.0,2,2,8.96484375,9.9609375,0
live,after,0,0.0,2,2,9.9609375,10.95703125,20128
live,after,0,0.0,2,2,10.95703125,11.953125,19044
live,after,0,0.0,2,2,11.953125,12.94921875,17373
live,after,0,0.0,2,2,12.94921875,13.9453125,15218
live,after,0,0.0,2,2,13.9453125,14.94140625,14158
live,after,0,0.0,2,2,14.94140625,15.9375,12743
live,after,0,0.0,2,2,15.9375,16.93359375,11262
live,after,0,0.0,2,2,16.93359375,17.9296875,10155
live,after,0,0.0,2,2,17.9296875,18.92578125,9721
live,after,0,0.0,2,2,18.92578125,19.921875,8807
live,after,0,0.0,2,2,19.921875,20.91796875,8625
live,after,0,0.0,2,2,20.91796875,21.9140625,7660
live,after,0,0.0,2,2,21.9140625,22.91015625,6315
live,after,0,0.0,2,2,22.91015625,23.90625,5553
live,after,0,0.0,2,2,23.90625,24.90234375,5275
live,after,0,0.0,2,2,24.90234375,25.8984375,4881
live,after,0,0.0,2,2,25.8984375,26.89453125,4618
live,after,0,0.0,2,2,26.89453125,27.890625,4228
live,after,0,0.0,2,2,27.890625,28.88671875,3958
live,after,0,0.0,2,2,28.88671875,29.8828125,3456
live,after,0,0.0,2,2,29.8828125,30.87890625,2805
live,after,0,0.0,2,2,30.87890625,31.875,2612
live,after,0,0.0,2,2,31.875,32.87109375,2393
live,after,0,0.0,2,2,32.87109375,33.8671875,2303
live,after,0,0.0,2,2,33.8671875,34.86328125,2072
live,after,0,0.0,2,2,34.86328125,35.859375,2014
live,after,0,0.0,2,2,35.859375,36.85546875,1797
live,after,0,0.0,2,2,36.85546875,37.8515625,1595
live,after,0,0.0,2,2,37.8515625,38.84765625,1591
live,after,0,0.0,2,2,38.84765625,39.84375,1621
live,after,0,0.0,2,2,39.84375,40.83984375,1375
live,after,0,0.0,2,2,40.83984375,41.8359375,1182
live,after,0,0.0,2,2,41.8359375,42.83203125,1131
live,after,0,0.0,2,2,42.83203125,43.828125,1036
live,after,0,0.0,2,2,43.828125,44.82421875,934
live,after,0,0.0,2,2,44.82421875,45.8203125,876
live,after,0,0.0,2,2,45.8203125,46.81640625,710
live,after,0,0.0,2,2,46.81640625,47.8125,634
live,after,0,0.0,2,2,47.8125,48.80859375,643
live,after,0,0.0,2,2,48.80859375,49.8046875,582
live,after,0,0.0,2,2,49.8046875,50.80078125,524
live,after,0,0.0,2,2,50.80078125,51.796875,459
live,after,0,0.0,2,2,51.796875,52.79296875,400
live,after,0,0.0,2,2,52.79296875,53.7890625,369
live,after,0,0.0,2,2,53.7890625,54.78515625,313
live,after,0,0.0,2,2,54.78515625,55.78125,254
live,after,0,0.0,2,2,55.78125,56.77734375,223
live,after,0,0.0,2,2,56.77734375,57.7734375,234
live,after,0,0.0,2,2,57.7734375,58.76953125,196
live,after,0,0.0,2,2,58.76953125,59.765625,216
live,after,0,0.0,2,2,59.765625,60.76171875,218
live,after,0,0.0,2,2,60.76171875,61.7578125,201
live,after,0,0.0,2,2,61.7578125,62.75390625,191
live,after,0,0.0,2,2,62.75390625,63.75,173
live,after,0,0.0,2,2,63.75,64.74609375,188
live,after,0,0.0,2,2,64.74609375,65.7421875,185
live,after,0,0.0,2,2,65.7421875,66.73828125,160
live,after,0,0.0,2,2,66.73828125,67.734375,161
live,after,0,0.0,2,2,67.734375,68.73046875,129
live,after,0,0.0,2,2,68.73046875,69.7265625,133
live,after,0,0.0,2,2,69.7265625,70.72265625,138
live,after,0,0.0,2,2,70.72265625,71.71875,142
live,after,0,0.0,2,2,71.71875,72.71484375,170
live,after,0,0.0,2,2,72.71484375,73.7109375,146
live,after,0,0.0,2,2,73.7109375,74.70703125,119
live,after,0,0.0,2,2,74.70703125,75.703125,103
live,after,0,0.0,2,2,75.703125,76.69921875,80
live,after,0,0.0,2,2,76.69921875,77.6953125,65
live,after,0,0.0,2,2,77.6953125,78.69140625,63
live,after,0,0.0,2,2,78.69140625,79.6875,82
live,after,0,0.0,2,2,79.6875,80.68359375,70
live,after,0,0.0,2,2,80.68359375,81.6796875,65
live,after,0,0.0,2,2,81.6796875,82.67578125,67
live,after,0,0.0,2,2,82.67578125,83.671875,63
live,after,0,0.0,2,2,83.671875,84.66796875,71
live,after,0,0.0,2,2,84.66796875,85.6640625,71
live,after,0,0.0,2,2,85.6640625,86.66015625,56
live,after,0,0.0,2,2,86.66015625,87.65625,65
live,after,0,0.0,2,2,87.65625,88.65234375,52
live,after,0,0.0,2,2,88.65234375,89.6484375,56
live,after,0,0.0,2,2,89.6484375,90.64453125,56
live,after,0,0.0,2,2,90.64453125,91.640625,62
live,after,0,0.0,2,2,91.640625,92.63671875,53
live,after,0,0.0,2,2,92.63671875,93.6328125,53
live,after,0,0.0,2,2,93.6328125,94.62890625,42
live,after,0,0.0,2,2,94.62890625,95.625,54
live,after,0,0.0,2,2,95.625,96.62109375,50
live,after,0,0.0,2,2,96.62109375,97.6171875,53
live,after,0,0.0,2,2,97.6171875,98.61328125,53
live,after,0,0.0,2,2,98.61328125,99.609375,41
live,after,0,0.0,2,2,99.609375,100.60546875,50
live,after,0,0.0,2,2,100.60546875,101.6015625,43
live,after,0,0.0,2,2,101.6015625,102.59765625,46
live,after,0,0.0,2,2,102.59765625,103.59375,44
live,after,0,0.0,2,2,103.59375,104.58984375,44
live,after,0,0.0,2,2,104.58984375,105.5859375,44
live,after,0,0.0,2,2,105.5859375,106.58203125,50
live,after,0,0.0,2,2,106.58203125,107.578125,33
live,after,0,0.0,2,2,107.578125,108.57421875,26
live,after,0,0.0,2,2,108.57421875,109.5703125,31
live,after,0,0.0,2,2,109.5703125,110.56640625,33
live,after,0,0.0,2,2,110.56640625,111.5625,29
live,after,0,0.0,2,2,111.5625,112.55859375,35
live,after,0,0.0,2,2,112.55859375,113.5546875,37
live,after,0,0.0,2,2,113.5546875,114.55078125,43
live,after,0,0.0,2,2,114.55078125,115.546875,29
live,after,0,0.0,2,2,115.546875,116.54296875,29
live,after,0,0.0,2,2,116.54296875,117.5390625,26
live,after,0,0.0,2,2,117.5390625,118.53515625,15
live,after,0,0.0,2,2,118.53515625,119.53125,12
live,after,0,0.0,2,2,119.53125,120.52734375,23
live,after,0,0.0,2,2,120.52734375,121.5234375,14
live,after,0,0.0,2,2,121.5234375,122.51953125,11
live,after,0,0.0,2,2,122.51953125,123.515625,8
live,after,0,0.0,2,2,123.515625,124.51171875,9
live,after,0,0.0,2,2,124.51171875,125.5078125,7
live,after,0,0.0,2,2,125.5078125,126.50390625,9
live,after,0,0.0,2,2,126.50390625,127.5,7
live,after,0,0.0,2,2,127.5,128.49609375,8
live,after,0,0.0,2,2,128.49609375,129.4921875,8
live,after,0,0.0,2,2,129.4921875,130.48828125,6
live,after,0,0.0,2,2,130.48828125,131.484375,9
live,after,0,0.0,2,2,131.484375,132.48046875,7
live,after,0,0.0,2,2,132.48046875,133.4765625,13
live,after,0,0.0,2,2,133.4765625,134.47265625,9
live,after,0,0.0,2,2,134.47265625,135.46875,6
live,after,0,0.0,2,2,135.46875,136.46484375,8
live,after,0,0.0,2,2,136.46484375,137.4609375,9
live,after,0,0.0,2,2,137.4609375,138.45703125,8
live,after,0,0.0,2,2,138.45703125,139.453125,10
live,after,0,0.0,2,2,139.453125,140.44921875,11
live,after,0,0.0,2,2,140.44921875,141.4453125,8
live,after,0,0.0,2,2,141.4453125,142.44140625,5
live,after,0,0.0,2,2,142.44140625,143.4375,7
live,after,0,0.0,2,2,143.4375,144.43359375,9
live,after,0,0.0,2,2,144.43359375,145.4296875,7
live,after,0,0.0,2,2,145.4296875,146.42578125,7
live,after,0,0.0,2,2,146.42578125,147.421875,10
live,after,0,0.0,2,2,147.421875,148.41796875,6
live,after,0,0.0,2,2,148.41796875,149.4140625,6
live,after,0,0.0,2,2,149.4140625,150.41015625,4
live,after,0,0.0,2,2,150.41015625,151.40625,3
live,after,0,0.0,2,2,151.40625,152.40234375,8
live,after,0,0.0,2,2,152.40234375,153.3984375,7
live,after,0,0.0,2,2,153.3984375,154.39453125,8
live,after,0,0.0,2,2,154.39453125,155.390625,5
live,after,0,0.0,2,2,155.390625,156.38671875,4
live,after,0,0.0,2,2,156.38671875,157.3828125,7
live,after,0,0.0,2,2,157.3828125,158.37890625,7
live,after,0,0.0,2,2,158.37890625,159.375,11
live,after,0,0.0,2,2,159.375,160.37109375,11
live,after,0,0.0,2,2,160.37109375,161.3671875,8
live,after,0,0.0,2,2,161.3671875,162.36328125,11
live,after,0,0.0,2,2,162.36328125,163.359375,8
live,after,0,0.0,2,2,163.359375,164.35546875,4
live,after,0,0.0,2,2,164.35546875,165.3515625,3
live,after,0,0.0,2,2,165.3515625,166.34765625,5
live,after,0,0.0,2,2,166.34765625,167.34375,6
live,after,0,0.0,2,2,167.34375,168.33984375,9
live,after,0,0.0,2,2,168.33984375,169.3359375,6
live,after,0,0.0,2,2,169.3359375,170.33203125,6
live,after,0,0.0,2,2,170.33203125,171.328125,5
live,after,0,0.0,2,2,171.328125,172.32421875,7
live,after,0,0.0,2,2,172.32421875,173.3203125,7
live,after,0,0.0,2,2,173.3203125,174.31640625,5
live,after,0,0.0,2,2,174.31640625,175.3125,3
live,after,0,0.0,2,2,175.3125,176.30859375,9
live,after,0,0.0,2,2,176.30859375,177.3046875,6
live,after,0,0.0,2,2,177.3046875,178.30078125,5
live,after,0,0.0,2,2,178.30078125,179.296875,3
live,after,0,0.0,2,2,179.296875,180.29296875,4
live,after,0,0.0,2,2,180.29296875,181.2890625,11
live,after,0,0.0,2,2,181.2890625,182.28515625,6
live,after,0,0.0,2,2,182.28515625,183.28125,8
live,after,0,0.0,2,2,183.28125,184.27734375,11
live,after,0,0.0,2,2,184.27734375,185.2734375,5
live,after,0,0.0,2,2,185.2734375,186.26953125,8
live,after,0,0.0,2,2,186.26953125,187.265625,5
live,after,0,0.0,2,2,187.265625,188.26171875,6
live,after,0,0.0,2,2,188.26171875,189.2578125,6
live,after,0,0.0,2,2,189.2578125,190.25390625,8
live,after,0,0.0,2,2,190.25390625,191.25,6
live,after,0,0.0,2,2,191.25,192.24609375,3
live,after,0,0.0,2,2,192.24609375,193.2421875,11
live,after,0,0.0,2,2,193.2421875,194.23828125,6
live,after,0,0.0,2,2,194.23828125,195.234375,6
live,after,0,0.0,2,2,195.234375,196.23046875,2
live,after,0,0.0,2,2,196.23046875,197.2265625,2
live,after,0,0.0,2,2,197.2265625,198.22265625,4
live,after,0,0.0,2,2,198.22265625,199.21875,9
live,after,0,0.0,2,2,199.21875,200.21484375,7
live,after,0,0.0,2,2,200.21484375,201.2109375,6
live,after,0,0.0,2,2,201.2109375,202.20703125,3
live,after,0,0.0,2,2,202.20703125,203.203125,8
live,after,0,0.0,2,2,203.203125,204.19921875,10
live,after,0,0.0,2,2,204.19921875,205.1953125,7
live,after,0,0.0,2,2,205.1953125,206.19140625,7
live,after,0,0.0,2,2,206.19140625,207.1875,14
live,after,0,0.0,2,2,207.1875,208.18359375,8
live,after,0,0.0,2,2,208.18359375,209.1796875,5
live,after,0,0.0,2,2,209.1796875,210.17578125,5
live,after,0,0.0,2,2,210.17578125,211.171875,9
live,after,0,0.0,2,2,211.171875,212.16796875,7
live,after,0,0.0,2,2,212.16796875,213.1640625,3
live,after,0,0.0,2,2,213.1640625,214.16015625,7
live,after,0,0.0,2,2,214.16015625,215.15625,5
live,after,0,0.0,2,2,215.15625,216.15234375,7
live,after,0,0.0,2,2,216.15234375,217.1484375,9
live,after,0,0.0,2,2,217.1484375,218.14453125,6
live,after,0,0.0,2,2,218.14453125,219.140625,10
live,after,0,0.0,2,2,219.140625,220.13671875,8
live,after,0,0.0,2,2,220.13671875,221.1328125,13
live,after,0,0.0,2,2,221.1328125,222.12890625,13
live,after,0,0.0,2,2,222.12890625,223.125,9
live,after,0,0.0,2,2,223.125,224.12109375,5
live,after,0,0.0,2,2,224.12109375,225.1171875,11
live,after,0,0.0,2,2,225.1171875,226.11328125,4
live,after,0,0.0,2,2,226.11328125,227.109375,16
live,after,0,0.0,2,2,227.109375,228.10546875,11
live,after,0,0.0,2,2,228.10546875,229.1015625,13
live,after,0,0.0,2,2,229.1015625,230.09765625,20
live,after,0,0.0,2,2,230.09765625,231.09375,9
live,after,0,0.0,2,2,231.09375,232.08984375,16
live,after,0,0.0,2,2,232.08984375,233.0859375,19
live,after,0,0.0,2,2,233.0859375,234.08203125,30
live,after,0,0.0,2,2,234.08203125,235.078125,33
live,after,0,0.0,2,2,235.078125,236.07421875,101
live,after,0,0.0,2,2,236.07421875,237.0703125,166
live,after,0,0.0,2,2,237.0703125,238.06640625,26
live,after,0,0.0,2,2,238.06640625,239.0625,0
live,after,0,0.0,2,2,239.0625,240.05859375,0
live,after,0,0.0,2,2,240.05859375,241.0546875,0
live,after,0,0.0,2,2,241.0546875,242.05078125,0
live,after,0,0.0,2,2,242.05078125,243.046875,0
live,after,0,0.0,2,2,243.046875,244.04296875,0
live,after,0,0.0,2,2,244.04296875,245.0390625,0
live,after,0,0.0,2,2,245.0390625,246.03515625,0
live,after,0,0.0,2,2,246.03515625,247.03125,0
live,after,0,0.0,2,2,247.03125,248.02734375,0
live,after,0,0.0,2,2,248.02734375,249.0234375,0
live,after,0,0.0,2,2,249.0234375,250.01953125,0
live,after,0,0.0,2,2,250.01953125,251.015625,0
live,after,0,0.0,2,2,251.015625,252.01171875,0
live,after,0,0.0,2,2,252.01171875,253.0078125,0
live,after,0,0.0,2,2,253.0078125,254.00390625,0
live,after,0,0.0,2,2,254.00390625,255.0,0
dead,before,0,0.0,2,1,0.0,0.99609375,0
dead,before,0,0.0,2,1,0.99609375,1.9921875,0
dead,before,0,0.0,2,1,1.9921875,2.98828125,0
dead,before,0,0.0,2,1,2.98828125,3.984375,0
dead,before,0,0.0,2,1,3.984375,4.98046875,0
dead,before,0,0.0,2,1,4.98046875,5.9765625,0
dead,before,0,0.0,2,1,5.9765625,6.97265625,0
dead,before,0,0.0,2,1,6.97265625,7.96875,0
dead,before,0,0.0,2,1,7.96875,8.96484375,0
dead,before,0,0.0,2,1,8.96484375,9.9609375,0
dead,before,0,0.0,2,1,9.9609375,10.95703125,0
dead,before,0,0.0,2,1,10.95703125,11.953125,0
dead,before,0,0.0,2,1,11.953125,12.94921875,0
dead,before,0,0.0,2,1,12.94921875,13.9453125,0
dead,before,0,0.0,2,1,13.9453125,14.94140625,0
dead,before,0,0.0,2,1,14.94140625,15.9375,0
dead,before,0,0.0,2,1,15.9375,16.93359375,0
dead,before,0,0.0,2,1,16.93359375,17.9296875,0
dead,before,0,0.0,2,1,17.9296875,18.92578125,0
dead,before,0,0.0,2,1,18.92578125,19.921875,0
dead,before,0,0.0,2,1,19.921875,20.91796875,0
dead,before,0,0.0,2,1,20.91796875,21.9140625,0
dead,before,0,0.0,2,1,21.9140625,22.91015625,0
dead,before,0,0.0,2,1,22.91015625,23.90625,0
dead,before,0,0.0,2,1,23.90625,24.90234375,0
dead,before,0,0.0,2,1,24.90234375,25.8984375,0
dead,before,0,0.0,2,1,25.8984375,26.89453125,0
dead,before,0,0.0,2,1,26.89453125,27.890625,0
dead,before,0,0.0,2,1,27.890625,28.88671875,0
dead,before,0,0.0,2,1,28.88671875,29.8828125,0
dead,before,0,0.0,2,1,29.8828125,30.87890625,0
dead,before,0,0.0,2,1,30.87890625,31.875,0
dead,before,0,0.0,2,1,31.875,32.87109375,0
dead,before,0,0.0,2,1,32.87109375,33.8671875,0
dead,before,0,0.0,2,1,33.8671875,34.86328125,0
dead,before,0,0.0,2,1,34.86328125,35.859375,0
dead,before,0,0.0,2,1,35.859375,36.85546875,0
dead,before,0,0.0,2,1,36.85546875,37.8515625,0
dead,before,0,0.0,2,1,37.8515625,38.84765625,0
dead,before,0,0.0,2,1,38.84765625,39.84375,0
dead,before,0,0.0,2,1,39.84375,40.83984375,0
dead,before,0,0.0,2,1,40.83984375,41.8359375,0
dead,before,0,0.0,2,1,41.8359375,42.83203125,0
dead,before,0,0.0,2,1,42.83203125,43.828125,0
dead,before,0,0.0,2,1,43.828125,44.82421875,0
dead,before,0,0.0,2,1,44.82421875,45.8203125,0
dead,before,0,0.0,2,1,45.8203125,46.81640625,0
dead,before,0,0.0,2,1,46.81640625,47.8125,0
dead,before,0,0.0,2,1,47.8125,48.80859375,0
dead,before,0,0.0,2,1,48.80859375,49.8046875,0
dead,before,0,0.0,2,1,49.8046875,50.80078125,0
dead,before,0,0.0,2,1,50.80078125,51.796875,0
dead,before,0,0.0,2,1,51.796875,52.79296875,0
dead,before,0,0.0,2,1,52.79296875,53.7890625,0
dead,before,0,0.0,2,1,53.7890625,54.78515625,0
dead,before,0,0.0,2,1,54.78515625,55.78125,0
dead,before,0,0.0,2,1,55.78125,56.77734375,0
dead,before,0,0.0,2,1,56.77734375,57.7734375,0
dead,before,0,0.0,2,1,57.7734375,58.76953125,0
dead,before,0,0.0,2,1,58.76953125,59.765625,0
dead,before,0,0.0,2,1,59.765625,60.76171875,0
dead,before,0,0.0,2,1,60.76171875,61.7578125,0
dead,before,0,0.0,2,1,61.7578125,62.75390625,0
dead,before,0,0.0,2,1,62.75390625,63.75,0
dead,before,0,0.0,2,1,63.75,64.74609375,0
dead,before,0,0.0,2,1,64.74609375,65.7421875,0
dead,before,0,0.0,2,1,65.7421875,66.73828125,0
dead,before,0,0.0,2,1,66.73828125,67.734375,0
dead,before,0,0.0,2,1,67.734375,68.73046875,0
dead,before,0,0.0,2,1,68.73046875,69.7265625,0
dead,before,0,0.0,2,1,69.7265625,70.72265625,0
dead,before,0,0.0,2,1,70.72265625,71.71875,0
dead,before,0,0.0,2,1,71.71875,72.71484375,0
dead,before,0,0.0,2,1,72.71484375,73.7109375,0
dead,before,0,0.0,2,1,73.7109375,74.70703125,0
dead,before,0,0.0,2,1,74.70703125,75.703125,0
dead,before,0,0.0,2,1,75.703125,76.69921875,0
dead,before,0,0.0,2,1,76.69921875,77.6953125,0
dead,before,0,0.0,2,1,77.6953125,78.69140625,0
dead,before,0,0.0,2,1,78.69140625,79.6875,0
dead,before,0,0.0,2,1,79.6875,80.68359375,0
dead,before,0,0.0,2,1,80.68359375,81.6796875,0
dead,before,0,0.0,2,1,81.6796875,82.67578125,0
dead,before,0,0.0,2,1,82.67578125,83.671875,0
dead,before,0,0.0,2,1,83.671875,84.66796875,0
dead,before,0,0.0,2,1,84.66796875,85.6640625,0
dead,before,0,0.0,2,1,85.6640625,86.66015625,0
dead,before,0,0.0,2,1,86.66015625,87.65625,0
dead,before,0,0.0,2,1,87.65625,88.65234375,0
dead,before,0,0.0,2,1,88.65234375,89.6484375,0
dead,before,0,0.0,2,1,89.6484375,90.64453125,0
dead,before,0,0.0,2,1,90.64453125,91.640625,0
dead,before,0,0.0,2,1,91.640625,92.63671875,0
dead,before,0,0.0,2,1,92.63671875,93.6328125,0
dead,before,0,0.0,2,1,93.6328125,94.62890625,0
dead,before,0,0.0,2,1,94.62890625,95.625,0
dead,before,0,0.0,2,1,95.625,96.62109375,0
dead,before,0,0.0,2,1,96.62109375,97.6171875,0
dead,before,0,0.0,2,1,97.6171875,98.61328125,0
dead,before,0,0.0,2,1,98.61328125,99.609375,0
dead,before,0,0.0,2,1,99.609375,100.60546875,0
dead,before,0,0.0,2,1,100.60546875,101.6015625,0
dead,before,0,0.0,2,1,101.6015625,102.59765625,0
dead,before,0,0.0,2,1,102.59765625,103.59375,0
dead,before,0,0.0,2,1,103.59375,104.58984375,0
dead,before,0,0.0,2,1,104.58984375,105.5859375,0
dead,before,0,0.0,2,1,105.5859375,106.58203125,0
dead,before,0,0.0,2,1,106.58203125,107.578125,0
dead,before,0,0.0,2,1,107.578125,108.57421875,0
dead,before,0,0.0,2,1,108.57421875,109.5703125,0
dead,before,0,0.0,2,1,109.5703125,110.56640625,0
dead,before,0,0.0,2,1,110.56640625,111.5625,0
dead,before,0,0.0,2,1,111.5625,112.55859375,0
dead,before,0,0.0,2,1,112.55859375,113.5546875,0
dead,before,0,0.0,2,1,113.5546875,114.55078125,0
dead,before,0,0.0,2,1,114.55078125,115.546875,0
dead,before,0,0.0,2,1,115.546875,116.54296875,0
dead,before,0,0.0,2,1,116.54296875,117.5390625,0
dead,before,0,0.0,2,1,117.5390625,118.53515625,0
dead,before,0,0.0,2,1,118.53515625,119.53125,0
dead,before,0,0.0,2,1,119.53125,120.52734375,0
dead,before,0,0.0,2,1,120.52734375,121.5234375,0
dead,before,0,0.0,2,1,121.5234375,122.51953125,0
dead,before,0,0.0,2,1,122.51953125,123.515625,0
dead,before,0,0.0,2,1,123.515625,124.51171875,0
dead,before,0,0.0,2,1,124.51171875,125.5078125,0
dead,before,0,0.0,2,1,125.5078125,126.50390625,0
dead,before,0,0.0,2,1,126.50390625,127.5,0
dead,before,0,0.0,2,1,127.5,128.49609375,0
dead,before,0,0.0,2,1,128.49609375,129.4921875,0
dead,before,0,0.0,2,1,129.4921875,130.48828125,0
dead,before,0,0.0,2,1,130.48828125,131.484375,0
dead,before,0,0.0,2,1,131.484375,132.48046875,0
dead,before,0,0.0,2,1,132.48046875,133.4765625,0
dead,before,0,0.0,2,1,133.4765625,134.47265625,0
dead,before,0,0.0,2,1,134.47265625,135.46875,0
dead,before,0,0.0,2,1,135.46875,136.46484375,0
dead,before,0,0.0,2,1,136.46484375,137.4609375,0
dead,before,0,0.0,2,1,137.4609375,138.45703125,0
dead,before,0,0.0,2,1,138.45703125,139.453125,0
dead,before,0,0.0,2,1,139.453125,140.44921875,0
dead,before,0,0.0,2,1,140.44921875,141.4453125,0
dead,before,0,0.0,2,1,141.4453125,142.44140625,0
dead,before,0,0.0,2,1,142.44140625,143.4375,0
dead,before,0,0.0,2,1,143.4375,144.43359375,0
dead,before,0,0.0,2,1,144.43359375,145.4296875,0
dead,before,0,0.0,2,1,145.4296875,146.42578125,0
dead,before,0,0.0,2,1,146.42578125,147.421875,0
dead,before,0,0.0,2,1,147.421875,148.41796875,0
dead,before,0,0.0,2,1,148.41796875,149.4140625,0
dead,before,0,0.0,2,1,149.4140625,150.41015625,0
dead,before,0,0.0,2,1,150.41015625,151.40625,0
dead,before,0,0.0,2,1,151.40625,152.40234375,0
dead,before,0,0.0,2,1,152.40234375,153.3984375,0
dead,before,0,0.0,2,1,153.3984375,154.39453125,0
dead,before,0,0.0,2,1,154.39453125,155.390625,0
dead,before,0,0.0,2,1,155.390625,156.38671875,0
dead,before,0,0.0,2,1,156.38671875,157.3828125,0
dead,before,0,0.0,2,1,157.3828125,158.37890625,0
dead,before,0,0.0,2,1,158.37890625,159.375,0
dead,before,0,0.0,2,1,159.375,160.37109375,0
dead,before,0,0.0,2,1,160.37109375,161.3671875,0
dead,before,0,0.0,2,1,161.3671875,162.36328125,0
dead,before,0,0.0,2,1,162.36328125,163.359375,0
dead,before,0,0.0,2,1,163.359375,164.35546875,0
dead,before,0,0.0,2,1,164.35546875,165.3515625,0
dead,before,0,0.0,2,1,165.3515625,166.34765625,0
dead,before,0,0.0,2,1,166.34765625,167.34375,0
dead,before,0,0.0,2,1,167.34375,168.33984375,0
dead,before,0,0.0,2,1,168.33984375,169.3359375,0
dead,before,0,0.0,2,1,169.3359375,170.33203125,0
dead,before,0,0.0,2,1,170.33203125,171.328125,0
dead,before,0,0.0,2,1,171.328125,172.32421875,0
dead,before,0,0.0,2,1,172.32421875,173.3203125,0
dead,before,0,0.0,2,1,173.3203125,174.31640625,0
dead,before,0,0.0,2,1,174.31640625,175.3125,0
dead,before,0,0.0,2,1,175.3125,176.30859375,0
dead,before,0,0.0,2,1,176.30859375,177.3046875,0
dead,before,0,0.0,2,1,177.3046875,178.30078125,0
dead,before,0,0.0,2,1,178.30078125,179.296875,0
dead,before,0,0.0,2,1,179.296875,180.29296875,0
dead,before,0,0.0,2,1,180.29296875,181.2890625,0
dead,before,0,0.0,2,1,181.2890625,182.28515625,0
dead,before,0,0.0,2,1,182.28515625,183.28125,0
dead,before,0,0.0,2,1,183.28125,184.27734375,0
dead,before,0,0.0,2,1,184.27734375,185.2734375,0
dead,before,0,0.0,2,1,185.2734375,186.26953125,0
dead,before,0,0.0,2,1,186.26953125,187.265625,0
dead,before,0,0.0,2,1,187.265625,188.26171875,0
dead,before,0,0.0,2,1,188.26171875,189.2578125,0
dead,before,0,0.0,2,1,189.2578125,190.25390625,0
dead,before,0,0.0,2,1,190.25390625,191.25,0
dead,before,0,0.0,2,1,191.25,192.24609375,0
dead,before,0,0.0,2,1,192.24609375,193.2421875,0
dead,before,0,0.0,2,1,193.2421875,194.23828125,0
dead,before,0,0.0,2,1,194.23828125,195.234375,0
dead,before,0,0.0,2,1,195.234375,196.23046875,0
dead,before,0,0.0,2,1,196.23046875,197.2265625,0
dead,before,0,0.0,2,1,197.2265625,198.22265625,0
dead,before,0,0.0,2,1,198.22265625,199.21875,0
dead,before,0,0.0,2,1,199.21875,200.21484375,0
dead,before,0,0.0,2,1,200.21484375,201.2109375,0
dead,before,0,0.0,2,1,201.2109375,202.20703125,0
dead,before,0,0.0,2,1,202.20703125,203.203125,0
dead,before,0,0.0,2,1,203.203125,204.19921875,0
dead,before,0,0.0,2,1,204.19921875,205.1953125,0
dead,before,0,0.0,2,1,205.1953125,206.19140625,0
dead,before,0,0.0,2,1,206.19140625,207.1875,0
dead,before,0,0.0,2,1,207.1875,208.18359375,0
dead,before,0,0.0,2,1,208.18359375,209.1796875,0
dead,before,0,0.0,2,1,209.1796875,210.17578125,0
dead,before,0,0.0,2,1,210.17578125,211.171875,0
dead,before,0,0.0,2,1,211.171875,212.16796875,0
dead,before,0,0.0,2,1,212.16796875,213.1640625,0
dead,before,0,0.0,2,1,213.1640625,214.16015625,0
dead,before,0,0.0,2,1,214.16015625,215.15625,0
dead,before,0,0.0,2,1,215.15625,216.15234375,0
dead,before,0,0.0,2,1,216.15234375,217.1484375,0
dead,before,0,0.0,2,1,217.1484375,218.14453125,0
dead,before,0,0.0,2,1,218.14453125,219.140625,0
dead,before,0,0.0,2,1,219.140625,220.13671875,0
dead,before,0,0.0,2,1,220.13671875,221.1328125,0
dead,before,0,0.0,2,1,221.1328125,222.12890625,0
dead,before,0,0.0,2,1,222.12890625,223.125,0
dead,before,0,0.0,2,1,223.125,224.12109375,0
dead,before,0,0.0,2,1,224.12109375,225.1171875,0
dead,before,0,0.0,2,1,225.1171875,226.11328125,0
dead,before,0,0.0,2,1,226.11328125,227.109375,0
dead,before,0,0.0,2,1,227.109375,228.10546875,0
dead,before,0,0.0,2,1,228.10546875,229.1015625,0
dead,before,0,0.0,2,1,229.1015625,230.09765625,0
dead,before,0,0.0,2,1,230.09765625,231.09375,0
dead,before,0,0.0,2,1,231.09375,232.08984375,0
dead,before,0,0.0,2,1,232.08984375,233.0859375,0
dead,before,0,0.0,2,1,233.0859375,234.08203125,0
dead,before,0,0.0,2,1,234.08203125,235.078125,0
dead,before,0,0.0,2,1,235.078125,236.07421875,0
dead,before,0,0.0,2,1,236.07421875,237.0703125,0
dead,before,0,0.0,2,1,237.0703125,238.06640625,0
dead,before,0,0.0,2,1,238.06640625,239.0625,0
dead,before,0,0.0,2,1,239.0625,240.05859375,0
dead,before,0,0.0,2,1,240.05859375,241.0546875,0
dead,before,0,0.0,2,1,241.0546875,242.05078125,0
dead,before,0,0.0,2,1,242.05078125,243.046875,0
dead,before,0,0.0,2,1,243.046875,244.04296875,0
dead,before,0,0.0,2,1,244.04296875,245.0390625,0
dead,before,0,0.0,2,1,245.0390625,246.03515625,0
dead,before,0,0.0,2,1,246.03515625,247.03125,0
dead,before,0,0.0,2,1,247.03125,248.02734375,0
dead,before,0,0.0,2,1,248.02734375,249.0234375,0
dead,before,0,0.0,2,1,249.0234375,250.01953125,0
dead,before,0,0.0,2,1,250.01953125,251.015625,0
dead,before,0,0.0,2,1,251.015625,252.01171875,0
dead,before,0,0.0,2,1,252.01171875,253.0078125,0
dead,before,0,0.0,2,1,253.0078125,254.00390625,0
dead,before,0,0.0,2,1,254.00390625,255.0,0
dead,corrected,0,0.0,2,1,754.0,1007.05078125,193026
dead,corrected,0,0.0,2,1,1007.05078125,1260.1015625,152395
dead,corrected,0,0.0,2,1,1260.1015625,1513.15234375,130615
dead,corrected,0,0.0,2,1,1513.15234375,1766.203125,110242
dead,corrected,0,0.0,2,1,1766.203125,2019.25390625,97357
dead,corrected,0,0.0,2,1,2019.25390625,2272.3046875,86034
dead,corrected,0,0.0,2,1,2272.3046875,2525.35546875,75181
dead,corrected,0,0.0,2,1,2525.35546875,2778.40625,66505
dead,corrected,0,0.0,2,1,2778.40625,3031.45703125,61355
dead,corrected,0,0.0,2,1,3031.45703125,3284.5078125,56277
dead,corrected,0,0.0,2,1,3284.5078125,3537.55859375,50123
dead,corrected,0,0.0,2,1,3537.55859375,3790.609375,44962
dead,corrected,0,0.0,2,1,3790.609375,4043.66015625,41291
dead,corrected,0,0.0,2,1,4043.66015625,4296.7109375,37744
dead,corrected,0,0.0,2,1,4296.7109375,4549.76171875,34508
dead,corrected,0,0.0,2,1,4549.76171875,4802.8125,31667
dead,corrected,0,0.0,2,1,4802.8125,5055.86328125,29521
dead,corrected,0,0.0,2,1,5055.86328125,5308.9140625,27753
dead,corrected,0,0.0,2,1,5308.9140625,5561.96484375,26059
dead,corrected,0,0.0,2,1,5561.96484375,5815.015625,24077
dead,corrected,0,0.0,2,1,5815.015625,6068.06640625,22008
dead,corrected,0,0.0,2,1,6068.06640625,6321.1171875,20836
dead,corrected,0,0.0,2,1,6321.1171875,6574.16796875,19332
dead,corrected,0,0.0,2,1,6574.16796875,6827.21875,18154
dead,corrected,0,0.0,2,1,6827.21875,7080.26953125,17137
dead,corrected,0,0.0,2,1,7080.26953125,7333.3203125,16535
dead,corrected,0,0.0,2,1,7333.3203125,7586.37109375,15331
dead,corrected,0,0.0,2,1,7586.37109375,7839.421875,14033
dead,corrected,0,0.0,2,1,7839.421875,8092.47265625,13405
dead,corrected,0,0.0,2,1,8092.47265625,8345.5234375,12621
dead,corrected,0,0.0,2,1,8345.5234375,8598.57421875,12070
dead,corrected,0,0.0,2,1,8598.57421875,8851.625,11375
dead,corrected,0,0.0,2,1,8851.625,9104.67578125,10909
dead,corrected,0,0.0,2,1,9104.67578125,9357.7265625,10380
dead,corrected,0,0.0,2,1,9357.7265625,9610.77734375,10033
dead,corrected,0,0.0,2,1,9610.77734375,9863.828125,9671
dead,corrected,0,0.0,2,1,9863.828125,10116.87890625,9148
dead,corrected,0,0.0,2,1,10116.87890625,10369.9296875,8762
dead,corrected,0,0.0,2,1,10369.9296875,10622.98046875,8388
dead,corrected,0,0.0,2,1,10622.98046875,10876.03125,7936
dead,corrected,0,0.0,2,1,10876.03125,11129.08203125,7564
dead,corrected,0,0.0,2,1,11129.08203125,11382.1328125,7186
dead,corrected,0,0.0,2,1,11382.1328125,11635.18359375,6850
dead,corrected,0,0.0,2,1,11635.18359375,11888.234375,6557
dead,corrected,0,0.0,2,1,11888.234375,12141.28515625,6432
dead,corrected,0,0.0,2,1,12141.28515625,12394.3359375,6018
dead,corrected,0,0.0,2,1,12394.3359375,12647.38671875,5694
dead,corrected,0,0.0,2,1,12647.38671875,12900.4375,5661
dead,corrected,0,0.0,2,1,12900.4375,13153.48828125,5469
dead,corrected,0,0.0,2,1,13153.48828125,13406.5390625,5217
dead,corrected,0,0.0,2,1,13406.5390625,13659.58984375,4981
dead,corrected,0,0.0,2,1,13659.58984375,13912.640625,4734
dead,corrected,0,0.0,2,1,13912.640625,14165.69140625,4682
dead,corrected,0,0.0,2,1,14165.69140625,14418.7421875,4585
dead,corrected,0,0.0,2,1,14418.7421875,14671.79296875,4459
dead,corrected,0,0.0,2,1,14671.79296875,14924.84375,4330
dead,corrected,0,0.0,2,1,14924.84375,15177.89453125,4122
dead,corrected,0,0.0,2,1,15177.89453125,15430.9453125,3816
dead,corrected,0,0.0,2,1,15430.9453125,15683.99609375,3691
dead,corrected,0,0.0,2,1,15683.99609375,15937.046875,3556
dead,corrected,0,0.0,2,1,15937.046875,16190.09765625,3447
dead,corrected,0,0.0,2,1,16190.09765625,16443.1484375,3390
dead,corrected,0,0.0,2,1,16443.1484375,16696.19921875,3470
dead,corrected,0,0.0,2,1,16696.19921875,16949.25,3155
dead,corrected,0,0.0,2,1,16949.25,17202.30078125,3092
dead,corrected,0,0.0,2,1,17202.30078125,17455.3515625,3056
dead,corrected,0,0.0,2,1,17455.3515625,17708.40234375,3030
dead,corrected,0,0.0,2,1,17708.40234375,17961.453125,2847
dead,corrected,0,0.0,2,1,17961.453125,18214.50390625,2750
dead,corrected,0,0.0,2,1,18214.50390625,18467.5546875,2662
dead,corrected,0,0.0,2,1,18467.5546875,18720.60546875,2684
dead,corrected,0,0.0,2,1,18720.60546875,18973.65625,2688
dead,corrected,0,0.0,2,1,18973.65625,19226.70703125,2652
dead,corrected,0,0.0,2,1,19226.70703125,19479.7578125,2620
dead,corrected,0,0.0,2,1,19479.7578125,19732.80859375,2503
dead,corrected,0,0.0,2,1,19732.80859375,19985.859375,2432
dead,corrected,0,0.0,2,1,19985.859375,20238.91015625,2420
dead,corrected,0,0.0,2,1,20238.91015625,20491.9609375,2328
dead,corrected,0,0.0,2,1,20491.9609375,20745.01171875,2237
dead,corrected,0,0.0,2,1,20745.01171875,20998.0625,2189
dead,corrected,0,0.0,2,1,20998.0625,21251.11328125,2076
dead,corrected,0,0.0,2,1,21251.11328125,21504.1640625,2158
dead,corrected,0,0.0,2,1,21504.1640625,21757.21484375,2090
dead,corrected,0,0.0,2,1,21757.21484375,22010.265625,2077
dead,corrected,0,0.0,2,1,22010.265625,22263.31640625,2042
dead,corrected,0,0.0,2,1,22263.31640625,22516.3671875,1954
dead,corrected,0,0.0,2,1,22516.3671875,22769.41796875,1778
dead,corrected,0,0.0,2,1,22769.41796875,23022.46875,1853
dead,corrected,0,0.0,2,1,23022.46875,23275.51953125,1877
dead,corrected,0,0.0,2,1,23275.51953125,23528.5703125,1906
dead,corrected,0,0.0,2,1,23528.5703125,23781.62109375,1819
dead,corrected,0,0.0,2,1,23781.62109375,24034.671875,1766
dead,corrected,0,0.0,2,1,24034.671875,24287.72265625,1645
dead,corrected,0,0.0,2,1,24287.72265625,24540.7734375,1738
dead,corrected,0,0.0,2,1,24540.7734375,24793.82421875,1680
dead,corrected,0,0.0,2,1,24793.82421875,25046.875,1729
dead,corrected,0,0.0,2,1,25046.875,25299.92578125,1626
dead,corrected,0,0.0,2,1,25299.92578125,25552.9765625,1529
dead,corrected,0,0.0,2,1,25552.9765625,25806.02734375,1572
dead,corrected,0,0.0,2,1,25806.02734375,26059.078125,1498
dead,corrected,0,0.0,2,1,26059.078125,26312.12890625,1474
dead,corrected,0,0.0,2,1,26312.12890625,26565.1796875,1505
dead,corrected,0,0.0,2,1,26565.1796875,26818.23046875,1413
dead,corrected,0,0.0,2,1,26818.23046875,27071.28125,1417
dead,corrected,0,0.0,2,1,27071.28125,27324.33203125,1392
dead,corrected,0,0.0,2,1,27324.33203125,27577.3828125,1341
dead,corrected,0,0.0,2,1,27577.3828125,27830.43359375,1339
dead,corrected,0,0.0,2,1,27830.43359375,28083.484375,1237
dead,corrected,0,0.0,2,1,28083.484375,28336.53515625,1254
dead,corrected,0,0.0,2,1,28336.53515625,28589.5859375,1238
dead,corrected,0,0.0,2,1,28589.5859375,28842.63671875,1273
dead,corrected,0,0.0,2,1,28842.63671875,29095.6875,1200
dead,corrected,0,0.0,2,1,29095.6875,29348.73828125,1213
dead,corrected,0,0.0,2,1,29348.73828125,29601.7890625,1177
dead,corrected,0,0.0,2,1,29601.7890625,29854.83984375,1129
dead,corrected,0,0.0,2,1,29854.83984375,30107.890625,1217
dead,corrected,0,0.0,2,1,30107.890625,30360.94140625,1153
dead,corrected,0,0.0,2,1,30360.94140625,30613.9921875,1105
dead,corrected,0,0.0,2,1,30613.9921875,30867.04296875,1088
dead,corrected,0,0.0,2,1,30867.04296875,31120.09375,1028
dead,corrected,0,0.0,2,1,31120.09375,31373.14453125,1019
dead,corrected,0,0.0,2,1,31373.14453125,31626.1953125,1027
dead,corrected,0,0.0,2,1,31626.1953125,31879.24609375,933
dead,corrected,0,0.0,2,1,31879.24609375,32132.296875,962
dead,corrected,0,0.0,2,1,32132.296875,32385.34765625,887
dead,corrected,0,0.0,2,1,32385.34765625,32638.3984375,947
dead,corrected,0,0.0,2,1,32638.3984375,32891.44921875,844
dead,corrected,0,0.0,2,1,32891.44921875,33144.5,792
dead,corrected,0,0.0,2,1,33144.5,33397.55078125,828
dead,corrected,0,0.0,2,1,33397.55078125,33650.6015625,790
dead,corrected,0,0.0,2,1,33650.6015625,33903.65234375,837
dead,corrected,0,0.0,2,1,33903.65234375,34156.703125,825
dead,corrected,0,0.0,2,1,34156.703125,34409.75390625,779
dead,corrected,0,0.0,2,1,34409.75390625,34662.8046875,754
dead,corrected,0,0.0,2,1,34662.8046875,34915.85546875,791
dead,corrected,0,0.0,2,1,34915.85546875,35168.90625,752
dead,corrected,0,0.0,2,1,35168.90625,35421.95703125,759
dead,corrected,0,0.0,2,1,35421.95703125,35675.0078125,756
dead,corrected,0,0.0,2,1,35675.0078125,35928.05859375,748
dead,corrected,0,0.0,2,1,35928.05859375,36181.109375,746
dead,corrected,0,0.0,2,1,36181.109375,36434.16015625,696
dead,corrected,0,0.0,2,1,36434.16015625,36687.2109375,688
dead,corrected,0,0.0,2,1,36687.2109375,36940.26171875,727
dead,corrected,0,0.0,2,1,36940.26171875,37193.3125,699
dead,corrected,0,0.0,2,1,37193.3125,37446.36328125,679
dead,corrected,0,0.0,2,1,37446.36328125,37699.4140625,594
dead,corrected,0,0.0,2,1,37699.4140625,37952.46484375,666
dead,corrected,0,0.0,2,1,37952.46484375,38205.515625,572
dead,corrected,0,0.0,2,1,38205.515625,38458.56640625,535
dead,corrected,0,0.0,2,1,38458.56640625,38711.6171875,515
dead,corrected,0,0.0,2,1,38711.6171875,38964.66796875,549
dead,corrected,0,0.0,2,1,38964.66796875,39217.71875,489
dead,corrected,0,0.0,2,1,39217.71875,39470.76953125,487
dead,corrected,0,0.0,2,1,39470.76953125,39723.8203125,460
dead,corrected,0,0.0,2,1,39723.8203125,39976.87109375,489
dead,corrected,0,0.0,2,1,39976.87109375,40229.921875,448
dead,corrected,0,0.0,2,1,40229.921875,40482.97265625,465
dead,corrected,0,0.0,2,1,40482.97265625,40736.0234375,462
dead,corrected,0,0.0,2,1,40736.0234375,40989.07421875,465
dead,corrected,0,0.0,2,1,40989.07421875,41242.125,460
dead,corrected,0,0.0,2,1,41242.125,41495.17578125,438
dead,corrected,0,0.0,2,1,41495.17578125,41748.2265625,462
dead,corrected,0,0.0,2,1,41748.2265625,42001.27734375,414
dead,corrected,0,0.0,2,1,42001.27734375,42254.328125,420
dead,corrected,0,0.0,2,1,42254.328125,42507.37890625,393
dead,corrected,0,0.0,2,1,42507.37890625,42760.4296875,389
dead,corrected,0,0.0,2,1,42760.4296875,43013.48046875,387
dead,corrected,0,0.0,2,1,43013.48046875,43266.53125,372
dead,corrected,0,0.0,2,1,43266.53125,43519.58203125,340
dead,corrected,0,0.0,2,1,43519.58203125,43772.6328125,344
dead,corrected,0,0.0,2,1,43772.6328125,44025.68359375,332
dead,corrected,0,0.0,2,1,44025.68359375,44278.734375,296
dead,corrected,0,0.0,2,1,44278.734375,44531.78515625,349
dead,corrected,0,0.0,2,1,44531.78515625,44784.8359375,326
dead,corrected,0,0.0,2,1,44784.8359375,45037.88671875,331
dead,corrected,0,0.0,2,1,45037.88671875,45290.9375,332
dead,corrected,0,0.0,2,1,45290.9375,45543.98828125,295
dead,corrected,0,0.0,2,1,45543.98828125,45797.0390625,298
dead,corrected,0,0.0,2,1,45797.0390625,46050.08984375,290
dead,corrected,0,0.0,2,1,46050.08984375,46303.140625,296
dead,corrected,0,0.0,2,1,46303.140625,46556.19140625,299
dead,corrected,0,0.0,2,1,46556.19140625,46809.2421875,298
dead,corrected,0,0.0,2,1,46809.2421875,47062.29296875,273
dead,corrected,0,0.0,2,1,47062.29296875,47315.34375,288
dead,corrected,0,0.0,2,1,47315.34375,47568.39453125,297
dead,corrected,0,0.0,2,1,47568.39453125,47821.4453125,261
dead,corrected,0,0.0,2,1,47821.4453125,48074.49609375,243
dead,corrected,0,0.0,2,1,48074.49609375,48327.546875,293
dead,corrected,0,0.0,2,1,48327.546875,48580.59765625,238
dead,corrected,0,0.0,2,1,48580.59765625,48833.6484375,218
dead,corrected,0,0.0,2,1,48833.6484375,49086.69921875,208
dead,corrected,0,0.0,2,1,49086.69921875,49339.75,233
dead,corrected,0,0.0,2,1,49339.75,49592.80078125,218
dead,corrected,0,0.0,2,1,49592.80078125,49845.8515625,180
dead,corrected,0,0.0,2,1,49845.8515625,50098.90234375,197
dead,corrected,0,0.0,2,1,50098.90234375,50351.953125,186
dead,corrected,0,0.0,2,1,50351.953125,50605.00390625,166
dead,corrected,0,0.0,2,1,50605.00390625,50858.0546875,178
dead,corrected,0,0.0,2,1,50858.0546875,51111.10546875,183
dead,corrected,0,0.0,2,1,51111.10546875,51364.15625,170
dead,corrected,0,0.0,2,1,51364.15625,51617.20703125,184
dead,corrected,0,0.0,2,1,51617.20703125,51870.2578125,154
dead,corrected,0,0.0,2,1,51870.2578125,52123.30859375,176
dead,corrected,0,0.0,2,1,52123.30859375,52376.359375,171
dead,corrected,0,0.0,2,1,52376.359375,52629.41015625,127
dead,corrected,0,0.0,2,1,52629.41015625,52882.4609375,187
dead,corrected,0,0.0,2,1,52882.4609375,53135.51171875,144
dead,corrected,0,0.0,2,1,53135.51171875,53388.5625,156
dead,corrected,0,0.0,2,1,53388.5625,53641.61328125,155
dead,corrected,0,0.0,2,1,53641.61328125,53894.6640625,152
dead,corrected,0,0.0,2,1,53894.6640625,54147.71484375,149
dead,corrected,0,0.0,2,1,54147.71484375,54400.765625,143
dead,corrected,0,0.0,2,1,54400.765625,54653.81640625,163
dead,corrected,0,0.0,2,1,54653.81640625,54906.8671875,140
dead,corrected,0,0.0,2,1,54906.8671875,55159.91796875,135
dead,corrected,0,0.0,2,1,55159.91796875,55412.96875,135
dead,corrected,0,0.0,2,1,55412.96875,55666.01953125,139
dead,corrected,0,0.0,2,1,55666.01953125,55919.0703125,119
dead,corrected,0,0.0,2,1,55919.0703125,56172.12109375,127
dead,corrected,0,0.0,2,1,56172.12109375,56425.171875,131
dead,corrected,0,0.0,2,1,56425.171875,56678.22265625,136
dead,corrected,0,0.0,2,1,56678.22265625,56931.2734375,125
dead,corrected,0,0.0,2,1,56931.2734375,57184.32421875,103
dead,corrected,0,0.0,2,1,57184.32421875,57437.375,114
dead,corrected,0,0.0,2,1,57437.375,57690.42578125,142
dead,corrected,0,0.0,2,1,57690.42578125,57943.4765625,111
dead,corrected,0,0.0,2,1,57943.4765625,58196.52734375,119
dead,corrected,0,0.0,2,1,58196.52734375,58449.578125,93
dead,corrected,0,0.0,2,1,58449.578125,58702.62890625,115
dead,corrected,0,0.0,2,1,58702.62890625,58955.6796875,113
dead,corrected,0,0.0,2,1,58955.6796875,59208.73046875,111
dead,corrected,0,0.0,2,1,59208.73046875,59461.78125,99
dead,corrected,0,0.0,2,1,59461.78125,59714.83203125,93
dead,corrected,0,0.0,2,1,59714.83203125,59967.8828125,87
dead,corrected,0,0.0,2,1,59967.8828125,60220.93359375,77
dead,corrected,0,0.0,2,1,60220.93359375,60473.984375,76
dead,corrected,0,0.0,2,1,60473.984375,60727.03515625,82
dead,corrected,0,0.0,2,1,60727.03515625,60980.0859375,71
dead,corrected,0,0.0,2,1,60980.0859375,61233.13671875,75
dead,corrected,0,0.0,2,1,61233.13671875,61486.1875,73
dead,corrected,0,0.0,2,1,61486.1875,61739.23828125,72
dead,corrected,0,0.0,2,1,61739.23828125,61992.2890625,59
dead,corrected,0,0.0,2,1,61992.2890625,62245.33984375,73
dead,corrected,0,0.0,2,1,62245.33984375,62498.390625,79
dead,corrected,0,0.0,2,1,62498.390625,62751.44140625,62
dead,corrected,0,0.0,2,1,62751.44140625,63004.4921875,59
dead,corrected,0,0.0,2,1,63004.4921875,63257.54296875,52
dead,corrected,0,0.0,2,1,63257.54296875,63510.59375,1445
dead,corrected,0,0.0,2,1,63510.59375,63763.64453125,0
dead,corrected,0,0.0,2,1,63763.64453125,64016.6953125,0
dead,corrected,0,0.0,2,1,64016.6953125,64269.74609375,0
dead,corrected,0,0.0,2,1,64269.74609375,64522.796875,0
dead,corrected,0,0.0,2,1,64522.796875,64775.84765625,0
dead,corrected,0,0.0,2,1,64775.84765625,65028.8984375,0
dead,corrected,0,0.0,2,1,65028.8984375,65281.94921875,0
dead,corrected,0,0.0,2,1,65281.94921875,65535.0,0
dead,after,0,0.0,2,1,0.0,0.99609375,0
dead,after,0,0.0,2,1,0.99609375,1.9921875,0
dead,after,0,0.0,2,1,1.9921875,2.98828125,0
dead,after,0,0.0,2,1,2.98828125,3.984375,0
dead,after,0,0.0,2,1,3.984375,4.98046875,0
dead,after,0,0.0,2,1,4.98046875,5.9765625,0
dead,after,0,0.0,2,1,5.9765625,6.97265625,0
dead,after,0,0.0,2,1,6.97265625,7.96875,0
dead,after,0,0.0,2,1,7.96875,8.96484375,0
dead,after,0,0.0,2,1,8.96484375,9.9609375,0
dead,after,0,0.0,2,1,9.9609375,10.95703125,47721
dead,after,0,0.0,2,1,10.95703125,11.953125,42985
dead,after,0,0.0,2,1,11.953125,12.94921875,39959
dead,after,0,0.0,2,1,12.94921875,13.9453125,36030
dead,after,0,0.0,2,1,13.9453125,14.94140625,33123
dead,after,0,0.0,2,1,14.94140625,15.9375,30736
dead,after,0,0.0,2,1,15.9375,16.93359375,29078
dead,after,0,0.0,2,1,16.93359375,17.9296875,26931
dead,after,0,0.0,2,1,17.9296875,18.92578125,25198
dead,after,0,0.0,2,1,18.92578125,19.921875,23306
dead,after,0,0.0,2,1,19.921875,20.91796875,21300
dead,after,0,0.0,2,1,20.91796875,21.9140625,20026
dead,after,0,0.0,2,1,21.9140625,22.91015625,18756
dead,after,0,0.0,2,1,22.91015625,23.90625,17639
dead,after,0,0.0,2,1,23.90625,24.90234375,16855
dead,after,0,0.0,2,1,24.90234375,25.8984375,16109
dead,after,0,0.0,2,1,25.8984375,26.89453125,14596
dead,after,0,0.0,2,1,26.89453125,27.890625,13727
dead,after,0,0.0,2,1,27.890625,28.88671875,12986
dead,after,0,0.0,2,1,28.88671875,29.8828125,12385
dead,after,0,0.0,2,1,29.8828125,30.87890625,11609
dead,after,0,0.0,2,1,30.87890625,31.875,11189
dead,after,0,0.0,2,1,31.875,32.87109375,10648
dead,after,0,0.0,2,1,32.87109375,33.8671875,10254
dead,after,0,0.0,2,1,33.8671875,34.86328125,9852
dead,after,0,0.0,2,1,34.86328125,35.859375,9431
dead,after,0,0.0,2,1,35.859375,36.85546875,9099
dead,after,0,0.0,2,1,36.85546875,37.8515625,8522
dead,after,0,0.0,2,1,37.8515625,38.84765625,8202
dead,after,0,0.0,2,1,38.84765625,39.84375,7998
dead,after,0,0.0,2,1,39.84375,40.83984375,7361
dead,after,0,0.0,2,1,40.83984375,41.8359375,6967
dead,after,0,0.0,2,1,41.8359375,42.83203125,6825
dead,after,0,0.0,2,1,42.83203125,43.828125,6440
dead,after,0,0.0,2,1,43.828125,44.82421875,6322
dead,after,0,0.0,2,1,44.82421875,45.8203125,5944
dead,after,0,0.0,2,1,45.8203125,46.81640625,5601
dead,after,0,0.0,2,1,46.81640625,47.8125,5513
dead,after,0,0.0,2,1,47.8125,48.80859375,5353
dead,after,0,0.0,2,1,48.80859375,49.8046875,5236
dead,after,0,0.0,2,1,49.8046875,50.80078125,4947
dead,after,0,0.0,2,1,50.80078125,51.796875,4778
dead,after,0,0.0,2,1,51.796875,52.79296875,4674
dead,after,0,0.0,2,1,52.79296875,53.7890625,4684
dead,after,0,0.0,2,1,53.7890625,54.78515625,4489
dead,after,0,0.0,2,1,54.78515625,55.78125,4161
dead,after,0,0.0,2,1,55.78125,56.77734375,3947
dead,after,0,0.0,2,1,56.77734375,57.7734375,3879
dead,after,0,0.0,2,1,57.7734375,58.76953125,3665
dead,after,0,0.0,2,1,58.76953125,59.765625,3520
dead,after,0,0.0,2,1,59.765625,60.76171875,3498
dead,after,0,0.0,2,1,60.76171875,61.7578125,3435
dead,after,0,0.0,2,1,61.7578125,62.75390625,3377
dead,after,0,0.0,2,1,62.75390625,63.75,3150
dead,after,0,0.0,2,1,63.75,64.74609375,3154
dead,after,0,0.0,2,1,64.74609375,65.7421875,3059
dead,after,0,0.0,2,1,65.7421875,66.73828125,2919
dead,after,0,0.0,2,1,66.73828125,67.734375,2877
dead,after,0,0.0,2,1,67.734375,68.73046875,2784
dead,after,0,0.0,2,1,68.73046875,69.7265625,2823
dead,after,0,0.0,2,1,69.7265625,70.72265625,2676
dead,after,0,0.0,2,1,70.72265625,71.71875,2656
dead,after,0,0.0,2,1,71.71875,72.71484375,2749
dead,after,0,0.0,2,1,72.71484375,73.7109375,2571
dead,after,0,0.0,2,1,73.7109375,74.70703125,2576
dead,after,0,0.0,2,1,74.70703125,75.703125,2466
dead,after,0,0.0,2,1,75.703125,76.69921875,2331
dead,after,0,0.0,2,1,76.69921875,77.6953125,2357
dead,after,0,0.0,2,1,77.6953125,78.69140625,2222
dead,after,0,0.0,2,1,78.69140625,79.6875,2212
dead,after,0,0.0,2,1,79.6875,80.68359375,2162
dead,after,0,0.0,2,1,80.68359375,81.6796875,2152
dead,after,0,0.0,2,1,81.6796875,82.67578125,2165
dead,after,0,0.0,2,1,82.67578125,83.671875,2043
dead,after,0,0.0,2,1,83.671875,84.66796875,1943
dead,after,0,0.0,2,1,84.66796875,85.6640625,1844
dead,after,0,0.0,2,1,85.6640625,86.66015625,1906
dead,after,0,0.0,2,1,86.66015625,87.65625,1889
dead,after,0,0.0,2,1,87.65625,88.65234375,1900
dead,after,0,0.0,2,1,88.65234375,89.6484375,1882
dead,after,0,0.0,2,1,89.6484375,90.64453125,1858
dead,after,0,0.0,2,1,90.64453125,91.640625,1764
dead,after,0,0.0,2,1,91.640625,92.63671875,1706
dead,after,0,0.0,2,1,92.63671875,93.6328125,1696
dead,after,0,0.0,2,1,93.6328125,94.62890625,1668
dead,after,0,0.0,2,1,94.62890625,95.625,1715
dead,after,0,0.0,2,1,95.625,96.62109375,1645
dead,after,0,0.0,2,1,96.62109375,97.6171875,1568
dead,after,0,0.0,2,1,97.6171875,98.61328125,1478
dead,after,0,0.0,2,1,98.61328125,99.609375,1445
dead,after,0,0.0,2,1,99.609375,100.60546875,1450
dead,after,0,0.0,2,1,100.60546875,101.6015625,1502
dead,after,0,0.0,2,1,101.6015625,102.59765625,1432
dead,after,0,0.0,2,1,102.59765625,103.59375,1460
dead,after,0,0.0,2,1,103.59375,104.58984375,1369
dead,after,0,0.0,2,1,104.58984375,105.5859375,1345
dead,after,0,0.0,2,1,105.5859375,106.58203125,1266
dead,after,0,0.0,2,1,106.58203125,107.578125,1227
dead,after,0,0.0,2,1,107.578125,108.57421875,1325
dead,after,0,0.0,2,1,108.57421875,109.5703125,1248
dead,after,0,0.0,2,1,109.5703125,110.56640625,1255
dead,after,0,0.0,2,1,110.56640625,111.5625,1156
dead,after,0,0.0,2,1,111.5625,112.55859375,1171
dead,after,0,0.0,2,1,112.55859375,113.5546875,1217
dead,after,0,0.0,2,1,113.5546875,114.55078125,1109
dead,after,0,0.0,2,1,114.55078125,115.546875,1177
dead,after,0,0.0,2,1,115.546875,116.54296875,1133
dead,after,0,0.0,2,1,116.54296875,117.5390625,1045
dead,after,0,0.0,2,1,117.5390625,118.53515625,1008
dead,after,0,0.0,2,1,118.53515625,119.53125,1013
dead,after,0,0.0,2,1,119.53125,120.52734375,984
dead,after,0,0.0,2,1,120.52734375,121.5234375,911
dead,after,0,0.0,2,1,121.5234375,122.51953125,886
dead,after,0,0.0,2,1,122.51953125,123.515625,844
dead,after,0,0.0,2,1,123.515625,124.51171875,874
dead,after,0,0.0,2,1,124.51171875,125.5078125,877
dead,after,0,0.0,2,1,125.5078125,126.50390625,838
dead,after,0,0.0,2,1,126.50390625,127.5,886
dead,after,0,0.0,2,1,127.5,128.49609375,812
dead,after,0,0.0,2,1,128.49609375,129.4921875,836
dead,after,0,0.0,2,1,129.4921875,130.48828125,806
dead,after,0,0.0,2,1,130.48828125,131.484375,805
dead,after,0,0.0,2,1,131.484375,132.48046875,741
dead,after,0,0.0,2,1,132.48046875,133.4765625,733
dead,after,0,0.0,2,1,133.4765625,134.47265625,797
dead,after,0,0.0,2,1,134.47265625,135.46875,697
dead,after,0,0.0,2,1,135.46875,136.46484375,726
dead,after,0,0.0,2,1,136.46484375,137.4609375,700
dead,after,0,0.0,2,1,137.4609375,138.45703125,701
dead,after,0,0.0,2,1,138.45703125,139.453125,708
dead,after,0,0.0,2,1,139.453125,140.44921875,703
dead,after,0,0.0,2,1,140.44921875,141.4453125,725
dead,after,0,0.0,2,1,141.4453125,142.44140625,767
dead,after,0,0.0,2,1,142.44140625,143.4375,661
dead,after,0,0.0,2,1,143.4375,144.43359375,650
dead,after,0,0.0,2,1,144.43359375,145.4296875,554
dead,after,0,0.0,2,1,145.4296875,146.42578125,558
dead,after,0,0.0,2,1,146.42578125,147.421875,535
dead,after,0,0.0,2,1,147.421875,148.41796875,540
dead,after,0,0.0,2,1,148.41796875,149.4140625,520
dead,after,0,0.0,2,1,149.4140625,150.41015625,481
dead,after,0,0.0,2,1,150.41015625,151.40625,482
dead,after,0,0.0,2,1,151.40625,152.40234375,490
dead,after,0,0.0,2,1,152.40234375,153.3984375,452
dead,after,0,0.0,2,1,153.3984375,154.39453125,462
dead,after,0,0.0,2,1,154.39453125,155.390625,450
dead,after,0,0.0,2,1,155.390625,156.38671875,447
dead,after,0,0.0,2,1,156.38671875,157.3828125,488
dead,after,0,0.0,2,1,157.3828125,158.37890625,442
dead,after,0,0.0,2,1,158.37890625,159.375,407
dead,after,0,0.0,2,1,159.375,160.37109375,388
dead,after,0,0.0,2,1,160.37109375,161.3671875,439
dead,after,0,0.0,2,1,161.3671875,162.36328125,396
dead,after,0,0.0,2,1,162.36328125,163.359375,393
dead,after,0,0.0,2,1,163.359375,164.35546875,379
dead,after,0,0.0,2,1,164.35546875,165.3515625,360
dead,after,0,0.0,2,1,165.3515625,166.34765625,360
dead,after,0,0.0,2,1,166.34765625,167.34375,356
dead,after,0,0.0,2,1,167.34375,168.33984375,331
dead,after,0,0.0,2,1,168.33984375,169.3359375,322
dead,after,0,0.0,2,1,169.3359375,170.33203125,312
dead,after,0,0.0,2,1,170.33203125,171.328125,320
dead,after,0,0.0,2,1,171.328125,172.32421875,322
dead,after,0,0.0,2,1,172.32421875,173.3203125,320
dead,after,0,0.0,2,1,173.3203125,174.31640625,307
dead,after,0,0.0,2,1,174.31640625,175.3125,309
dead,after,0,0.0,2,1,175.3125,176.30859375,304
dead,after,0,0.0,2,1,176.30859375,177.3046875,296
dead,after,0,0.0,2,1,177.3046875,178.30078125,311
dead,after,0,0.0,2,1,178.30078125,179.296875,319
dead,after,0,0.0,2,1,179.296875,180.29296875,259
dead,after,0,0.0,2,1,180.29296875,181.2890625,264
dead,after,0,0.0,2,1,181.2890625,182.28515625,256
dead,after,0,0.0,2,1,182.28515625,183.28125,253
dead,after,0,0.0,2,1,183.28125,184.27734375,247
dead,after,0,0.0,2,1,184.27734375,185.2734375,238
dead,after,0,0.0,2,1,185.2734375,186.26953125,223
dead,after,0,0.0,2,1,186.26953125,187.265625,226
dead,after,0,0.0,2,1,187.265625,188.26171875,213
dead,after,0,0.0,2,1,188.26171875,189.2578125,199
dead,after,0,0.0,2,1,189.2578125,190.25390625,208
dead,after,0,0.0,2,1,190.25390625,191.25,192
dead,after,0,0.0,2,1,191.25,192.24609375,197
dead,after,0,0.0,2,1,192.24609375,193.2421875,195
dead,after,0,0.0,2,1,193.2421875,194.23828125,179
dead,after,0,0.0,2,1,194.23828125,195.234375,177
dead,after,0,0.0,2,1,195.234375,196.23046875,197
dead,after,0,0.0,2,1,196.23046875,197.2265625,158
dead,after,0,0.0,2,1,197.2265625,198.22265625,186
dead,after,0,0.0,2,1,198.22265625,199.21875,157
dead,after,0,0.0,2,1,199.21875,200.21484375,167
dead,after,0,0.0,2,1,200.21484375,201.2109375,163
dead,after,0,0.0,2,1,201.2109375,202.20703125,167
dead,after,0,0.0,2,1,202.20703125,203.203125,166
dead,after,0,0.0,2,1,203.203125,204.19921875,154
dead,after,0,0.0,2,1,204.19921875,205.1953125,174
dead,after,0,0.0,2,1,205.1953125,206.19140625,150
dead,after,0,0.0,2,1,206.19140625,207.1875,152
dead,after,0,0.0,2,1,207.1875,208.18359375,146
dead,after,0,0.0,2,1,208.18359375,209.1796875,143
dead,after,0,0.0,2,1,209.1796875,210.17578125,135
dead,after,0,0.0,2,1,210.17578125,211.171875,119
dead,after,0,0.0,2,1,211.171875,212.16796875,143
dead,after,0,0.0,2,1,212.16796875,213.1640625,140
dead,after,0,0.0,2,1,213.1640625,214.16015625,139
dead,after,0,0.0,2,1,214.16015625,215.15625,119
dead,after,0,0.0,2,1,215.15625,216.15234375,134
dead,after,0,0.0,2,1,216.15234375,217.1484375,127
dead,after,0,0.0,2,1,217.1484375,218.14453125,127
dead,after,0,0.0,2,1,218.14453125,219.140625,127
dead,after,0,0.0,2,1,219.140625,220.13671875,120
dead,after,0,0.0,2,1,220.13671875,221.1328125,124
dead,after,0,0.0,2,1,221.1328125,222.12890625,117
dead,after,0,0.0,2,1,222.12890625,223.125,101
dead,after,0,0.0,2,1,223.125,224.12109375,109
dead,after,0,0.0,2,1,224.12109375,225.1171875,97
dead,after,0,0.0,2,1,225.1171875,226.11328125,110
dead,after,0,0.0,2,1,226.11328125,227.109375,101
dead,after,0,0.0,2,1,227.109375,228.10546875,98
dead,after,0,0.0,2,1,228.10546875,229.1015625,101
dead,after,0,0.0,2,1,229.1015625,230.09765625,70
dead,after,0,0.0,2,1,230.09765625,231.09375,103
dead,after,0,0.0,2,1,231.09375,232.08984375,89
dead,after,0,0.0,2,1,232.08984375,233.0859375,87
dead,after,0,0.0,2,1,233.0859375,234.08203125,117
dead,after,0,0.0,2,1,234.08203125,235.078125,85
dead,after,0,0.0,2,1,235.078125,236.07421875,90
dead,after,0,0.0,2,1,236.07421875,237.0703125,87
dead,after,0,0.0,2,1,237.0703125,238.06640625,99
dead,after,0,0.0,2,1,238.06640625,239.0625,92
dead,after,0,0.0,2,1,239.0625,240.05859375,114
dead,after,0,0.0,2,1,240.05859375,241.0546875,127
dead,after,0,0.0,2,1,241.0546875,242.05078125,133
dead,after,0,0.0,2,1,242.05078125,243.046875,185
dead,after,0,0.0,2,1,243.046875,244.04296875,498
dead,after,0,0.0,2,1,244.04296875,245.0390625,213
dead,after,0,0.0,2,1,245.0390625,246.03515625,20
dead,after,0,0.0,2,1,246.03515625,247.03125,0
dead,after,0,0.0,2,1,247.03125,248.02734375,0
dead,after,0,0.0,2,1,248.02734375,249.0234375,0
dead,after,0,0.0,2,1,249.0234375,250.01953125,0
dead,after,0,0.0,2,1,250.01953125,251.015625,0
dead,after,0,0.0,2,1,251.015625,252.01171875,0
dead,after,0,0.0,2,1,252.01171875,253.0078125,0
dead,after,0,0.0,2,1,253.0078125,254.00390625,0
dead,after,0,0.0,2,1,254.00390625,255.0,0
cell,before,0,0.0,2,0,0.0,0.99609375,0
cell,before,0,0.0,2,0,0.99609375,1.9921875,0
cell,before,0,0.0,2,0,1.9921875,2.98828125,0
cell,before,0,0.0,2,0,2.98828125,3.984375,0
cell,before,0,0.0,2,0,3.984375,4.98046875,0
cell,before,0,0.0,2,0,4.98046875,5.9765625,0
cell,before,0,0.0,2,0,5.9765625,6.97265625,0
cell,before,0,0.0,2,0,6.97265625,7.96875,0
cell,before,0,0.0,2,0,7.96875,8.96484375,0
cell,before,0,0.0,2,0,8.96484375,9.9609375,0
cell,before,0,0.0,2,0,9.9609375,10.95703125,0
cell,before,0,0.0,2,0,10.95703125,11.953125,0
cell,before,0,0.0,2,0,11.953125,12.94921875,0
cell,before,0,0.0,2,0,12.94921875,13.9453125,0
cell,before,0,0.0,2,0,13.9453125,14.94140625,0
cell,before,0,0.0,2,0,14.94140625,15.9375,0
cell,before,0,0.0,2,0,15.9375,16.93359375,0
cell,before,0,0.0,2,0,16.93359375,17.9296875,0
cell,before,0,0.0,2,0,17.9296875,18.92578125,0
cell,before,0,0.0,2,0,18.92578125,19.921875,0
cell,before,0,0.0,2,0,19.921875,20.91796875,0
cell,before,0,0.0,2,0,20.91796875,21.9140625,0
cell,before,0,0.0,2,0,21.9140625,22.91015625,0
cell,before,0,0.0,2,0,22.91015625,23.90625,0
cell,before,0,0.0,2,0,23.90625,24.90234375,0
cell,before,0,0.0,2,0,24.90234375,25.8984375,0
cell,before,0,0.0,2,0,25.8984375,26.89453125,0
cell,before,0,0.0,2,0,26.89453125,27.890625,0
cell,before,0,0.0,2,0,27.890625,28.88671875,0
cell,before,0,0.0,2,0,28.88671875,29.8828125,0
cell,before,0,0.0,2,0,29.8828125,30.87890625,0
cell,before,0,0.0,2,0,30.87890625,31.875,0
cell,before,0,0.0,2,0,31.875,32.87109375,0
cell,before,0,0.0,2,0,32.87109375,33.8671875,0
cell,before,0,0.0,2,0,33.8671875,34.86328125,0
cell,before,0,0.0,2,0,34.86328125,35.859375,0
cell,before,0,0.0,2,0,35.859375,36.85546875,0
cell,before,0,0.0,2,0,36.85546875,37.8515625,0
cell,before,0,0.0,2,0,37.8515625,38.84765625,0
cell,before,0,0.0,2,0,38.84765625,39.84375,0
cell,before,0,0.0,2,0,39.84375,40.83984375,0
cell,before,0,0.0,2,0,40.83984375,41.8359375,0
cell,before,0,0.0,2,0,41.8359375,42.83203125,0
cell,before,0,0.0,2,0,42.83203125,43.828125,0
cell,before,0,0.0,2,0,43.828125,44.82421875,0
cell,before,0,0.0,2,0,44.82421875,45.8203125,0
cell,before,0,0.0,2,0,45.8203125,46.81640625,0
cell,before,0,0.0,2,0,46.81640625,47.8125,0
cell,before,0,0.0,2,0,47.8125,48.80859375,0
cell,before,0,0.0,2,0,48.80859375,49.8046875,0
cell,before,0,0.0,2,0,49.8046875,50.80078125,0
cell,before,0,0.0,2,0,50.80078125,51.796875,0
cell,before,0,0.0,2,0,51.796875,52.79296875,0
cell,before,0,0.0,2,0,52.79296875,53.7890625,0
cell,before,0,0.0,2,0,53.7890625,54.78515625,0
cell,before,0,0.0,2,0,54.78515625,55.78125,0
cell,before,0,0.0,2,0,55.78125,56.77734375,0
cell,before,0,0.0,2,0,56.77734375,57.7734375,0
cell,before,0,0.0,2,0,57.7734375,58.76953125,0
cell,before,0,0.0,2,0,58.76953125,59.765625,0
cell,before,0,0.0,2,0,59.765625,60.76171875,0
cell,before,0,0.0,2,0,60.76171875,61.7578125,0
cell,before,0,0.0,2,0,61.7578125,62.75390625,0
cell,before,0,0.0,2,0,62.75390625,63.75,0
cell,before,0,0.0,2,0,63.75,64.74609375,0
cell,before,0,0.0,2,0,64.74609375,65.7421875,0
cell,before,0,0.0,2,0,65.7421875,66.73828125,0
cell,before,0,0.0,2,0,66.73828125,67.734375,0
cell,before,0,0.0,2,0,67.734375,68.73046875,0
cell,before,0,0.0,2,0,68.73046875,69.7265625,0
cell,before,0,0.0,2,0,69.7265625,70.72265625,0
cell,before,0,0.0,2,0,70.72265625,71.71875,0
cell,before,0,0.0,2,0,71.71875,72.71484375,0
cell,before,0,0.0,2,0,72.71484375,73.7109375,0
cell,before,0,0.0,2,0,73.7109375,74.70703125,0
cell,before,0,0.0,2,0,74.70703125,75.703125,0
cell,before,0,0.0,2,0,75.703125,76.69921875,0
cell,before,0,0.0,2,0,76.69921875,77.6953125,0
cell,before,0,0.0,2,0,77.6953125,78.69140625,0
cell,before,0,0.0,2,0,78.69140625,79.6875,0
cell,before,0,0.0,2,0,79.6875,80.68359375,0
cell,before,0,0.0,2,0,80.68359375,81.6796875,0
cell,before,0,0.0,2,0,81.6796875,82.67578125,0
cell,before,0,0.0,2,0,82.67578125,83.671875,0
cell,before,0,0.0,2,0,83.671875,84.66796875,0
cell,before,0,0.0,2,0,84.66796875,85.6640625,0
cell,before,0,0.0,2,0,85.6640625,86.66015625,0
cell,before,0,0.0,2,0,86.66015625,87.65625,0
cell,before,0,0.0,2,0,87.65625,88.65234375,0
cell,before,0,0.0,2,0,88.65234375,89.6484375,0
cell,before,0,0.0,2,0,89.6484375,90.64453125,0
cell,before,0,0.0,2,0,90.64453125,91.640625,0
cell,before,0,0.0,2,0,91.640625,92.63671875,0
cell,before,0,0.0,2,0,92.63671875,93.6328125,0
cell,before,0,0.0,2,0,93.6328125,94.62890625,0
cell,before,0,0.0,2,0,94.62890625,95.625,0
cell,before,0,0.0,2,0,95.625,96.62109375,0
cell,before,0,0.0,2,0,96.62109375,97.6171875,0
cell,before,0,0.0,2,0,97.6171875,98.61328125,0
cell,before,0,0.0,2,0,98.61328125,99.609375,0
cell,before,0,0.0,2,0,99.609375,100.60546875,0
cell,before,0,0.0,2,0,100.60546875,101.6015625,0
cell,before,0,0.0,2,0,101.6015625,102.59765625,0
cell,before,0,0.0,2,0,102.59765625,103.59375,0
cell,before,0,0.0,2,0,103.59375,104.58984375,0
cell,before,0,0.0,2,0,104.58984375,105.5859375,0
cell,before,0,0.0,2,0,105.5859375,106.58203125,0
cell,before,0,0.0,2,0,106.58203125,107.578125,0
cell,before,0,0.0,2,0,107.578125,108.57421875,0
cell,before,0,0.0,2,0,108.57421875,109.5703125,0
cell,before,0,0.0,2,0,109.5703125,110.56640625,0
cell,before,0,0.0,2,0,110.56640625,111.5625,0
cell,before,0,0.0,2,0,111.5625,112.55859375,0
cell,before,0,0.0,2,0,112.55859375,113.5546875,0
cell,before,0,0.0,2,0,113.5546875,114.55078125,0
cell,before,0,0.0,2,0,114.55078125,115.546875,0
cell,before,0,0.0,2,0,115.546875,116.54296875,0
cell,before,0,0.0,2,0,116.54296875,117.5390625,0
cell,before,0,0.0,2,0,117.5390625,118.53515625,0
cell,before,0,0.0,2,0,118.53515625,119.53125,0
cell,before,0,0.0,2,0,119.53125,120.52734375,0
cell,before,0,0.0,2,0,120.52734375,121.5234375,0
cell,before,0,0.0,2,0,121.5234375,122.51953125,0
cell,before,0,0.0,2,0,122.51953125,123.515625,0
cell,before,0,0.0,2,0,123.515625,124.51171875,0
cell,before,0,0.0,2,0,124.51171875,125.5078125,0
cell,before,0,0.0,2,0,125.5078125,126.50390625,0
cell,before,0,0.0,2,0,126.50390625,127.5,0
cell,before,0,0.0,2,0,127.5,128.49609375,0
cell,before,0,0.0,2,0,128.49609375,129.4921875,0
cell,before,0,0.0,2,0,129.4921875,130.48828125,0
cell,before,0,0.0,2,0,130.48828125,131.484375,0
cell,before,0,0.0,2,0,131.484375,132.48046875,0
cell,before,0,0.0,2,0,132.48046875,133.4765625,0
cell,before,0,0.0,2,0,133.4765625,134.47265625,0
cell,before,0,0.0,2,0,134.47265625,135.46875,0
cell,before,0,0.0,2,0,135.46875,136.46484375,0
cell,before,0,0.0,2,0,136.46484375,137.4609375,0
cell,before,0,0.0,2,0,137.4609375,138.45703125,0
cell,before,0,0.0,2,0,138.45703125,139.453125,0
cell,before,0,0.0,2,0,139.453125,140.44921875,0
cell,before,0,0.0,2,0,140.44921875,141.4453125,0
cell,before,0,0.0,2,0,141.4453125,142.44140625,0
cell,before,0,0.0,2,0,142.44140625,143.4375,0
cell,before,0,0.0,2,0,143.4375,144.43359375,0
cell,before,0,0.0,2,0,144.43359375,145.4296875,0
cell,before,0,0.0,2,0,145.4296875,146.42578125,0
cell,before,0,0.0,2,0,146.42578125,147.421875,0
cell,before,0,0.0,2,0,147.421875,148.41796875,0
cell,before,0,0.0,2,0,148.41796875,149.4140625,0
cell,before,0,0.0,2,0,149.4140625,150.41015625,0
cell,before,0,0.0,2,0,150.41015625,151.40625,0
cell,before,0,0.0,2,0,151.40625,152.40234375,0
cell,before,0,0.0,2,0,152.40234375,153.3984375,0
cell,before,0,0.0,2,0,153.3984375,154.39453125,0
cell,before,0,0.0,2,0,154.39453125,155.390625,0
cell,before,0,0.0,2,0,155.390625,156.38671875,0
cell,before,0,0.0,2,0,156.38671875,157.3828125,0
cell,before,0,0.0,2,0,157.3828125,158.37890625,0
cell,before,0,0.0,2,0,158.37890625,159.375,0
cell,before,0,0.0,2,0,159.375,160.37109375,0
cell,before,0,0.0,2,0,160.37109375,161.3671875,0
cell,before,0,0.0,2,0,161.3671875,162.36328125,0
cell,before,0,0.0,2,0,162.36328125,163.359375,0
cell,before,0,0.0,2,0,163.359375,164.35546875,0
cell,before,0,0.0,2,0,164.35546875,165.3515625,0
cell,before,0,0.0,2,0,165.3515625,166.34765625,0
cell,before,0,0.0,2,0,166.34765625,167.34375,0
cell,before,0,0.0,2,0,167.34375,168.33984375,0
cell,before,0,0.0,2,0,168.33984375,169.3359375,0
cell,before,0,0.0,2,0,169.3359375,170.33203125,0
cell,before,0,0.0,2,0,170.33203125,171.328125,0
cell,before,0,0.0,2,0,171.328125,172.32421875,0
cell,before,0,0.0,2,0,172.32421875,173.3203125,0
cell,before,0,0.0,2,0,173.3203125,174.31640625,0
cell,before,0,0.0,2,0,174.31640625,175.3125,0
cell,before,0,0.0,2,0,175.3125,176.30859375,0
cell,before,0,0.0,2,0,176.30859375,177.3046875,0
cell,before,0,0.0,2,0,177.3046875,178.30078125,0
cell,before,0,0.0,2,0,178.30078125,179.296875,0
cell,before,0,0.0,2,0,179.296875,180.29296875,0
cell,before,0,0.0,2,0,180.29296875,181.2890625,0
cell,before,0,0.0,2,0,181.2890625,182.28515625,0
cell,before,0,0.0,2,0,182.28515625,183.28125,0
cell,before,0,0.0,2,0,183.28125,184.27734375,0
cell,before,0,0.0,2,0,184.27734375,185.2734375,0
cell,before,0,0.0,2,0,185.2734375,186.26953125,0
cell,before,0,0.0,2,0,186.26953125,187.265625,0
cell,before,0,0.0,2,0,187.265625,188.26171875,0
cell,before,0,0.0,2,0,188.26171875,189.2578125,0
cell,before,0,0.0,2,0,189.2578125,190.25390625,0
cell,before,0,0.0,2,0,190.25390625,191.25,0
cell,before,0,0.0,2,0,191.25,192.24609375,0
cell,before,0,0.0,2,0,192.24609375,193.2421875,0
cell,before,0,0.0,2,0,193.2421875,194.23828125,0
cell,before,0,0.0,2,0,194.23828125,195.234375,0
cell,before,0,0.0,2,0,195.234375,196.23046875,0
cell,before,0,0.0,2,0,196.23046875,197.2265625,0
cell,before,0,0.0,2,0,197.2265625,198.22265625,0
cell,before,0,0.0,2,0,198.22265625,199.21875,0
cell,before,0,0.0,2,0,199.21875,200.21484375,0
cell,before,0,0.0,2,0,200.21484375,201.2109375,0
cell,before,0,0.0,2,0,201.2109375,202.20703125,0
cell,before,0,0.0,2,0,202.20703125,203.203125,0
cell,before,0,0.0,2,0,203.203125,204.19921875,0
cell,before,0,0.0,2,0,204.19921875,205.1953125,0
cell,before,0,0.0,2,0,205.1953125,206.19140625,0
cell,before,0,0.0,2,0,206.19140625,207.1875,0
cell,before,0,0.0,2,0,207.1875,208.18359375,0
cell,before,0,0.0,2,0,208.18359375,209.1796875,0
cell,before,0,0.0,2,0,209.1796875,210.17578125,0
cell,before,0,0.0,2,0,210.17578125,211.171875,0
cell,before,0,0.0,2,0,211.171875,212.16796875,0
cell,before,0,0.0,2,0,212.16796875,213.1640625,0
cell,before,0,0.0,2,0,213.1640625,214.16015625,0
cell,before,0,0.0,2,0,214.16015625,215.15625,0
cell,before,0,0.0,2,0,215.15625,216.15234375,0
cell,before,0,0.0,2,0,216.15234375,217.1484375,0
cell,before,0,0.0,2,0,217.1484375,218.14453125,0
cell,before,0,0.0,2,0,218.14453125,219.140625,0
cell,before,0,0.0,2,0,219.140625,220.13671875,0
cell,before,0,0.0,2,0,220.13671875,221.1328125,0
cell,before,0,0.0,2,0,221.1328125,222.12890625,0
cell,before,0,0.0,2,0,222.12890625,223.125,0
cell,before,0,0.0,2,0,223.125,224.12109375,0
cell,before,0,0.0,2,0,224.12109375,225.1171875,0
cell,before,0,0.0,2,0,225.1171875,226.11328125,0
cell,before,0,0.0,2,0,226.11328125,227.109375,0
cell,before,0,0.0,2,0,227.109375,228.10546875,0
cell,before,0,0.0,2,0,228.10546875,229.1015625,0
cell,before,0,0.0,2,0,229.1015625,230.09765625,0
cell,before,0,0.0,2,0,230.09765625,231.09375,0
cell,before,0,0.0,2,0,231.09375,232.08984375,0
cell,before,0,0.0,2,0,232.08984375,233.0859375,0
cell,before,0,0.0,2,0,233.0859375,234.08203125,0
cell,before,0,0.0,2,0,234.08203125,235.078125,0
cell,before,0,0.0,2,0,235.078125,236.07421875,0
cell,before,0,0.0,2,0,236.07421875,237.0703125,0
cell,before,0,0.0,2,0,237.0703125,238.06640625,0
cell,before,0,0.0,2,0,238.06640625,239.0625,0
cell,before,0,0.0,2,0,239.0625,240.05859375,0
cell,before,0,0.0,2,0,240.05859375,241.0546875,0
cell,before,0,0.0,2,0,241.0546875,242.05078125,0
cell,before,0,0.0,2,0,242.05078125,243.046875,0
cell,before,0,0.0,2,0,243.046875,244.04296875,0
cell,before,0,0.0,2,0,244.04296875,245.0390625,0
cell,before,0,0.0,2,0,245.0390625,246.03515625,0
cell,before,0,0.0,2,0,246.03515625,247.03125,0
cell,before,0,0.0,2,0,247.03125,248.02734375,0
cell,before,0,0.0,2,0,248.02734375,249.0234375,0
cell,before,0,0.0,2,0,249.0234375,250.01953125,0
cell,before,0,0.0,2,0,250.01953125,251.015625,0
cell,before,0,0.0,2,0,251.015625,252.01171875,0
cell,before,0,0.0,2,0,252.01171875,253.0078125,0
cell,before,0,0.0,2,0,253.0078125,254.00390625,0
cell,before,0,0.0,2,0,254.00390625,255.0,0
cell,after,0,0.0,2,0,0.0,0.99609375,0
cell,after,0,0.0,2,0,0.99609375,1.9921875,0
cell,after,0,0.0,2,0,1.9921875,2.98828125,0
cell,after,0,0.0,2,0,2.98828125,3.984375,0
cell,after,0,0.0,2,0,3.984375,4.98046875,0
cell,after,0,0.0,2,0,4.98046875,5.9765625,0
cell,after,0,0.0,2,0,5.9765625,6.97265625,0
cell,after,0,0.0,2,0,6.97265625,7.96875,0
cell,after,0,0.0,2,0,7.96875,8.96484375,0
cell,after,0,0.0,2,0,8.96484375,9.9609375,0
cell,after,0,0.0,2,0,9.9609375,10.95703125,0
cell,after,0,0.0,2,0,10.95703125,11.953125,0
cell,after,0,0.0,2,0,11.953125,12.94921875,0
cell,after,0,0.0,2,0,12.94921875,13.9453125,0
cell,after,0,0.0,2,0,13.9453125,14.94140625,0
cell,after,0,0.0,2,0,14.94140625,15.9375,0
cell,after,0,0.0,2,0,15.9375,16.93359375,0
cell,after,0,0.0,2,0,16.93359375,17.9296875,0
cell,after,0,0.0,2,0,17.9296875,18.92578125,0
cell,after,0,0.0,2,0,18.92578125,19.921875,0
cell,after,0,0.0,2,0,19.921875,20.91796875,0
cell,after,0,0.0,2,0,20.91796875,21.9140625,0
cell,after,0,0.0,2,0,21.9140625,22.91015625,0
cell,after,0,0.0,2,0,22.91015625,23.90625,0
cell,after,0,0.0,2,0,23.90625,24.90234375,0
cell,after,0,0.0,2,0,24.90234375,25.8984375,0
cell,after,0,0.0,2,0,25.8984375,26.89453125,0
cell,after,0,0.0,2,0,26.89453125,27.890625,0
cell,after,0,0.0,2,0,27.890625,28.88671875,0
cell,after,0,0.0,2,0,28.88671875,29.8828125,0
cell,after,0,0.0,2,0,29.8828125,30.87890625,0
cell,after,0,0.0,2,0,30.87890625,31.875,0
cell,after,0,0.0,2,0,31.875,32.87109375,0
cell,after,0,0.0,2,0,32.87109375,33.8671875,0
cell,after,0,0.0,2,0,33.8671875,34.86328125,0
cell,after,0,0.0,2,0,34.86328125,35.859375,0
cell,after,0,0.0,2,0,35.859375,36.85546875,0
cell,after,0,0.0,2,0,36.85546875,37.8515625,0
cell,after,0,0.0,2,0,37.8515625,38.84765625,0
cell,after,0,0.0,2,0,38.84765625,39.84375,0
cell,after,0,0.0,2,0,39.84375,40.83984375,0
cell,after,0,0.0,2,0,40.83984375,41.8359375,0
cell,after,0,0.0,2,0,41.8359375,42.83203125,0
cell,after,0,0.0,2,0,42.83203125,43.828125,0
cell,after,0,0.0,2,0,43.828125,44.82421875,0
cell,after,0,0.0,2,0,44.82421875,45.8203125,0
cell,after,0,0.0,2,0,45.8203125,46.81640625,0
cell,after,0,0.0,2,0,46.81640625,47.8125,0
cell,after,0,0.0,2,0,47.8125,48.80859375,0
cell,after,0,0.0,2,0,48.80859375,49.8046875,0
cell,after,0,0.0,2,0,49.8046875,50.80078125,0
cell,after,0,0.0,2,0,50.80078125,51.796875,0
cell,after,0,0.0,2,0,51.796875,52.79296875,0
cell,after,0,0.0,2,0,52.79296875,53.7890625,0
cell,after,0,0.0,2,0,53.7890625,54.78515625,0
cell,after,0,0.0,2,0,54.78515625,55.78125,0
cell,after,0,0.0,2,0,55.78125,56.77734375,0
cell,after,0,0.0,2,0,56.77734375,57.7734375,0
cell,after,0,0.0,2,0,57.7734375,58.76953125,0
cell,after,0,0.0,2,0,58.76953125,59.765625,0
cell,after,0,0.0,2,0,59.765625,60.76171875,0
cell,after,0,0.0,2,0,60.76171875,61.7578125,0
cell,after,0,0.0,2,0,61.7578125,62.75390625,0
cell,after,0,0.0,2,0,62.75390625,63.75,0
cell,after,0,0.0,2,0,63.75,64.74609375,0
cell,after,0,0.0,2,0,64.74609375,65.7421875,0
cell,after,0,0.0,2,0,65.7421875,66.73828125,0
cell,after,0,0.0,2,0,66.73828125,67.734375,0
cell,after,0,0.0,2,0,67.734375,68.73046875,0
cell,after,0,0.0,2,0,68.73046875,69.7265625,0
cell,after,0,0.0,2,0,69.7265625,70.72265625,0
cell,after,0,0.0,2,0,70.72265625,71.71875,0
cell,after,0,0.0,2,0,71.71875,72.71484375,0
cell,after,0,0.0,2,0,72.71484375,73.7109375,0
cell,after,0,0.0,2,0,73.7109375,74.70703125,0
cell,after,0,0.0,2,0,74.70703125,75.703125,0
cell,after,0,0.0,2,0,75.703125,76.69921875,0
cell,after,0,0.0,2,0,76.69921875,77.6953125,0
cell,after,0,0.0,2,0,77.6953125,78.69140625,0
cell,after,0,0.0,2,0,78.69140625,79.6875,0
cell,after,0,0.0,2,0,79.6875,80.68359375,0
cell,after,0,0.0,2,0,80.68359375,81.6796875,0
cell,after,0,0.0,2,0,81.6796875,82.67578125,0
cell,after,0,0.0,2,0,82.67578125,83.671875,0
cell,after,0,0.0,2,0,83.671875,84.66796875,0
cell,after,0,0.0,2,0,84.66796875,85.6640625,0
cell,after,0,0.0,2,0,85.6640625,86.66015625,0
cell,after,0,0.0,2,0,86.66015625,87.65625,0
cell,after,0,0.0,2,0,87.65625,88.65234375,0
cell,after,0,0.0,2,0,88.65234375,89.6484375,0
cell,after,0,0.0,2,0,89.6484375,90.64453125,0
cell,after,0,0.0,2,0,90.64453125,91.640625,0
cell,after,0,0.0,2,0,91.640625,92.63671875,0
cell,after,0,0.0,2,0,92.63671875,93.6328125,0
cell,after,0,0.0,2,0,93.6328125,94.62890625,0
cell,after,0,0.0,2,0,94.62890625,95.625,0
cell,after,0,0.0,2,0,95.625,96.62109375,0
cell,after,0,0.0,2,0,96.62109375,97.6171875,0
cell,after,0,0.0,2,0,97.6171875,98.61328125,0
cell,after,0,0.0,2,0,98.61328125,99.609375,0
cell,after,0,0.0,2,0,99.609375,100.60546875,0
cell,after,0,0.0,2,0,100.60546875,101.6015625,0
cell,after,0,0.0,2,0,101.6015625,102.59765625,0
cell,after,0,0.0,2,0,102.59765625,103.59375,0
cell,after,0,0.0,2,0,103.59375,104.58984375,0
cell,after,0,0.0,2,0,104.58984375,105.5859375,0
cell,after,0,0.0,2,0,105.5859375,106.58203125,0
cell,after,0,0.0,2,0,106.58203125,107.578125,0
cell,after,0,0.0,2,0,107.578125,108.57421875,0
cell,after,0,0.0,2,0,108.57421875,109.5703125,0
cell,after,0,0.0,2,0,109.5703125,110.56640625,0
cell,after,0,0.0,2,0,110.56640625,111.5625,0
cell,after,0,0.0,2,0,111.5625,112.55859375,0
cell,after,0,0.0,2,0,112.55859375,113.5546875,0
cell,after,0,0.0,2,0,113.5546875,114.55078125,0
cell,after,0,0.0,2,0,114.55078125,115.546875,0
cell,after,0,0.0,2,0,115.546875,116.54296875,0
cell,after,0,0.0,2,0,116.54296875,117.5390625,0
cell,after,0,0.0,2,0,117.5390625,118.53515625,0
cell,after,0,0.0,2,0,118.53515625,119.53125,0
cell,after,0,0.0,2,0,119.53125,120.52734375,0
cell,after,0,0.0,2,0,120.52734375,121.5234375,0
cell,after,0,0.0,2,0,121.5234375,122.51953125,0
cell,after,0,0.0,2,0,122.51953125,123.515625,0
cell,after,0,0.0,2,0,123.515625,124.51171875,0
cell,after,0,0.0,2,0,124.51171875,125.5078125,0
cell,after,0,0.0,2,0,125.5078125,126.50390625,0
cell,after,0,0.0,2,0,126.50390625,127.5,0
cell,after,0,0.0,2,0,127.5,128.49609375,0
cell,after,0,0.0,2,0,128.49609375,129.4921875,0
cell,after,0,0.0,2,0,129.4921875,130.48828125,0
cell,after,0,0.0,2,0,130.48828125,131.484375,0
cell,after,0,0.0,2,0,131.484375,132.48046875,0
cell,after,0,0.0,2,0,132.48046875,133.4765625,0
cell,after,0,0.0,2,0,133.4765625,134.47265625,0
cell,after,0,0.0,2,0,134.47265625,135.46875,0
cell,after,0,0.0,2,0,135.46875,136.46484375,0
cell,after,0,0.0,2,0,136.46484375,137.4609375,0
cell,after,0,0.0,2,0,137.4609375,138.45703125,0
cell,after,0,0.0,2,0,138.45703125,139.453125,0
cell,after,0,0.0,2,0,139.453125,140.44921875,0
cell,after,0,0.0,2,0,140.44921875,141.4453125,0
cell,after,0,0.0,2,0,141.4453125,142.44140625,0
cell,after,0,0.0,2,0,142.44140625,143.4375,0
cell,after,0,0.0,2,0,143.4375,144.43359375,0
cell,after,0,0.0,2,0,144.43359375,145.4296875,0
cell,after,0,0.0,2,0,145.4296875,146.42578125,0
cell,after,0,0.0,2,0,146.42578125,147.421875,0
cell,after,0,0.0,2,0,147.421875,148.41796875,0
cell,after,0,0.0,2,0,148.41796875,149.4140625,0
cell,after,0,0.0,2,0,149.4140625,150.41015625,0
cell,after,0,0.0,2,0,150.41015625,151.40625,0
cell,after,0,0.0,2,0,151.40625,152.40234375,0
cell,after,0,0.0,2,0,152.40234375,153.3984375,0
cell,after,0,0.0,2,0,153.3984375,154.39453125,0
cell,after,0,0.0,2,0,154.39453125,155.390625,0
cell,after,0,0.0,2,0,155.390625,156.38671875,0
cell,after,0,0.0,2,0,156.38671875,157.3828125,0
cell,after,0,0.0,2,0,157.3828125,158.37890625,0
cell,after,0,0.0,2,0,158.37890625,159.375,0
cell,after,0,0.0,2,0,159.375,160.37109375,0
cell,after,0,0.0,2,0,160.37109375,161.3671875,0
cell,after,0,0.0,2,0,161.3671875,162.36328125,0
cell,after,0,0.0,2,0,162.36328125,163.359375,0
cell,after,0,0.0,2,0,163.359375,164.35546875,0
cell,after,0,0.0,2,0,164.35546875,165.3515625,0
cell,after,0,0.0,2,0,165.3515625,166.34765625,0
cell,after,0,0.0,2,0,166.34765625,167.34375,0
cell,after,0,0.0,2,0,167.34375,168.33984375,0
cell,after,0,0.0,2,0,168.33984375,169.3359375,0
cell,after,0,0.0,2,0,169.3359375,170.33203125,0
cell,after,0,0.0,2,0,170.33203125,171.328125,0
cell,after,0,0.0,2,0,171.328125,172.32421875,0
cell,after,0,0.0,2,0,172.32421875,173.3203125,0
cell,after,0,0.0,2,0,173.3203125,174.31640625,0
cell,after,0,0.0,2,0,174.31640625,175.3125,0
cell,after,0,0.0,2,0,175.3125,176.30859375,0
cell,after,0,0.0,2,0,176.30859375,177.3046875,0
cell,after,0,0.0,2,0,177.3046875,178.30078125,0
cell,after,0,0.0,2,0,178.30078125,179.296875,0
cell,after,0,0.0,2,0,179.296875,180.29296875,0
cell,after,0,0.0,2,0,180.29296875,181.2890625,0
cell,after,0,0.0,2,0,181.2890625,182.28515625,0
cell,after,0,0.0,2,0,182.28515625,183.28125,0
cell,after,0,0.0,2,0,183.28125,184.27734375,0
cell,after,0,0.0,2,0,184.27734375,185.2734375,0
cell,after,0,0.0,2,0,185.2734375,186.26953125,0
cell,after,0,0.0,2,0,186.26953125,187.265625,0
cell,after,0,0.0,2,0,187.265625,188.26171875,0
cell,after,0,0.0,2,0,188.26171875,189.2578125,0
cell,after,0,0.0,2,0,189.2578125,190.25390625,0
cell,after,0,0.0,2,0,190.25390625,191.25,0
cell,after,0,0.0,2,0,191.25,192.24609375,0
cell,after,0,0.0,2,0,192.24609375,193.2421875,0
cell,after,0,0.0,2,0,193.2421875,194.23828125,0
cell,after,0,0.0,2,0,194.23828125,195.234375,0
cell,after,0,0.0,2,0,195.234375,196.23046875,0
cell,after,0,0.0,2,0,196.23046875,197.2265625,0
cell,after,0,0.0,2,0,197.2265625,198.22265625,0
cell,after,0,0.0,2,0,198.22265625,199.21875,0
cell,after,0,0.0,2,0,199.21875,200.21484375,0
cell,after,0,0.0,2,0,200.21484375,201.2109375,0
cell,after,0,0.0,2,0,201.2109375,202.20703125,0
cell,after,0,0.0,2,0,202.20703125,203.203125,0
cell,after,0,0.0,2,0,203.203125,204.19921875,0
cell,after,0,0.0,2,0,204.19921875,205.1953125,0
cell,after,0,0.0,2,0,205.1953125,206.19140625,0
cell,after,0,0.0,2,0,206.19140625,207.1875,0
cell,after,0,0.0,2,0,207.1875,208.18359375,0
cell,after,0,0.0,2,0,208.18359375,209.1796875,0
cell,after,0,0.0,2,0,209.1796875,210.17578125,0
cell,after,0,0.0,2,0,210.17578125,211.171875,0
cell,after,0,0.0,2,0,211.171875,212.16796875,0
cell,after,0,0.0,2,0,212.16796875,213.1640625,0
cell,after,0,0.0,2,0,213.1640625,214.16015625,0
cell,after,0,0.0,2,0,214.16015625,215.15625,0
cell,after,0,0.0,2,0,215.15625,216.15234375,0
cell,after,0,0.0,2,0,216.15234375,217.1484375,0
cell,after,0,0.0,2,0,217.1484375,218.14453125,0
cell,after,0,0.0,2,0,218.14453125,219.140625,0
cell,after,0,0.0,2,0,219.140625,220.13671875,0
cell,after,0,0.0,2,0,220.13671875,221.1328125,0
cell,after,0,0.0,2,0,221.1328125,222.12890625,0
cell,after,0,0.0,2,0,222.12890625,223.125,0
cell,after,0,0.0,2,0,223.125,224.12109375,0
cell,after,0,0.0,2,0,224.12109375,225.1171875,0
cell,after,0,0.0,2,0,225.1171875,226.11328125,0
cell,after,0,0.0,2,0,226.11328125,227.109375,0
cell,after,0,0.0,2,0,227.109375,228.10546875,0
cell,after,0,0.0,2,0,228.10546875,229.1015625,0
cell,after,0,0.0,2,0,229.1015625,230.09765625,0
cell,after,0,0.0,2,0,230.09765625,231.09375,0
cell,after,0,0.0,2,0,231.09375,232.08984375,0
cell,after,0,0.0,2,0,232.08984375,233.0859375,0
cell,after,0,0.0,2,0,233.0859375,234.08203125,0
cell,after,0,0.0,2,0,234.08203125,235.078125,0
cell,after,0,0.0,2,0,235.078125,236.07421875,0
cell,after,0,0.0,2,0,236.07421875,237.0703125,0
cell,after,0,0.0,2,0,237.0703125,238.06640625,0
cell,after,0,0.0,2,0,238.06640625,239.0625,0
cell,after,0,0.0,2,0,239.0625,240.05859375,0
cell,after,0,0.0,2,0,240.05859375,241.0546875,0
cell,after,0,0.0,2,0,241.0546875,242.05078125,0
cell,after,0,0.0,2,0,242.05078125,243.046875,0
cell,after,0,0.0,2,0,243.046875,244.04296875,0
cell,after,0,0.0,2,0,244.04296875,245.0390625,0
cell,after,0,0.0,2,0,245.0390625,246.03515625,0
cell,after,0,0.0,2,0,246.03515625,247.03125,0
cell,after,0,0.0,2,0,247.03125,248.02734375,0
cell,after,0,0.0,2,0,248.02734375,249.0234375,0
cell,after,0,0.0,2,0,249.0234375,250.01953125,0
cell,after,0,0.0,2,0,250.01953125,251.015625,0
cell,after,0,0.0,2,0,251.015625,252.01171875,0
cell,after,0,0.0,2,0,252.01171875,253.0078125,0
cell,after,0,0.0,2,0,253.0078125,254.00390625,0
cell,after,0,0.0,2,0,254.00390625,255.0,0
live,before,0,0.0,3,2,0.0,0.99609375,0
live,before,0,0.0,3,2,0.99609375,1.9921875,0
live,before,0,0.0,3,2,1.9921875,2.98828125,0
live,before,0,0.0,3,2,2.98828125,3.984375,0
live,before,0,0.0,3,2,3.984375,4.98046875,0
live,before,0,0.0,3,2,4.98046875,5.9765625,0
live,before,0,0.0,3,2,5.9765625,6.97265625,0
live,before,0,0.0,3,2,6.97265625,7.96875,0
live,before,0,0.0,3,2,7.96875,8.96484375,0
live,before,0,0.0,3,2,8.96484375,9.9609375,0
live,before,0,0.0,3,2,9.9609375,10.95703125,0
live,before,0,0.0,3,2,10.95703125,11.953125,0
live,before,0,0.0,3,2,11.953125,12.94921875,0
live,before,0,0.0,3,2,12.94921875,13.9453125,0
live,before,0,0.0,3,2,13.9453125,14.94140625,0
live,before,0,0.0,3,2,14.94140625,15.9375,0
live,before,0,0.0,3,2,15.9375,16.93359375,0
live,before,0,0.0,3,2,16.93359375,17.9296875,0
live,before,0,0.0,3,2,17.9296875,18.92578125,0
live,before,0,0.0,3,2,18.92578125,19.921875,0
live,before,0,0.0,3,2,19.921875,20.91796875,0
live,before,0,0.0,3,2,20.91796875,21.9140625,0
live,before,0,0.0,3,2,21.9140625,22.91015625,0
live,before,0,0.0,3,2,22.91015625,23.90625,0
live,before,0,0.0,3,2,23.90625,24.90234375,0
live,before,0,0.0,3,2,24.90234375,25.8984375,0
live,before,0,0.0,3,2,25.8984375,26.89453125,0
live,before,0,0.0,3,2,26.89453125,27.890625,0
live,before,0,0.0,3,2,27.890625,28.88671875,0
live,before,0,0.0,3,2,28.88671875,29.8828125,0
live,before,0,0.0,3,2,29.8828125,30.87890625,0
live,before,0,0.0,3,2,30.87890625,31.875,0
live,before,0,0.0,3,2,31.875,32.87109375,0
live,before,0,0.0,3,2,32.87109375,33.8671875,0
live,before,0,0.0,3,2,33.8671875,34.86328125,0
live,before,0,0.0,3,2,34.86328125,35.859375,0
live,before,0,0.0,3,2,35.859375,36.85546875,0
live,before,0,0.0,3,2,36.85546875,37.8515625,0
live,before,0,0.0,3,2,37.8515625,38.84765625,0
live,before,0,0.0,3,2,38.84765625,39.84375,0
live,before,0,0.0,3,2,39.84375,40.83984375,0
live,before,0,0.0,3,2,40.83984375,41.8359375,0
live,before,0,0.0,3,2,41.8359375,42.83203125,0
live,before,0,0.0,3,2,42.83203125,43.828125,0
live,before,0,0.0,3,2,43.828125,44.82421875,0
live,before,0,0.0,3,2,44.82421875,45.8203125,0
live,before,0,0.0,3,2,45.8203125,46.81640625,0
live,before,0,0.0,3,2,46.81640625,47.8125,0
live,before,0,0.0,3,2,47.8125,48.80859375,0
live,before,0,0.0,3,2,48.80859375,49.8046875,0
live,before,0,0.0,3,2,49.8046875,50.80078125,0
live,before,0,0.0,3,2,50.80078125,51.796875,0
live,before,0,0.0,3,2,51.796875,52.79296875,0
live,before,0,0.0,3,2,52.79296875,53.7890625,0
live,before,0,0.0,3,2,53.7890625,54.78515625,0
live,before,0,0.0,3,2,54.78515625,55.78125,0
live,before,0,0.0,3,2,55.78125,56.77734375,0
live,before,0,0.0,3,2,56.77734375,57.7734375,0
live,before,0,0.0,3,2,57.7734375,58.76953125,0
live,before,0,0.0,3,2,58.76953125,59.765625,0
live,before,0,0.0,3,2,59.765625,60.76171875,0
live,before,0,0.0,3,2,60.76171875,61.7578125,0
live,before,0,0.0,3,2,61.7578125,62.75390625,0
live,before,0,0.0,3,2,62.75390625,63.75,0
live,before,0,0.0,3,2,63.75,64.74609375,0
live,before,0,0.0,3,2,64.74609375,65.7421875,0
live,before,0,0.0,3,2,65.7421875,66.73828125,0
live,before,0,0.0,3,2,66.73828125,67.734375,0
live,before,0,0.0,3,2,67.734375,68.73046875,0
live,before,0,0.0,3,2,68.73046875,69.7265625,0
live,before,0,0.0,3,2,69.7265625,70.72265625,0
live,before,0,0.0,3,2,70.72265625,71.71875,0
live,before,0,0.0,3,2,71.71875,72.71484375,0
live,before,0,0.0,3,2,72.71484375,73.7109375,0
live,before,0,0.0,3,2,73.7109375,74.70703125,0
live,before,0,0.0,3,2,74.70703125,75.703125,0
live,before,0,0.0,3,2,75.703125,76.69921875,0
live,before,0,0.0,3,2,76.69921875,77.6953125,0
live,before,0,0.0,3,2,77.6953125,78.69140625,0
live,before,0,0.0,3,2,78.69140625,79.6875,0
live,before,0,0.0,3,2,79.6875,80.68359375,0
live,before,0,0.0,3,2,80.68359375,81.6796875,0
live,before,0,0.0,3,2,81.6796875,82.67578125,0
live,before,0,0.0,3,2,82.67578125,83.671875,0
live,before,0,0.0,3,2,83.671875,84.66796875,0
live,before,0,0.0,3,2,84.66796875,85.6640625,0
live,before,0,0.0,3,2,85.6640625,86.66015625,0
live,before,0,0.0,3,2,86.66015625,87.65625,0
live,before,0,0.0,3,2,87.65625,88.65234375,0
live,before,0,0.0,3,2,88.65234375,89.6484375,0
live,before,0,0.0,3,2,89.6484375,90.64453125,0
live,before,0,0.0,3,2,90.64453125,91.640625,0
live,before,0,0.0,3,2,91.640625,92.63671875,0
live,before,0,0.0,3,2,92.63671875,93.6328125,0
live,before,0,0.0,3,2,93.6328125,94.62890625,0
live,before,0,0.0,3,2,94.62890625,95.625,0
live,before,0,0.0,3,2,95.625,96.62109375,0
live,before,0,0.0,3,2,96.62109375,97.6171875,0
live,before,0,0.0,3,2,97.6171875,98.61328125,0
live,before,0,0.0,3,2,98.61328125,99.609375,0
live,before,0,0.0,3,2,99.609375,100.60546875,0
live,before,0,0.0,3,2,100.60546875,101.6015625,0
live,before,0,0.0,3,2,101.6015625,102.59765625,0
live,before,0,0.0,3,2,102.59765625,103.59375,0
live,before,0,0.0,3,2,103.59375,104.58984375,0
live,before,0,0.0,3,2,104.58984375,105.5859375,0
live,before,0,0.0,3,2,105.5859375,106.58203125,0
live,before,0,0.0,3,2,106.58203125,107.578125,0
live,before,0,0.0,3,2,107.578125,108.57421875,0
live,before,0,0.0,3,2,108.57421875,109.5703125,0
live,before,0,0.0,3,2,109.5703125,110.56640625,0
live,before,0,0.0,3,2,110.56640625,111.5625,0
live,before,0,0.0,3,2,111.5625,112.55859375,0
live,before,0,0.0,3,2,112.55859375,113.5546875,0
live,before,0,0.0,3,2,113.5546875,114.55078125,0
live,before,0,0.0,3,2,114.55078125,115.546875,0
live,before,0,0.0,3,2,115.546875,116.54296875,0
live,before,0,0.0,3,2,116.54296875,117.5390625,0
live,before,0,0.0,3,2,117.5390625,118.53515625,0
live,before,0,0.0,3,2,118.53515625,119.53125,0
live,before,0,0.0,3,2,119.53125,120.52734375,0
live,before,0,0.0,3,2,120.52734375,121.5234375,0
live,before,0,0.0,3,2,121.5234375,122.51953125,0
live,before,0,0.0,3,2,122.51953125,123.515625,0
live,before,0,0.0,3,2,123.515625,124.51171875,0
live,before,0,0.0,3,2,124.51171875,125.5078125,0
live,before,0,0.0,3,2,125.5078125,126.50390625,0
live,before,0,0.0,3,2,126.50390625,127.5,0
live,before,0,0.0,3,2,127.5,128.49609375,0
live,before,0,0.0,3,2,128.49609375,129.4921875,0
live,before,0,0.0,3,2,129.4921875,130.48828125,0
live,before,0,0.0,3,2,130.48828125,131.484375,0
live,before,0,0.0,3,2,131.484375,132.48046875,0
live,before,0,0.0,3,2,132.48046875,133.4765625,0
live,before,0,0.0,3,2,133.4765625,134.47265625,0
live,before,0,0.0,3,2,134.47265625,135.46875,0
live,before,0,0.0,3,2,135.46875,136.46484375,0
live,before,0,0.0,3,2,136.46484375,137.4609375,0
live,before,0,0.0,3,2,137.4609375,138.45703125,0
live,before,0,0.0,3,2,138.45703125,139.453125,0
live,before,0,0.0,3,2,139.453125,140.44921875,0
live,before,0,0.0,3,2,140.44921875,141.4453125,0
live,before,0,0.0,3,2,141.4453125,142.44140625,0
live,before,0,0.0,3,2,142.44140625,143.4375,0
live,before,0,0.0,3,2,143.4375,144.43359375,0
live,before,0,0.0,3,2,144.43359375,145.4296875,0
live,before,0,0.0,3,2,145.4296875,146.42578125,0
live,before,0,0.0,3,2,146.42578125,147.421875,0
live,before,0,0.0,3,2,147.421875,148.41796875,0
live,before,0,0.0,3,2,148.41796875,149.4140625,0
live,before,0,0.0,3,2,149.4140625,150.41015625,0
live,before,0,0.0,3,2,150.41015625,151.40625,0
live,before,0,0.0,3,2,151.40625,152.40234375,0
live,before,0,0.0,3,2,152.40234375,153.3984375,0
live,before,0,0.0,3,2,153.3984375,154.39453125,0
live,before,0,0.0,3,2,154.39453125,155.390625,0
live,before,0,0.0,3,2,155.390625,156.38671875,0
live,before,0,0.0,3,2,156.38671875,157.3828125,0
live,before,0,0.0,3,2,157.3828125,158.37890625,0
live,before,0,0.0,3,2,158.37890625,159.375,0
live,before,0,0.0,3,2,159.375,160.37109375,0
live,before,0,0.0,3,2,160.37109375,161.3671875,0
live,before,0,0.0,3,2,161.3671875,162.36328125,0
live,before,0,0.0,3,2,162.36328125,163.359375,0
live,before,0,0.0,3,2,163.359375,164.35546875,0
live,before,0,0.0,3,2,164.35546875,165.3515625,0
live,before,0,0.0,3,2,165.3515625,166.34765625,0
live,before,0,0.0,3,2,166.34765625,167.34375,0
live,before,0,0.0,3,2,167.34375,168.33984375,0
live,before,0,0.0,3,2,168.33984375,169.3359375,0
live,before,0,0.0,3,2,169.3359375,170.33203125,0
live,before,0,0.0,3,2,170.33203125,171.328125,0
live,before,0,0.0,3,2,171.328125,172.32421875,0
live,before,0,0.0,3,2,172.32421875,173.3203125,0
live,before,0,0.0,3,2,173.3203125,174.31640625,0
live,before,0,0.0,3,2,174.31640625,175.3125,0
live,before,0,0.0,3,2,175.3125,176.30859375,0
live,before,0,0.0,3,2,176.30859375,177.3046875,0
live,before,0,0.0,3,2,177.3046875,178.30078125,0
live,before,0,0.0,3,2,178.30078125,179.296875,0
live,before,0,0.0,3,2,179.296875,180.29296875,0
live,before,0,0.0,3,2,180.29296875,181.2890625,0
live,before,0,0.0,3,2,181.2890625,182.28515625,0
live,before,0,0.0,3,2,182.28515625,183.28125,0
live,before,0,0.0,3,2,183.28125,184.27734375,0
live,before,0,0.0,3,2,184.27734375,185.2734375,0
live,before,0,0.0,3,2,185.2734375,186.26953125,0
live,before,0,0.0,3,2,186.26953125,187.265625,0
live,before,0,0.0,3,2,187.265625,188.26171875,0
live,before,0,0.0,3,2,188.26171875,189.2578125,0
live,before,0,0.0,3,2,189.2578125,190.25390625,0
live,before,0,0.0,3,2,190.25390625,191.25,0
live,before,0,0.0,3,2,191.25,192.24609375,0
live,before,0,0.0,3,2,192.24609375,193.2421875,0
live,before,0,0.0,3,2,193.2421875,194.23828125,0
live,before,0,0.0,3,2,194.23828125,195.234375,0
live,before,0,0.0,3,2,195.234375,196.23046875,0
live,before,0,0.0,3,2,196.23046875,197.2265625,0
live,before,0,0.0,3,2,197.2265625,198.22265625,0
live,before,0,0.0,3,2,198.22265625,199.21875,0
live,before,0,0.0,3,2,199.21875,200.21484375,0
live,before,0,0.0,3,2,200.21484375,201.2109375,0
live,before,0,0.0,3,2,201.2109375,202.20703125,0
live,before,0,0.0,3,2,202.20703125,203.203125,0
live,before,0,0.0,3,2,203.203125,204.19921875,0
live,before,0,0.0,3,2,204.19921875,205.1953125,0
live,before,0,0.0,3,2,205.1953125,206.19140625,0
live,before,0,0.0,3,2,206.19140625,207.1875,0
live,before,0,0.0,3,2,207.1875,208.18359375,0
live,before,0,0.0,3,2,208.18359375,209.1796875,0
live,before,0,0.0,3,2,209.1796875,210.17578125,0
live,before,0,0.0,3,2,210.17578125,211.171875,0
live,before,0,0.0,3,2,211.171875,212.16796875,0
live,before,0,0.0,3,2,212.16796875,213.1640625,0
live,before,0,0.0,3,2,213.1640625,214.16015625,0
live,before,0,0.0,3,2,214.16015625,215.15625,0
live,before,0,0.0,3,2,215.15625,216.15234375,0
live,before,0,0.0,3,2,216.15234375,217.1484375,0
live,before,0,0.0,3,2,217.1484375,218.14453125,0
live,before,0,0.0,3,2,218.14453125,219.140625,0
live,before,0,0.0,3,2,219.140625,220.13671875,0
live,before,0,0.0,3,2,220.13671875,221.1328125,0
live,before,0,0.0,3,2,221.1328125,222.12890625,0
live,before,0,0.0,3,2,222.12890625,223.125,0
live,before,0,0.0,3,2,223.125,224.12109375,0
live,before,0,0.0,3,2,224.12109375,225.1171875,0
live,before,0,0.0,3,2,225.1171875,226.11328125,0
live,before,0,0.0,3,2,226.11328125,227.109375,0
live,before,0,0.0,3,2,227.109375,228.10546875,0
live,before,0,0.0,3,2,228.10546875,229.1015625,0
live,before,0,0.0,3,2,229.1015625,230.09765625,0
live,before,0,0.0,3,2,230.09765625,231.09375,0
live,before,0,0.0,3,2,231.09375,232.08984375,0
live,before,0,0.0,3,2,232.08984375,233.0859375,0
live,before,0,0.0,3,2,233.0859375,234.08203125,0
live,before,0,0.0,3,2,234.08203125,235.078125,0
live,before,0,0.0,3,2,235.078125,236.07421875,0
live,before,0,0.0,3,2,236.07421875,237.0703125,0
live,before,0,0.0,3,2,237.0703125,238.06640625,0
live,before,0,0.0,3,2,238.06640625,239.0625,0
live,before,0,0.0,3,2,239.0625,240.05859375,0
live,before,0,0.0,3,2,240.05859375,241.0546875,0
live,before,0,0.0,3,2,241.0546875,242.05078125,0
live,before,0,0.0,3,2,242.05078125,243.046875,0
live,before,0,0.0,3,2,243.046875,244.04296875,0
live,before,0,0.0,3,2,244.04296875,245.0390625,0
live,before,0,0.0,3,2,245.0390625,246.03515625,0
live,before,0,0.0,3,2,246.03515625,247.03125,0
live,before,0,0.0,3,2,247.03125,248.02734375,0
live,before,0,0.0,3,2,248.02734375,249.0234375,0
live,before,0,0.0,3,2,249.0234375,250.01953125,0
live,before,0,0.0,3,2,250.01953125,251.015625,0
live,before,0,0.0,3,2,251.015625,252.01171875,0
live,before,0,0.0,3,2,252.01171875,253.0078125,0
live,before,0,0.0,3,2,253.0078125,254.00390625,0
live,before,0,0.0,3,2,254.00390625,255.0,0
live,corrected,0,0.0,3,2,754.0,1007.05078125,206697
live,corrected,0,0.0,3,2,1007.05078125,1260.1015625,137683
live,corrected,0,0.0,3,2,1260.1015625,1513.15234375,94614
live,corrected,0,0.0,3,2,1513.15234375,1766.203125,70197
live,corrected,0,0.0,3,2,1766.203125,2019.25390625,54014
live,corrected,0,0.0,3,2,2019.25390625,2272.3046875,44474
live,corrected,0,0.0,3,2,2272.3046875,2525.35546875,36215
live,corrected,0,0.0,3,2,2525.35546875,2778.40625,30553
live,corrected,0,0.0,3,2,2778.40625,3031.45703125,26100
live,corrected,0,0.0,3,2,3031.45703125,3284.5078125,22779
live,corrected,0,0.0,3,2,3284.5078125,3537.55859375,20316
live,corrected,0,0.0,3,2,3537.55859375,3790.609375,18553
live,corrected,0,0.0,3,2,3790.609375,4043.66015625,16614
live,corrected,0,0.0,3,2,4043.66015625,4296.7109375,14985
live,corrected,0,0.0,3,2,4296.7109375,4549.76171875,13881
live,corrected,0,0.0,3,2,4549.76171875,4802.8125,12357
live,corrected,0,0.0,3,2,4802.8125,5055.86328125,11570
live,corrected,0,0.0,3,2,5055.86328125,5308.9140625,10898
live,corrected,0,0.0,3,2,5308.9140625,5561.96484375,10105
live,corrected,0,0.0,3,2,5561.96484375,5815.015625,9101
live,corrected,0,0.0,3,2,5815.015625,6068.06640625,8357
live,corrected,0,0.0,3,2,6068.06640625,6321.1171875,7614
live,corrected,0,0.0,3,2,6321.1171875,6574.16796875,6819
live,corrected,0,0.0,3,2,6574.16796875,6827.21875,5886
live,corrected,0,0.0,3,2,6827.21875,7080.26953125,5111
live,corrected,0,0.0,3,2,7080.26953125,7333.3203125,4375
live,corrected,0,0.0,3,2,7333.3203125,7586.37109375,3647
live,corrected,0,0.0,3,2,7586.37109375,7839.421875,3334
live,corrected,0,0.0,3,2,7839.421875,8092.47265625,2986
live,corrected,0,0.0,3,2,8092.47265625,8345.5234375,2695
live,corrected,0,0.0,3,2,8345.5234375,8598.57421875,2329
live,corrected,0,0.0,3,2,8598.57421875,8851.625,2125
live,corrected,0,0.0,3,2,8851.625,9104.67578125,1833
live,corrected,0,0.0,3,2,9104.67578125,9357.7265625,1654
live,corrected,0,0.0,3,2,9357.7265625,9610.77734375,1480
live,corrected,0,0.0,3,2,9610.77734375,9863.828125,1415
live,corrected,0,0.0,3,2,9863.828125,10116.87890625,1219
live,corrected,0,0.0,3,2,10116.87890625,10369.9296875,1069
live,corrected,0,0.0,3,2,10369.9296875,10622.98046875,944
live,corrected,0,0.0,3,2,10622.98046875,10876.03125,914
live,corrected,0,0.0,3,2,10876.03125,11129.08203125,844
live,corrected,0,0.0,3,2,11129.08203125,11382.1328125,729
live,corrected,0,0.0,3,2,11382.1328125,11635.18359375,547
live,corrected,0,0.0,3,2,11635.18359375,11888.234375,524
live,corrected,0,0.0,3,2,11888.234375,12141.28515625,426
live,corrected,0,0.0,3,2,12141.28515625,12394.3359375,388
live,corrected,0,0.0,3,2,12394.3359375,12647.38671875,352
live,corrected,0,0.0,3,2,12647.38671875,12900.4375,342
live,corrected,0,0.0,3,2,12900.4375,13153.48828125,306
live,corrected,0,0.0,3,2,13153.48828125,13406.5390625,292
live,corrected,0,0.0,3,2,13406.5390625,13659.58984375,290
live,corrected,0,0.0,3,2,13659.58984375,13912.640625,263
live,corrected,0,0.0,3,2,13912.640625,14165.69140625,287
live,corrected,0,0.0,3,2,14165.69140625,14418.7421875,242
live,corrected,0,0.0,3,2,14418.7421875,14671.79296875,257
live,corrected,0,0.0,3,2,14671.79296875,14924.84375,239
live,corrected,0,0.0,3,2,14924.84375,15177.89453125,239
live,corrected,0,0.0,3,2,15177.89453125,15430.9453125,211
live,corrected,0,0.0,3,2,15430.9453125,15683.99609375,187
live,corrected,0,0.0,3,2,15683.99609375,15937.046875,159
live,corrected,0,0.0,3,2,15937.046875,16190.09765625,161
live,corrected,0,0.0,3,2,16190.09765625,16443.1484375,147
live,corrected,0,0.0,3,2,16443.1484375,16696.19921875,104
live,corrected,0,0.0,3,2,16696.19921875,16949.25,92
live,corrected,0,0.0,3,2,16949.25,17202.30078125,62
live,corrected,0,0.0,3,2,17202.30078125,17455.3515625,66
live,corrected,0,0.0,3,2,17455.3515625,17708.40234375,57
live,corrected,0,0.0,3,2,17708.40234375,17961.453125,48
live,corrected,0,0.0,3,2,17961.453125,18214.50390625,55
live,corrected,0,0.0,3,2,18214.50390625,18467.5546875,45
live,corrected,0,0.0,3,2,18467.5546875,18720.60546875,59
live,corrected,0,0.0,3,2,18720.60546875,18973.65625,46
live,corrected,0,0.0,3,2,18973.65625,19226.70703125,50
live,corrected,0,0.0,3,2,19226.70703125,19479.7578125,59
live,corrected,0,0.0,3,2,19479.7578125,19732.80859375,64
live,corrected,0,0.0,3,2,19732.80859375,19985.859375,54
live,corrected,0,0.0,3,2,19985.859375,20238.91015625,53
live,corrected,0,0.0,3,2,20238.91015625,20491.9609375,50
live,corrected,0,0.0,3,2,20491.9609375,20745.01171875,50
live,corrected,0,0.0,3,2,20745.01171875,20998.0625,44
live,corrected,0,0.0,3,2,20998.0625,21251.11328125,43
live,corrected,0,0.0,3,2,21251.11328125,21504.1640625,45
live,corrected,0,0.0,3,2,21504.1640625,21757.21484375,43
live,corrected,0,0.0,3,2,21757.21484375,22010.265625,50
live,corrected,0,0.0,3,2,22010.265625,22263.31640625,42
live,corrected,0,0.0,3,2,22263.31640625,22516.3671875,40
live,corrected,0,0.0,3,2,22516.3671875,22769.41796875,28
live,corrected,0,0.0,3,2,22769.41796875,23022.46875,31
live,corrected,0,0.0,3,2,23022.46875,23275.51953125,24
live,corrected,0,0.0,3,2,23275.51953125,23528.5703125,39
live,corrected,0,0.0,3,2,23528.5703125,23781.62109375,26
live,corrected,0,0.0,3,2,23781.62109375,24034.671875,37
live,corrected,0,0.0,3,2,24034.671875,24287.72265625,33
live,corrected,0,0.0,3,2,24287.72265625,24540.7734375,26
live,corrected,0,0.0,3,2,24540.7734375,24793.82421875,25
live,corrected,0,0.0,3,2,24793.82421875,25046.875,23
live,corrected,0,0.0,3,2,25046.875,25299.92578125,20
live,corrected,0,0.0,3,2,25299.92578125,25552.9765625,19
live,corrected,0,0.0,3,2,25552.9765625,25806.02734375,23
live,corrected,0,0.0,3,2,25806.02734375,26059.078125,20
live,corrected,0,0.0,3,2,26059.078125,26312.12890625,14
live,corrected,0,0.0,3,2,26312.12890625,26565.1796875,18
live,corrected,0,0.0,3,2,26565.1796875,26818.23046875,18
live,corrected,0,0.0,3,2,26818.23046875,27071.28125,22
live,corrected,0,0.0,3,2,27071.28125,27324.33203125,16
live,corrected,0,0.0,3,2,27324.33203125,27577.3828125,17
live,corrected,0,0.0,3,2,27577.3828125,27830.43359375,18
live,corrected,0,0.0,3,2,27830.43359375,28083.484375,19
live,corrected,0,0.0,3,2,28083.484375,28336.53515625,19
live,corrected,0,0.0,3,2,28336.53515625,28589.5859375,21
live,corrected,0,0.0,3,2,28589.5859375,28842.63671875,9
live,corrected,0,0.0,3,2,28842.63671875,29095.6875,17
live,corrected,0,0.0,3,2,29095.6875,29348.73828125,15
live,corrected,0,0.0,3,2,29348.73828125,29601.7890625,17
live,corrected,0,0.0,3,2,29601.7890625,29854.83984375,14
live,corrected,0,0.0,3,2,29854.83984375,30107.890625,12
live,corrected,0,0.0,3,2,30107.890625,30360.94140625,9
live,corrected,0,0.0,3,2,30360.94140625,30613.9921875,7
live,corrected,0,0.0,3,2,30613.9921875,30867.04296875,7
live,corrected,0,0.0,3,2,30867.04296875,31120.09375,7
live,corrected,0,0.0,3,2,31120.09375,31373.14453125,2
live,corrected,0,0.0,3,2,31373.14453125,31626.1953125,5
live,corrected,0,0.0,3,2,31626.1953125,31879.24609375,8
live,corrected,0,0.0,3,2,31879.24609375,32132.296875,3
live,corrected,0,0.0,3,2,32132.296875,32385.34765625,3
live,corrected,0,0.0,3,2,32385.34765625,32638.3984375,9
live,corrected,0,0.0,3,2,32638.3984375,32891.44921875,6
live,corrected,0,0.0,3,2,32891.44921875,33144.5,8
live,corrected,0,0.0,3,2,33144.5,33397.55078125,5
live,corrected,0,0.0,3,2,33397.55078125,33650.6015625,4
live,corrected,0,0.0,3,2,33650.6015625,33903.65234375,3
live,corrected,0,0.0,3,2,33903.65234375,34156.703125,6
live,corrected,0,0.0,3,2,34156.703125,34409.75390625,4
live,corrected,0,0.0,3,2,34409.75390625,34662.8046875,6
live,corrected,0,0.0,3,2,34662.8046875,34915.85546875,5
live,corrected,0,0.0,3,2,34915.85546875,35168.90625,5
live,corrected,0,0.0,3,2,35168.90625,35421.95703125,4
live,corrected,0,0.0,3,2,35421.95703125,35675.0078125,3
live,corrected,0,0.0,3,2,35675.0078125,35928.05859375,5
live,corrected,0,0.0,3,2,35928.05859375,36181.109375,4
live,corrected,0,0.0,3,2,36181.109375,36434.16015625,7
live,corrected,0,0.0,3,2,36434.16015625,36687.2109375,2
live,corrected,0,0.0,3,2,36687.2109375,36940.26171875,6
live,corrected,0,0.0,3,2,36940.26171875,37193.3125,4
live,corrected,0,0.0,3,2,37193.3125,37446.36328125,7
live,corrected,0,0.0,3,2,37446.36328125,37699.4140625,3
live,corrected,0,0.0,3,2,37699.4140625,37952.46484375,9
live,corrected,0,0.0,3,2,37952.46484375,38205.515625,3
live,corrected,0,0.0,3,2,38205.515625,38458.56640625,6
live,corrected,0,0.0,3,2,38458.56640625,38711.6171875,4
live,corrected,0,0.0,3,2,38711.6171875,38964.66796875,3
live,corrected,0,0.0,3,2,38964.66796875,39217.71875,2
live,corrected,0,0.0,3,2,39217.71875,39470.76953125,4
live,corrected,0,0.0,3,2,39470.76953125,39723.8203125,2
live,corrected,0,0.0,3,2,39723.8203125,39976.87109375,6
live,corrected,0,0.0,3,2,39976.87109375,40229.921875,1
live,corrected,0,0.0,3,2,40229.921875,40482.97265625,4
live,corrected,0,0.0,3,2,40482.97265625,40736.0234375,3
live,corrected,0,0.0,3,2,40736.0234375,40989.07421875,4
live,corrected,0,0.0,3,2,40989.07421875,41242.125,8
live,corrected,0,0.0,3,2,41242.125,41495.17578125,2
live,corrected,0,0.0,3,2,41495.17578125,41748.2265625,2
live,corrected,0,0.0,3,2,41748.2265625,42001.27734375,5
live,corrected,0,0.0,3,2,42001.27734375,42254.328125,5
live,corrected,0,0.0,3,2,42254.328125,42507.37890625,4
live,corrected,0,0.0,3,2,42507.37890625,42760.4296875,6
live,corrected,0,0.0,3,2,42760.4296875,43013.48046875,2
live,corrected,0,0.0,3,2,43013.48046875,43266.53125,4
live,corrected,0,0.0,3,2,43266.53125,43519.58203125,3
live,corrected,0,0.0,3,2,43519.58203125,43772.6328125,3
live,corrected,0,0.0,3,2,43772.6328125,44025.68359375,7
live,corrected,0,0.0,3,2,44025.68359375,44278.734375,5
live,corrected,0,0.0,3,2,44278.734375,44531.78515625,6
live,corrected,0,0.0,3,2,44531.78515625,44784.8359375,0
live,corrected,0,0.0,3,2,44784.8359375,45037.88671875,4
live,corrected,0,0.0,3,2,45037.88671875,45290.9375,0
live,corrected,0,0.0,3,2,45290.9375,45543.98828125,3
live,corrected,0,0.0,3,2,45543.98828125,45797.0390625,5
live,corrected,0,0.0,3,2,45797.0390625,46050.08984375,0
live,corrected,0,0.0,3,2,46050.08984375,46303.140625,3
live,corrected,0,0.0,3,2,46303.140625,46556.19140625,5
live,corrected,0,0.0,3,2,46556.19140625,46809.2421875,3
live,corrected,0,0.0,3,2,46809.2421875,47062.29296875,4
live,corrected,0,0.0,3,2,47062.29296875,47315.34375,0
live,corrected,0,0.0,3,2,47315.34375,47568.39453125,4
live,corrected,0,0.0,3,2,47568.39453125,47821.4453125,3
live,corrected,0,0.0,3,2,47821.4453125,48074.49609375,3
live,corrected,0,0.0,3,2,48074.49609375,48327.546875,4
live,corrected,0,0.0,3,2,48327.546875,48580.59765625,6
live,corrected,0,0.0,3,2,48580.59765625,48833.6484375,3
live,corrected,0,0.0,3,2,48833.6484375,49086.69921875,4
live,corrected,0,0.0,3,2,49086.69921875,49339.75,7
live,corrected,0,0.0,3,2,49339.75,49592.80078125,3
live,corrected,0,0.0,3,2,49592.80078125,49845.8515625,2
live,corrected,0,0.0,3,2,49845.8515625,50098.90234375,5
live,corrected,0,0.0,3,2,50098.90234375,50351.953125,3
live,corrected,0,0.0,3,2,50351.953125,50605.00390625,2
live,corrected,0,0.0,3,2,50605.00390625,50858.0546875,2
live,corrected,0,0.0,3,2,50858.0546875,51111.10546875,1
live,corrected,0,0.0,3,2,51111.10546875,51364.15625,4
live,corrected,0,0.0,3,2,51364.15625,51617.20703125,5
live,corrected,0,0.0,3,2,51617.20703125,51870.2578125,2
live,corrected,0,0.0,3,2,51870.2578125,52123.30859375,5
live,corrected,0,0.0,3,2,52123.30859375,52376.359375,3
live,corrected,0,0.0,3,2,52376.359375,52629.41015625,0
live,corrected,0,0.0,3,2,52629.41015625,52882.4609375,2
live,corrected,0,0.0,3,2,52882.4609375,53135.51171875,3
live,corrected,0,0.0,3,2,53135.51171875,53388.5625,2
live,corrected,0,0.0,3,2,53388.5625,53641.61328125,5
live,corrected,0,0.0,3,2,53641.61328125,53894.6640625,1
live,corrected,0,0.0,3,2,53894.6640625,54147.71484375,2
live,corrected,0,0.0,3,2,54147.71484375,54400.765625,4
live,corrected,0,0.0,3,2,54400.765625,54653.81640625,1
live,corrected,0,0.0,3,2,54653.81640625,54906.8671875,1
live,corrected,0,0.0,3,2,54906.8671875,55159.91796875,1
live,corrected,0,0.0,3,2,55159.91796875,55412.96875,2
live,corrected,0,0.0,3,2,55412.96875,55666.01953125,7
live,corrected,0,0.0,3,2,55666.01953125,55919.0703125,1
live,corrected,0,0.0,3,2,55919.0703125,56172.12109375,6
live,corrected,0,0.0,3,2,56172.12109375,56425.171875,3
live,corrected,0,0.0,3,2,56425.171875,56678.22265625,4
live,corrected,0,0.0,3,2,56678.22265625,56931.2734375,6
live,corrected,0,0.0,3,2,56931.2734375,57184.32421875,3
live,corrected,0,0.0,3,2,57184.32421875,57437.375,3
live,corrected,0,0.0,3,2,57437.375,57690.42578125,2
live,corrected,0,0.0,3,2,57690.42578125,57943.4765625,4
live,corrected,0,0.0,3,2,57943.4765625,58196.52734375,1
live,corrected,0,0.0,3,2,58196.52734375,58449.578125,6
live,corrected,0,0.0,3,2,58449.578125,58702.62890625,2
live,corrected,0,0.0,3,2,58702.62890625,58955.6796875,2
live,corrected,0,0.0,3,2,58955.6796875,59208.73046875,3
live,corrected,0,0.0,3,2,59208.73046875,59461.78125,3
live,corrected,0,0.0,3,2,59461.78125,59714.83203125,1
live,corrected,0,0.0,3,2,59714.83203125,59967.8828125,5
live,corrected,0,0.0,3,2,59967.8828125,60220.93359375,0
live,corrected,0,0.0,3,2,60220.93359375,60473.984375,1
live,corrected,0,0.0,3,2,60473.984375,60727.03515625,0
live,corrected,0,0.0,3,2,60727.03515625,60980.0859375,0
live,corrected,0,0.0,3,2,60980.0859375,61233.13671875,485
live,corrected,0,0.0,3,2,61233.13671875,61486.1875,0
live,corrected,0,0.0,3,2,61486.1875,61739.23828125,0
live,corrected,0,0.0,3,2,61739.23828125,61992.2890625,0
live,corrected,0,0.0,3,2,61992.2890625,62245.33984375,0
live,corrected,0,0.0,3,2,62245.33984375,62498.390625,0
live,corrected,0,0.0,3,2,62498.390625,62751.44140625,0
live,corrected,0,0.0,3,2,62751.44140625,63004.4921875,0
live,corrected,0,0.0,3,2,63004.4921875,63257.54296875,0
live,corrected,0,0.0,3,2,63257.54296875,63510.59375,0
live,corrected,0,0.0,3,2,63510.59375,63763.64453125,0
live,corrected,0,0.0,3,2,63763.64453125,64016.6953125,0
live,corrected,0,0.0,3,2,64016.6953125,64269.74609375,0
live,corrected,0,0.0,3,2,64269.74609375,64522.796875,0
live,corrected,0,0.0,3,2,64522.796875,64775.84765625,0
live,corrected,0,0.0,3,2,64775.84765625,65028.8984375,0
live,corrected,0,0.0,3,2,65028.8984375,65281.94921875,0
live,corrected,0,0.0,3,2,65281.94921875,65535.0,0
live,after,0,0.0,3,2,0.0,0.99609375,0
live,after,0,0.0,3,2,0.99609375,1.9921875,0
live,after,0,0.0,3,2,1.9921875,2.98828125,0
live,after,0,0.0,3,2,2.98828125,3.984375,0
live,after,0,0.0,3,2,3.984375,4.98046875,0
live,after,0,0.0,3,2,4.98046875,5.9765625,0
live,after,0,0.0,3,2,5.9765625,6.97265625,0
live,after,0,0.0,3,2,6.97265625,7.96875,0
live,after,0,0.0,3,2,7.96875,8.96484375,0
live,after,0,0.0,3,2,8.96484375,9.9609375,0
live,after,0,0.0,3,2,9.9609375,10.95703125,19745
live,after,0,0.0,3,2,10.95703125,11.953125,18341
live,after,0,0.0,3,2,11.953125,12.94921875,15890
live,after,0,0.0,3,2,12.94921875,13.9453125,14832
live,after,0,0.0,3,2,13.9453125,14.94140625,13150
live,after,0,0.0,3,2,14.94140625,15.9375,11897
live,after,0,0.0,3,2,15.9375,16.93359375,11159
live,after,0,0.0,3,2,16.93359375,17.9296875,10547
live,after,0,0.0,3,2,17.9296875,18.92578125,9172
live,after,0,0.0,3,2,18.92578125,19.921875,8389
live,after,0,0.0,3,2,19.921875,20.91796875,7949
live,after,0,0.0,3,2,20.91796875,21.9140625,7015
live,after,0,0.0,3,2,21.9140625,22.91015625,6137
live,after,0,0.0,3,2,22.91015625,23.90625,5525
live,after,0,0.0,3,2,23.90625,24.90234375,4478
live,after,0,0.0,3,2,24.90234375,25.8984375,3675
live,after,0,0.0,3,2,25.8984375,26.89453125,3276
live,after,0,0.0,3,2,26.89453125,27.890625,3054
live,after,0,0.0,3,2,27.890625,28.88671875,2775
live,after,0,0.0,3,2,28.88671875,29.8828125,2456
live,after,0,0.0,3,2,29.8828125,30.87890625,2210
live,after,0,0.0,3,2,30.87890625,31.875,1836
live,after,0,0.0,3,2,31.875,32.87109375,1725
live,after,0,0.0,3,2,32.87109375,33.8671875,1463
live,after,0,0.0,3,2,33.8671875,34.86328125,1412
live,after,0,0.0,3,2,34.86328125,35.859375,1198
live,after,0,0.0,3,2,35.859375,36.85546875,1080
live,after,0,0.0,3,2,36.85546875,37.8515625,1004
live,after,0,0.0,3,2,37.8515625,38.84765625,896
live,after,0,0.0,3,2,38.84765625,39.84375,834
live,after,0,0.0,3,2,39.84375,40.83984375,751
live,after,0,0.0,3,2,40.83984375,41.8359375,549
live,after,0,0.0,3,2,41.8359375,42.83203125,509
live,after,0,0.0,3,2,42.83203125,43.828125,423
live,after,0,0.0,3,2,43.828125,44.82421875,395
live,after,0,0.0,3,2,44.82421875,45.8203125,373
live,after,0,0.0,3,2,45.8203125,46.81640625,341
live,after,0,0.0,3,2,46.81640625,47.8125,326
live,after,0,0.0,3,2,47.8125,48.80859375,296
live,after,0,0.0,3,2,48.80859375,49.8046875,292
live,after,0,0.0,3,2,49.8046875,50.80078125,246
live,after,0,0.0,3,2,50.80078125,51.796875,254
live,after,0,0.0,3,2,51.796875,52.79296875,271
live,after,0,0.0,3,2,52.79296875,53.7890625,244
live,after,0,0.0,3,2,53.7890625,54.78515625,226
live,after,0,0.0,3,2,54.78515625,55.78125,250
live,after,0,0.0,3,2,55.78125,56.77734375,243
live,after,0,0.0,3,2,56.77734375,57.7734375,178
live,after,0,0.0,3,2,57.7734375,58.76953125,183
live,after,0,0.0,3,2,58.76953125,59.765625,143
live,after,0,0.0,3,2,59.765625,60.76171875,132
live,after,0,0.0,3,2,60.76171875,61.7578125,129
live,after,0,0.0,3,2,61.7578125,62.75390625,67
live,after,0,0.0,3,2,62.75390625,63.75,70
live,after,0,0.0,3,2,63.75,64.74609375,66
live,after,0,0.0,3,2,64.74609375,65.7421875,52
live,after,0,0.0,3,2,65.7421875,66.73828125,46
live,after,0,0.0,3,2,66.73828125,67.734375,53
live,after,0,0.0,3,2,67.734375,68.73046875,52
live,after,0,0.0,3,2,68.73046875,69.7265625,60
live,after,0,0.0,3,2,69.7265625,70.72265625,52
live,after,0,0.0,3,2,70.72265625,71.71875,59
live,after,0,0.0,3,2,71.71875,72.71484375,63
live,after,0,0.0,3,2,72.71484375,73.7109375,60
live,after,0,0.0,3,2,73.7109375,74.70703125,58
live,after,0,0.0,3,2,74.70703125,75.703125,56
live,after,0,0.0,3,2,75.703125,76.69921875,52
live,after,0,0.0,3,2,76.69921875,77.6953125,42
live,after,0,0.0,3,2,77.6953125,78.69140625,45
live,after,0,0.0,3,2,78.69140625,79.6875,55
live,after,0,0.0,3,2,79.6875,80.68359375,48
live,after,0,0.0,3,2,80.68359375,81.6796875,52
live,after,0,0.0,3,2,81.6796875,82.67578125,38
live,after,0,0.0,3,2,82.67578125,83.671875,45
live,after,0,0.0,3,2,83.671875,84.66796875,29
live,after,0,0.0,3,2,84.66796875,85.6640625,31
live,after,0,0.0,3,2,85.6640625,86.66015625,37
live,after,0,0.0,3,2,86.66015625,87.65625,28
live,after,0,0.0,3,2,87.65625,88.65234375,40
live,after,0,0.0,3,2,88.65234375,89.6484375,24
live,after,0,0.0,3,2,89.6484375,90.64453125,35
live,after,0,0.0,3,2,90.64453125,91.640625,37
live,after,0,0.0,3,2,91.640625,92.63671875,26
live,after,0,0.0,3,2,92.63671875,93.6328125,21
live,after,0,0.0,3,2,93.6328125,94.62890625,29
live,after,0,0.0,3,2,94.62890625,95.625,18
live,after,0,0.0,3,2,95.625,96.62109375,19
live,after,0,0.0,3,2,96.62109375,97.6171875,13
live,after,0,0.0,3,2,97.6171875,98.61328125,19
live,after,0,0.0,3,2,98.61328125,99.609375,20
live,after,0,0.0,3,2,99.609375,100.60546875,24
live,after,0,0.0,3,2,100.60546875,101.6015625,20
live,after,0,0.0,3,2,101.6015625,102.59765625,17
live,after,0,0.0,3,2,102.59765625,103.59375,14
live,after,0,0.0,3,2,103.59375,104.58984375,25
live,after,0,0.0,3,2,104.58984375,105.5859375,17
live,after,0,0.0,3,2,105.5859375,106.58203125,15
live,after,0,0.0,3,2,106.58203125,107.578125,23
live,after,0,0.0,3,2,107.578125,108.57421875,16
live,after,0,0.0,3,2,108.57421875,109.5703125,18
live,after,0,0.0,3,2,109.5703125,110.56640625,13
live,after,0,0.0,3,2,110.56640625,111.5625,15
live,after,0,0.0,3,2,111.5625,112.55859375,17
live,after,0,0.0,3,2,112.55859375,113.5546875,3
live,after,0,0.0,3,2,113.5546875,114.55078125,7
live,after,0,0.0,3,2,114.55078125,115.546875,7
live,after,0,0.0,3,2,115.546875,116.54296875,5
live,after,0,0.0,3,2,116.54296875,117.5390625,5
live,after,0,0.0,3,2,117.5390625,118.53515625,4
live,after,0,0.0,3,2,118.53515625,119.53125,3
live,after,0,0.0,3,2,119.53125,120.52734375,5
live,after,0,0.0,3,2,120.52734375,121.5234375,8
live,after,0,0.0,3,2,121.5234375,122.51953125,7
live,after,0,0.0,3,2,122.51953125,123.515625,6
live,after,0,0.0,3,2,123.515625,124.51171875,5
live,after,0,0.0,3,2,124.51171875,125.5078125,4
live,after,0,0.0,3,2,125.5078125,126.50390625,13
live,after,0,0.0,3,2,126.50390625,127.5,3
live,after,0,0.0,3,2,127.5,128.49609375,4
live,after,0,0.0,3,2,128.49609375,129.4921875,3
live,after,0,0.0,3,2,129.4921875,130.48828125,6
live,after,0,0.0,3,2,130.48828125,131.484375,7
live,after,0,0.0,3,2,131.484375,132.48046875,6
live,after,0,0.0,3,2,132.48046875,133.4765625,7
live,after,0,0.0,3,2,133.4765625,134.47265625,4
live,after,0,0.0,3,2,134.47265625,135.46875,5
live,after,0,0.0,3,2,135.46875,136.46484375,5
live,after,0,0.0,3,2,136.46484375,137.4609375,1
live,after,0,0.0,3,2,137.4609375,138.45703125,5
live,after,0,0.0,3,2,138.45703125,139.453125,5
live,after,0,0.0,3,2,139.453125,140.44921875,5
live,after,0,0.0,3,2,140.44921875,141.4453125,6
live,after,0,0.0,3,2,141.4453125,142.44140625,4
live,after,0,0.0,3,2,142.44140625,143.4375,5
live,after,0,0.0,3,2,143.4375,144.43359375,8
live,after,0,0.0,3,2,144.43359375,145.4296875,2
live,after,0,0.0,3,2,145.4296875,146.42578125,6
live,after,0,0.0,3,2,146.42578125,147.421875,2
live,after,0,0.0,3,2,147.421875,148.41796875,3
live,after,0,0.0,3,2,148.41796875,149.4140625,8
live,after,0,0.0,3,2,149.4140625,150.41015625,5
live,after,0,0.0,3,2,150.41015625,151.40625,6
live,after,0,0.0,3,2,151.40625,152.40234375,4
live,after,0,0.0,3,2,152.40234375,153.3984375,3
live,after,0,0.0,3,2,153.3984375,154.39453125,4
live,after,0,0.0,3,2,154.39453125,155.390625,5
live,after,0,0.0,3,2,155.390625,156.38671875,4
live,after,0,0.0,3,2,156.38671875,157.3828125,7
live,after,0,0.0,3,2,157.3828125,158.37890625,4
live,after,0,0.0,3,2,158.37890625,159.375,4
live,after,0,0.0,3,2,159.375,160.37109375,5
live,after,0,0.0,3,2,160.37109375,161.3671875,5
live,after,0,0.0,3,2,161.3671875,162.36328125,4
live,after,0,0.0,3,2,162.36328125,163.359375,5
live,after,0,0.0,3,2,163.359375,164.35546875,2
live,after,0,0.0,3,2,164.35546875,165.3515625,3
live,after,0,0.0,3,2,165.3515625,166.34765625,4
live,after,0,0.0,3,2,166.34765625,167.34375,6
live,after,0,0.0,3,2,167.34375,168.33984375,5
live,after,0,0.0,3,2,168.33984375,169.3359375,5
live,after,0,0.0,3,2,169.3359375,170.33203125,7
live,after,0,0.0,3,2,170.33203125,171.328125,4
live,after,0,0.0,3,2,171.328125,172.32421875,1
live,after,0,0.0,3,2,172.32421875,173.3203125,3
live,after,0,0.0,3,2,173.3203125,174.31640625,4
live,after,0,0.0,3,2,174.31640625,175.3125,6
live,after,0,0.0,3,2,175.3125,176.30859375,3
live,after,0,0.0,3,2,176.30859375,177.3046875,4
live,after,0,0.0,3,2,177.3046875,178.30078125,6
live,after,0,0.0,3,2,178.30078125,179.296875,2
live,after,0,0.0,3,2,179.296875,180.29296875,5
live,after,0,0.0,3,2,180.29296875,181.2890625,4
live,after,0,0.0,3,2,181.2890625,182.28515625,5
live,after,0,0.0,3,2,182.28515625,183.28125,5
live,after,0,0.0,3,2,183.28125,184.27734375,4
live,after,0,0.0,3,2,184.27734375,185.2734375,3
live,after,0,0.0,3,2,185.2734375,186.26953125,3
live,after,0,0.0,3,2,186.26953125,187.265625,11
live,after,0,0.0,3,2,187.265625,188.26171875,3
live,after,0,0.0,3,2,188.26171875,189.2578125,8
live,after,0,0.0,3,2,189.2578125,190.25390625,5
live,after,0,0.0,3,2,190.25390625,191.25,3
live,after,0,0.0,3,2,191.25,192.24609375,3
live,after,0,0.0,3,2,192.24609375,193.2421875,3
live,after,0,0.0,3,2,193.2421875,194.23828125,1
live,after,0,0.0,3,2,194.23828125,195.234375,4
live,after,0,0.0,3,2,195.234375,196.23046875,4
live,after,0,0.0,3,2,196.23046875,197.2265625,6
live,after,0,0.0,3,2,197.2265625,198.22265625,3
live,after,0,0.0,3,2,198.22265625,199.21875,2
live,after,0,0.0,3,2,199.21875,200.21484375,5
live,after,0,0.0,3,2,200.21484375,201.2109375,7
live,after,0,0.0,3,2,201.2109375,202.20703125,6
live,after,0,0.0,3,2,202.20703125,203.203125,7
live,after,0,0.0,3,2,203.203125,204.19921875,7
live,after,0,0.0,3,2,204.19921875,205.1953125,3
live,after,0,0.0,3,2,205.1953125,206.19140625,6
live,after,0,0.0,3,2,206.19140625,207.1875,6
live,after,0,0.0,3,2,207.1875,208.18359375,1
live,after,0,0.0,3,2,208.18359375,209.1796875,4
live,after,0,0.0,3,2,209.1796875,210.17578125,6
live,after,0,0.0,3,2,210.17578125,211.171875,5
live,after,0,0.0,3,2,211.171875,212.16796875,8
live,after,0,0.0,3,2,212.16796875,213.1640625,7
live,after,0,0.0,3,2,213.1640625,214.16015625,7
live,after,0,0.0,3,2,214.16015625,215.15625,1
live,after,0,0.0,3,2,215.15625,216.15234375,5
live,after,0,0.0,3,2,216.15234375,217.1484375,10
live,after,0,0.0,3,2,217.1484375,218.14453125,3
live,after,0,0.0,3,2,218.14453125,219.140625,8
live,after,0,0.0,3,2,219.140625,220.13671875,8
live,after,0,0.0,3,2,220.13671875,221.1328125,7
live,after,0,0.0,3,2,221.1328125,222.12890625,6
live,after,0,0.0,3,2,222.12890625,223.125,7
live,after,0,0.0,3,2,223.125,224.12109375,7
live,after,0,0.0,3,2,224.12109375,225.1171875,9
live,after,0,0.0,3,2,225.1171875,226.11328125,11
live,after,0,0.0,3,2,226.11328125,227.109375,13
live,after,0,0.0,3,2,227.109375,228.10546875,7
live,after,0,0.0,3,2,228.10546875,229.1015625,10
live,after,0,0.0,3,2,229.1015625,230.09765625,13
live,after,0,0.0,3,2,230.09765625,231.09375,11
live,after,0,0.0,3,2,231.09375,232.08984375,22
live,after,0,0.0,3,2,232.08984375,233.0859375,18
live,after,0,0.0,3,2,233.0859375,234.08203125,30
live,after,0,0.0,3,2,234.08203125,235.078125,89
live,after,0,0.0,3,2,235.078125,236.07421875,159
live,after,0,0.0,3,2,236.07421875,237.0703125,12
live,after,0,0.0,3,2,237.0703125,238.06640625,0
live,after,0,0.0,3,2,238.06640625,239.0625,0
live,after,0,0.0,3,2,239.0625,240.05859375,0
live,after,0,0.0,3,2,240.05859375,241.0546875,0
live,after,0,0.0,3,2,241.0546875,242.05078125,0
live,after,0,0.0,3,2,242.05078125,243.046875,0
live,after,0,0.0,3,2,243.046875,244.04296875,0
live,after,0,0.0,3,2,244.04296875,245.0390625,0
live,after,0,0.0,3,2,245.0390625,246.03515625,0
live,after,0,0.0,3,2,246.03515625,247.03125,0
live,after,0,0.0,3,2,247.03125,248.02734375,0
live,after,0,0.0,3,2,248.02734375,249.0234375,0
live,after,0,0.0,3,2,249.0234375,250.01953125,0
live,after,0,0.0,3,2,250.01953125,251.015625,0
live,after,0,0.0,3,2,251.015625,252.01171875,0
live,after,0,0.0,3,2,252.01171875,253.0078125,0
live,after,0,0.0,3,2,253.0078125,254.00390625,0
live,after,0,0.0,3,2,254.00390625,255.0,0
dead,before,0,0.0,3,1,0.0,0.99609375,0
dead,before,0,0.0,3,1,0.99609375,1.9921875,0
dead,before,0,0.0,3,1,1.9921875,2.98828125,0
dead,before,0,0.0,3,1,2.98828125,3.984375,0
dead,before,0,0.0,3,1,3.984375,4.98046875,0
dead,before,0,0.0,3,1,4.98046875,5.9765625,0
dead,before,0,0.0,3,1,5.9765625,6.97265625,0
dead,before,0,0.0,3,1,6.97265625,7.96875,0
dead,before,0,0.0,3,1,7.96875,8.96484375,0
dead,before,0,0.0,3,1,8.96484375,9.9609375,0
dead,before,0,0.0,3,1,9.9609375,10.95703125,0
dead,before,0,0.0,3,1,10.95703125,11.953125,0
dead,before,0,0.0,3,1,11.953125,12.94921875,0
dead,before,0,0.0,3,1,12.94921875,13.9453125,0
dead,before,0,0.0,3,1,13.9453125,14.94140625,0
dead,before,0,0.0,3,1,14.94140625,15.9375,0
dead,before,0,0.0,3,1,15.9375,16.93359375,0
dead,before,0,0.0,3,1,16.93359375,17.9296875,0
dead,before,0,0.0,3,1,17.9296875,18.92578125,0
dead,before,0,0.0,3,1,18.92578125,19.921875,0
dead,before,0,0.0,3,1,19.921875,20.91796875,0
dead,before,0,0.0,3,1,20.91796875,21.9140625,0
dead,before,0,0.0,3,1,21.9140625,22.91015625,0
dead,before,0,0.0,3,1,22.91015625,23.90625,0
dead,before,0,0.0,3,1,23.90625,24.90234375,0
dead,before,0,0.0,3,1,24.90234375,25.8984375,0
dead,before,0,0.0,3,1,25.8984375,26.89453125,0
dead,before,0,0.0,3,1,26.89453125,27.890625,0
dead,before,0,0.0,3,1,27.890625,28.88671875,0
dead,before,0,0.0,3,1,28.88671875,29.8828125,0
dead,before,0,0.0,3,1,29.8828125,30.87890625,0
dead,before,0,0.0,3,1,30.87890625,31.875,0
dead,before,0,0.0,3,1,31.875,32.87109375,0
dead,before,0,0.0,3,1,32.87109375,33.8671875,0
dead,before,0,0.0,3,1,33.8671875,34.86328125,0
dead,before,0,0.0,3,1,34.86328125,35.859375,0
dead,before,0,0.0,3,1,35.859375,36.85546875,0
dead,before,0,0.0,3,1,36.85546875,37.8515625,0
dead,before,0,0.0,3,1,37.8515625,38.84765625,0
dead,before,0,0.0,3,1,38.84765625,39.84375,0
dead,before,0,0.0,3,1,39.84375,40.83984375,0
dead,before,0,0.0,3,1,40.83984375,41.8359375,0
dead,before,0,0.0,3,1,41.8359375,42.83203125,0
dead,before,0,0.0,3,1,42.83203125,43.828125,0
dead,before,0,0.0,3,1,43.828125,44.82421875,0
dead,before,0,0.0,3,1,44.82421875,45.8203125,0
dead,before,0,0.0,3,1,45.8203125,46.81640625,0
dead,before,0,0.0,3,1,46.81640625,47.8125,0
dead,before,0,0.0,3,1,47.8125,48.80859375,0
dead,before,0,0.0,3,1,48.80859375,49.8046875,0
dead,before,0,0.0,3,1,49.8046875,50.80078125,0
dead,before,0,0.0,3,1,50.80078125,51.796875,0
dead,before,0,0.0,3,1,51.796875,52.79296875,0
dead,before,0,0.0,3,1,52.79296875,53.7890625,0
dead,before,0,0.0,3,1,53.7890625,54.78515625,0
dead,before,0,0.0,3,1,54.78515625,55.78125,0
dead,before,0,0.0,3,1,55.78125,56.77734375,0
dead,before,0,0.0,3,1,56.77734375,57.7734375,0
dead,before,0,0.0,3,1,57.7734375,58.76953125,0
dead,before,0,0.0,3,1,58.76953125,59.765625,0
dead,before,0,0.0,3,1,59.765625,60.76171875,0
dead,before,0,0.0,3,1,60.76171875,61.7578125,0
dead,before,0,0.0,3,1,61.7578125,62.75390625,0
dead,before,0,0.0,3,1,62.75390625,63.75,0
dead,before,0,0.0,3,1,63.75,64.74609375,0
dead,before,0,0.0,3,1,64.74609375,65.7421875,0
dead,before,0,0.0,3,1,65.7421875,66.73828125,0
dead,before,0,0.0,3,1,66.73828125,67.734375,0
dead,before,0,0.0,3,1,67.734375,68.73046875,0
dead,before,0,0.0,3,1,68.73046875,69.7265625,0
dead,before,0,0.0,3,1,69.7265625,70.72265625,0
dead,before,0,0.0,3,1,70.72265625,71.71875,0
dead,before,0,0.0,3,1,71.71875,72.71484375,0
dead,before,0,0.0,3,1,72.71484375,73.7109375,0
dead,before,0,0.0,3,1,73.7109375,74.70703125,0
dead,before,0,0.0,3,1,74.70703125,75.703125,0
dead,before,0,0.0,3,1,75.703125,76.69921875,0
dead,before,0,0.0,3,1,76.69921875,77.6953125,0
dead,before,0,0.0,3,1,77.6953125,78.69140625,0
dead,before,0,0.0,3,1,78.69140625,79.6875,0
dead,before,0,0.0,3,1,79.6875,80.68359375,0
dead,before,0,0.0,3,1,80.68359375,81.6796875,0
dead,before,0,0.0,3,1,81.6796875,82.67578125,0
dead,before,0,0.0,3,1,82.67578125,83.671875,0
dead,before,0,0.0,3,1,83.671875,84.66796875,0
dead,before,0,0.0,3,1,84.66796875,85.6640625,0
dead,before,0,0.0,3,1,85.6640625,86.66015625,0
dead,before,0,0.0,3,1,86.66015625,87.65625,0
dead,before,0,0.0,3,1,87.65625,88.65234375,0
dead,before,0,0.0,3,1,88.65234375,89.6484375,0
dead,before,0,0.0,3,1,89.6484375,90.64453125,0
dead,before,0,0.0,3,1,90.64453125,91.640625,0
dead,before,0,0.0,3,1,91.640625,92.63671875,0
dead,before,0,0.0,3,1,92.63671875,93.6328125,0
dead,before,0,0.0,3,1,93.6328125,94.62890625,0
dead,before,0,0.0,3,1,94.62890625,95.625,0
dead,before,0,0.0,3,1,95.625,96.62109375,0
dead,before,0,0.0,3,1,96.62109375,97.6171875,0
dead,before,0,0.0,3,1,97.6171875,98.61328125,0
dead,before,0,0.0,3,1,98.61328125,99.609375,0
dead,before,0,0.0,3,1,99.609375,100.60546875,0
dead,before,0,0.0,3,1,100.60546875,101.6015625,0
dead,before,0,0.0,3,1,101.6015625,102.59765625,0
dead,before,0,0.0,3,1,102.59765625,103.59375,0
dead,before,0,0.0,3,1,103.59375,104.58984375,0
dead,before,0,0.0,3,1,104.58984375,105.5859375,0
dead,before,0,0.0,3,1,105.5859375,106.58203125,0
dead,before,0,0.0,3,1,106.58203125,107.578125,0
dead,before,0,0.0,3,1,107.578125,108.57421875,0
dead,before,0,0.0,3,1,108.57421875,109.5703125,0
dead,before,0,0.0,3,1,109.5703125,110.56640625,0
dead,before,0,0.0,3,1,110.56640625,111.5625,0
dead,before,0,0.0,3,1,111.5625,112.55859375,0
dead,before,0,0.0,3,1,112.55859375,113.5546875,0
dead,before,0,0.0,3,1,113.5546875,114.55078125,0
dead,before,0,0.0,3,1,114.55078125,115.546875,0
dead,before,0,0.0,3,1,115.546875,116.54296875,0
dead,before,0,0.0,3,1,116.54296875,117.5390625,0
dead,before,0,0.0,3,1,117.5390625,118.53515625,0
dead,before,0,0.0,3,1,118.53515625,119.53125,0
dead,before,0,0.0,3,1,119.53125,120.52734375,0
dead,before,0,0.0,3,1,120.52734375,121.5234375,0
dead,before,0,0.0,3,1,121.5234375,122.51953125,0
dead,before,0,0.0,3,1,122.51953125,123.515625,0
dead,before,0,0.0,3,1,123.515625,124.51171875,0
dead,before,0,0.0,3,1,124.51171875,125.5078125,0
dead,before,0,0.0,3,1,125.5078125,126.50390625,0
dead,before,0,0.0,3,1,126.50390625,127.5,0
dead,before,0,0.0,3,1,127.5,128.49609375,0
dead,before,0,0.0,3,1,128.49609375,129.4921875,0
dead,before,0,0.0,3,1,129.4921875,130.48828125,0
dead,before,0,0.0,3,1,130.48828125,131.484375,0
dead,before,0,0.0,3,1,131.484375,132.48046875,0
dead,before,0,0.0,3,1,132.48046875,133.4765625,0
dead,before,0,0.0,3,1,133.4765625,134.47265625,0
dead,before,0,0.0,3,1,134.47265625,135.46875,0
dead,before,0,0.0,3,1,135.46875,136.46484375,0
dead,before,0,0.0,3,1,136.46484375,137.4609375,0
dead,before,0,0.0,3,1,137.4609375,138.45703125,0
dead,before,0,0.0,3,1,138.45703125,139.453125,0
dead,before,0,0.0,3,1,139.453125,140.44921875,0
dead,before,0,0.0,3,1,140.44921875,141.4453125,0
dead,before,0,0.0,3,1,141.4453125,142.44140625,0
dead,before,0,0.0,3,1,142.44140625,143.4375,0
dead,before,0,0.0,3,1,143.4375,144.43359375,0
dead,before,0,0.0,3,1,144.43359375,145.4296875,0
dead,before,0,0.0,3,1,145.4296875,146.42578125,0
dead,before,0,0.0,3,1,146.42578125,147.421875,0
dead,before,0,0.0,3,1,147.421875,148.41796875,0
dead,before,0,0.0,3,1,148.41796875,149.4140625,0
dead,before,0,0.0,3,1,149.4140625,150.41015625,0
dead,before,0,0.0,3,1,150.41015625,151.40625,0
dead,before,0,0.0,3,1,151.40625,152.40234375,0
dead,before,0,0.0,3,1,152.40234375,153.3984375,0
dead,before,0,0.0,3,1,153.3984375,154.39453125,0
dead,before,0,0.0,3,1,154.39453125,155.390625,0
dead,before,0,0.0,3,1,155.390625,156.38671875,0
dead,before,0,0.0,3,1,156.38671875,157.3828125,0
dead,before,0,0.0,3,1,157.3828125,158.37890625,0
dead,before,0,0.0,3,1,158.37890625,159.375,0
dead,before,0,0.0,3,1,159.375,160.37109375,0
dead,before,0,0.0,3,1,160.37109375,161.3671875,0
dead,before,0,0.0,3,1,161.3671875,162.36328125,0
dead,before,0,0.0,3,1,162.36328125,163.359375,0
dead,before,0,0.0,3,1,163.359375,164.35546875,0
dead,before,0,0.0,3,1,164.35546875,165.3515625,0
dead,before,0,0.0,3,1,165.3515625,166.34765625,0
dead,before,0,0.0,3,1,166.34765625,167.34375,0
dead,before,0,0.0,3,1,167.34375,168.33984375,0
dead,before,0,0.0,3,1,168.33984375,169.3359375,0
dead,before,0,0.0,3,1,169.3359375,170.33203125,0
dead,before,0,0.0,3,1,170.33203125,171.328125,0
dead,before,0,0.0,3,1,171.328125,172.32421875,0
dead,before,0,0.0,3,1,172.32421875,173.3203125,0
dead,before,0,0.0,3,1,173.3203125,174.31640625,0
dead,before,0,0.0,3,1,174.31640625,175.3125,0
dead,before,0,0.0,3,1,175.3125,176.30859375,0
dead,before,0,0.0,3,1,176.30859375,177.3046875,0
dead,before,0,0.0,3,1,177.3046875,178.30078125,0
dead,before,0,0.0,3,1,178.30078125,179.296875,0
dead,before,0,0.0,3,1,179.296875,180.29296875,0
dead,before,0,0.0,3,1,180.29296875,181.2890625,0
dead,before,0,0.0,3,1,181.2890625,182.28515625,0
dead,before,0,0.0,3,1,182.28515625,183.28125,0
dead,before,0,0.0,3,1,183.28125,184.27734375,0
dead,before,0,0.0,3,1,184.27734375,185.2734375,0
dead,before,0,0.0,3,1,185.2734375,186.26953125,0
dead,before,0,0.0,3,1,186.26953125,187.265625,0
dead,before,0,0.0,3,1,187.265625,188.26171875,0
dead,before,0,0.0,3,1,188.26171875,189.2578125,0
dead,before,0,0.0,3,1,189.2578125,190.25390625,0
dead,before,0,0.0,3,1,190.25390625,191.25,0
dead,before,0,0.0,3,1,191.25,192.24609375,0
dead,before,0,0.0,3,1,192.24609375,193.2421875,0
dead,before,0,0.0,3,1,193.2421875,194.23828125,0
dead,before,0,0.0,3,1,194.23828125,195.234375,0
dead,before,0,0.0,3,1,195.234375,196.23046875,0
dead,before,0,0.0,3,1,196.23046875,197.2265625,0
dead,before,0,0.0,3,1,197.2265625,198.22265625,0
dead,before,0,0.0,3,1,198.22265625,199.21875,0
dead,before,0,0.0,3,1,199.21875,200.21484375,0
dead,before,0,0.0,3,1,200.21484375,201.2109375,0
dead,before,0,0.0,3,1,201.2109375,202.20703125,0
dead,before,0,0.0,3,1,202.20703125,203.203125,0
dead,before,0,0.0,3,1,203.203125,204.19921875,0
dead,before,0,0.0,3,1,204.19921875,205.1953125,0
dead,before,0,0.0,3,1,205.1953125,206.19140625,0
dead,before,0,0.0,3,1,206.19140625,207.1875,0
dead,before,0,0.0,3,1,207.1875,208.18359375,0
dead,before,0,0.0,3,1,208.18359375,209.1796875,0
dead,before,0,0.0,3,1,209.1796875,210.17578125,0
dead,before,0,0.0,3,1,210.17578125,211.171875,0
dead,before,0,0.0,3,1,211.171875,212.16796875,0
dead,before,0,0.0,3,1,212.16796875,213.1640625,0
dead,before,0,0.0,3,1,213.1640625,214.16015625,0
dead,before,0,0.0,3,1,214.16015625,215.15625,0
dead,before,0,0.0,3,1,215.15625,216.15234375,0
dead,before,0,0.0,3,1,216.15234375,217.1484375,0
dead,before,0,0.0,3,1,217.1484375,218.14453125,0
dead,before,0,0.0,3,1,218.14453125,219.140625,0
dead,before,0,0.0,3,1,219.140625,220.13671875,0
dead,before,0,0.0,3,1,220.13671875,221.1328125,0
dead,before,0,0.0,3,1,221.1328125,222.12890625,0
dead,before,0,0.0,3,1,222.12890625,223.125,0
dead,before,0,0.0,3,1,223.125,224.12109375,0
dead,before,0,0.0,3,1,224.12109375,225.1171875,0
dead,before,0,0.0,3,1,225.1171875,226.11328125,0
dead,before,0,0.0,3,1,226.11328125,227.109375,0
dead,before,0,0.0,3,1,227.109375,228.10546875,0
dead,before,0,0.0,3,1,228.10546875,229.1015625,0
dead,before,0,0.0,3,1,229.1015625,230.09765625,0
dead,before,0,0.0,3,1,230.09765625,231.09375,0
dead,before,0,0.0,3,1,231.09375,232.08984375,0
dead,before,0,0.0,3,1,232.08984375,233.0859375,0
dead,before,0,0.0,3,1,233.0859375,234.08203125,0
dead,before,0,0.0,3,1,234.08203125,235.078125,0
dead,before,0,0.0,3,1,235.078125,236.07421875,0
dead,before,0,0.0,3,1,236.07421875,237.0703125,0
dead,before,0,0.0,3,1,237.0703125,238.06640625,0
dead,before,0,0.0,3,1,238.06640625,239.0625,0
dead,before,0,0.0,3,1,239.0625,240.05859375,0
dead,before,0,0.0,3,1,240.05859375,241.0546875,0
dead,before,0,0.0,3,1,241.0546875,242.05078125,0
dead,before,0,0.0,3,1,242.05078125,243.046875,0
dead,before,0,0.0,3,1,243.046875,244.04296875,0
dead,before,0,0.0,3,1,244.04296875,245.0390625,0
dead,before,0,0.0,3,1,245.0390625,246.03515625,0
dead,before,0,0.0,3,1,246.03515625,247.03125,0
dead,before,0,0.0,3,1,247.03125,248.02734375,0
dead,before,0,0.0,3,1,248.02734375,249.0234375,0
dead,before,0,0.0,3,1,249.0234375,250.01953125,0
dead,before,0,0.0,3,1,250.01953125,251.015625,0
dead,before,0,0.0,3,1,251.015625,252.01171875,0
dead,before,0,0.0,3,1,252.01171875,253.0078125,0
dead,before,0,0.0,3,1,253.0078125,254.00390625,0
dead,before,0,0.0,3,1,254.00390625,255.0,0
dead,corrected,0,0.0,3,1,754.0,1007.05078125,233249
dead,corrected,0,0.0,3,1,1007.05078125,1260.1015625,224431
dead,corrected,0,0.0,3,1,1260.1015625,1513.15234375,190824
dead,corrected,0,0.0,3,1,1513.15234375,1766.203125,169109
dead,corrected,0,0.0,3,1,1766.203125,2019.25390625,145971
dead,corrected,0,0.0,3,1,2019.25390625,2272.3046875,132146
dead,corrected,0,0.0,3,1,2272.3046875,2525.35546875,118942
dead,corrected,0,0.0,3,1,2525.35546875,2778.40625,101786
dead,corrected,0,0.0,3,1,2778.40625,3031.45703125,86922
dead,corrected,0,0.0,3,1,3031.45703125,3284.5078125,77559
dead,corrected,0,0.0,3,1,3284.5078125,3537.55859375,69345
dead,corrected,0,0.0,3,1,3537.55859375,3790.609375,62976
dead,corrected,0,0.0,3,1,3790.609375,4043.66015625,56771
dead,corrected,0,0.0,3,1,4043.66015625,4296.7109375,53252
dead,corrected,0,0.0,3,1,4296.7109375,4549.76171875,48833
dead,corrected,0,0.0,3,1,4549.76171875,4802.8125,43864
dead,corrected,0,0.0,3,1,4802.8125,5055.86328125,39583
dead,corrected,0,0.0,3,1,5055.86328125,5308.9140625,35240
dead,corrected,0,0.0,3,1,5308.9140625,5561.96484375,31749
dead,corrected,0,0.0,3,1,5561.96484375,5815.015625,29142
dead,corrected,0,0.0,3,1,5815.015625,6068.06640625,27169
dead,corrected,0,0.0,3,1,6068.06640625,6321.1171875,25435
dead,corrected,0,0.0,3,1,6321.1171875,6574.16796875,23835
dead,corrected,0,0.0,3,1,6574.16796875,6827.21875,22979
dead,corrected,0,0.0,3,1,6827.21875,7080.26953125,21031
dead,corrected,0,0.0,3,1,7080.26953125,7333.3203125,19410
dead,corrected,0,0.0,3,1,7333.3203125,7586.37109375,18105
dead,corrected,0,0.0,3,1,7586.37109375,7839.421875,17075
dead,corrected,0,0.0,3,1,7839.421875,8092.47265625,15787
dead,corrected,0,0.0,3,1,8092.47265625,8345.5234375,14874
dead,corrected,0,0.0,3,1,8345.5234375,8598.57421875,13554
dead,corrected,0,0.0,3,1,8598.57421875,8851.625,12618
dead,corrected,0,0.0,3,1,8851.625,9104.67578125,11734
dead,corrected,0,0.0,3,1,9104.67578125,9357.7265625,11050
dead,corrected,0,0.0,3,1,9357.7265625,9610.77734375,10383
dead,corrected,0,0.0,3,1,9610.77734375,9863.828125,9632
dead,corrected,0,0.0,3,1,9863.828125,10116.87890625,9021
dead,corrected,0,0.0,3,1,10116.87890625,10369.9296875,8456
dead,corrected,0,0.0,3,1,10369.9296875,10622.98046875,8148
dead,corrected,0,0.0,3,1,10622.98046875,10876.03125,7655
dead,corrected,0,0.0,3,1,10876.03125,11129.08203125,7443
dead,corrected,0,0.0,3,1,11129.08203125,11382.1328125,7032
dead,corrected,0,0.0,3,1,11382.1328125,11635.18359375,6586
dead,corrected,0,0.0,3,1,11635.18359375,11888.234375,6184
dead,corrected,0,0.0,3,1,11888.234375,12141.28515625,5929
dead,corrected,0,0.0,3,1,12141.28515625,12394.3359375,5585
dead,corrected,0,0.0,3,1,12394.3359375,12647.38671875,5303
dead,corrected,0,0.0,3,1,12647.38671875,12900.4375,5155
dead,corrected,0,0.0,3,1,12900.4375,13153.48828125,4907
dead,corrected,0,0.0,3,1,13153.48828125,13406.5390625,4672
dead,corrected,0,0.0,3,1,13406.5390625,13659.58984375,4258
dead,corrected,0,0.0,3,1,13659.58984375,13912.640625,4182
dead,corrected,0,0.0,3,1,13912.640625,14165.69140625,4116
dead,corrected,0,0.0,3,1,14165.69140625,14418.7421875,4041
dead,corrected,0,0.0,3,1,14418.7421875,14671.79296875,3931
dead,corrected,0,0.0,3,1,14671.79296875,14924.84375,3807
dead,corrected,0,0.0,3,1,14924.84375,15177.89453125,3699
dead,corrected,0,0.0,3,1,15177.89453125,15430.9453125,3414
dead,corrected,0,0.0,3,1,15430.9453125,15683.99609375,3249
dead,corrected,0,0.0,3,1,15683.99609375,15937.046875,3180
dead,corrected,0,0.0,3,1,15937.046875,16190.09765625,3069
dead,corrected,0,0.0,3,1,16190.09765625,16443.1484375,3010
dead,corrected,0,0.0,3,1,16443.1484375,16696.19921875,2844
dead,corrected,0,0.0,3,1,16696.19921875,16949.25,2757
dead,corrected,0,0.0,3,1,16949.25,17202.30078125,2793
dead,corrected,0,0.0,3,1,17202.30078125,17455.3515625,2728
dead,corrected,0,0.0,3,1,17455.3515625,17708.40234375,2654
dead,corrected,0,0.0,3,1,17708.40234375,17961.453125,2594
dead,corrected,0,0.0,3,1,17961.453125,18214.50390625,2502
dead,corrected,0,0.0,3,1,18214.50390625,18467.5546875,2421
dead,corrected,0,0.0,3,1,18467.5546875,18720.60546875,2433
dead,corrected,0,0.0,3,1,18720.60546875,18973.65625,2404
dead,corrected,0,0.0,3,1,18973.65625,19226.70703125,2327
dead,corrected,0,0.0,3,1,19226.70703125,19479.7578125,2150
dead,corrected,0,0.0,3,1,19479.7578125,19732.80859375,2162
dead,corrected,0,0.0,3,1,19732.80859375,19985.859375,2093
dead,corrected,0,0.0,3,1,19985.859375,20238.91015625,2021
dead,corrected,0,0.0,3,1,20238.91015625,20491.9609375,1972
dead,corrected,0,0.0,3,1,20491.9609375,20745.01171875,1984
dead,corrected,0,0.0,3,1,20745.01171875,20998.0625,1893
dead,corrected,0,0.0,3,1,20998.0625,21251.11328125,1867
dead,corrected,0,0.0,3,1,21251.11328125,21504.1640625,1738
dead,corrected,0,0.0,3,1,21504.1640625,21757.21484375,1797
dead,corrected,0,0.0,3,1,21757.21484375,22010.265625,1708
dead,corrected,0,0.0,3,1,22010.265625,22263.31640625,1728
dead,corrected,0,0.0,3,1,22263.31640625,22516.3671875,1724
dead,corrected,0,0.0,3,1,22516.3671875,22769.41796875,1559
dead,corrected,0,0.0,3,1,22769.41796875,23022.46875,1653
dead,corrected,0,0.0,3,1,23022.46875,23275.51953125,1478
dead,corrected,0,0.0,3,1,23275.51953125,23528.5703125,1469
dead,corrected,0,0.0,3,1,23528.5703125,23781.62109375,1522
dead,corrected,0,0.0,3,1,23781.62109375,24034.671875,1520
dead,corrected,0,0.0,3,1,24034.671875,24287.72265625,1421
dead,corrected,0,0.0,3,1,24287.72265625,24540.7734375,1409
dead,corrected,0,0.0,3,1,24540.7734375,24793.82421875,1342
dead,corrected,0,0.0,3,1,24793.82421875,25046.875,1448
dead,corrected,0,0.0,3,1,25046.875,25299.92578125,1374
dead,corrected,0,0.0,3,1,25299.92578125,25552.9765625,1364
dead,corrected,0,0.0,3,1,25552.9765625,25806.02734375,1277
dead,corrected,0,0.0,3,1,25806.02734375,26059.078125,1332
dead,corrected,0,0.0,3,1,26059.078125,26312.12890625,1228
dead,corrected,0,0.0,3,1,26312.12890625,26565.1796875,1295
dead,corrected,0,0.0,3,1,26565.1796875,26818.23046875,1236
dead,corrected,0,0.0,3,1,26818.23046875,27071.28125,1188
dead,corrected,0,0.0,3,1,27071.28125,27324.33203125,1146
dead,corrected,0,0.0,3,1,27324.33203125,27577.3828125,1135
dead,corrected,0,0.0,3,1,27577.3828125,27830.43359375,1149
dead,corrected,0,0.0,3,1,27830.43359375,28083.484375,1134
dead,corrected,0,0.0,3,1,28083.484375,28336.53515625,1128
dead,corrected,0,0.0,3,1,28336.53515625,28589.5859375,1124
dead,corrected,0,0.0,3,1,28589.5859375,28842.63671875,1053
dead,corrected,0,0.0,3,1,28842.63671875,29095.6875,1080
dead,corrected,0,0.0,3,1,29095.6875,29348.73828125,1030
dead,corrected,0,0.0,3,1,29348.73828125,29601.7890625,996
dead,corrected,0,0.0,3,1,29601.7890625,29854.83984375,1068
dead,corrected,0,0.0,3,1,29854.83984375,30107.890625,1033
dead,corrected,0,0.0,3,1,30107.890625,30360.94140625,998
dead,corrected,0,0.0,3,1,30360.94140625,30613.9921875,983
dead,corrected,0,0.0,3,1,30613.9921875,30867.04296875,943
dead,corrected,0,0.0,3,1,30867.04296875,31120.09375,909
dead,corrected,0,0.0,3,1,31120.09375,31373.14453125,952
dead,corrected,0,0.0,3,1,31373.14453125,31626.1953125,939
dead,corrected,0,0.0,3,1,31626.1953125,31879.24609375,875
dead,corrected,0,0.0,3,1,31879.24609375,32132.296875,883
dead,corrected,0,0.0,3,1,32132.296875,32385.34765625,912
dead,corrected,0,0.0,3,1,32385.34765625,32638.3984375,928
dead,corrected,0,0.0,3,1,32638.3984375,32891.44921875,849
dead,corrected,0,0.0,3,1,32891.44921875,33144.5,882
dead,corrected,0,0.0,3,1,33144.5,33397.55078125,795
dead,corrected,0,0.0,3,1,33397.55078125,33650.6015625,815
dead,corrected,0,0.0,3,1,33650.6015625,33903.65234375,843
dead,corrected,0,0.0,3,1,33903.65234375,34156.703125,824
dead,corrected,0,0.0,3,1,34156.703125,34409.75390625,806
dead,corrected,0,0.0,3,1,34409.75390625,34662.8046875,823
dead,corrected,0,0.0,3,1,34662.8046875,34915.85546875,790
dead,corrected,0,0.0,3,1,34915.85546875,35168.90625,739
dead,corrected,0,0.0,3,1,35168.90625,35421.95703125,723
dead,corrected,0,0.0,3,1,35421.95703125,35675.0078125,693
dead,corrected,0,0.0,3,1,35675.0078125,35928.05859375,736
dead,corrected,0,0.0,3,1,35928.05859375,36181.109375,698
dead,corrected,0,0.0,3,1,36181.109375,36434.16015625,686
dead,corrected,0,0.0,3,1,36434.16015625,36687.2109375,676
dead,corrected,0,0.0,3,1,36687.2109375,36940.26171875,640
dead,corrected,0,0.0,3,1,36940.26171875,37193.3125,656
dead,corrected,0,0.0,3,1,37193.3125,37446.36328125,665
dead,corrected,0,0.0,3,1,37446.36328125,37699.4140625,624
dead,corrected,0,0.0,3,1,37699.4140625,37952.46484375,619
dead,corrected,0,0.0,3,1,37952.46484375,38205.515625,646
dead,corrected,0,0.0,3,1,38205.515625,38458.56640625,593
dead,corrected,0,0.0,3,1,38458.56640625,38711.6171875,562
dead,corrected,0,0.0,3,1,38711.6171875,38964.66796875,576
dead,corrected,0,0.0,3,1,38964.66796875,39217.71875,568
dead,corrected,0,0.0,3,1,39217.71875,39470.76953125,566
dead,corrected,0,0.0,3,1,39470.76953125,39723.8203125,513
dead,corrected,0,0.0,3,1,39723.8203125,39976.87109375,553
dead,corrected,0,0.0,3,1,39976.87109375,40229.921875,549
dead,corrected,0,0.0,3,1,40229.921875,40482.97265625,536
dead,corrected,0,0.0,3,1,40482.97265625,40736.0234375,501
dead,corrected,0,0.0,3,1,40736.0234375,40989.07421875,503
dead,corrected,0,0.0,3,1,40989.07421875,41242.125,484
dead,corrected,0,0.0,3,1,41242.125,41495.17578125,504
dead,corrected,0,0.0,3,1,41495.17578125,41748.2265625,468
dead,corrected,0,0.0,3,1,41748.2265625,42001.27734375,452
dead,corrected,0,0.0,3,1,42001.27734375,42254.328125,413
dead,corrected,0,0.0,3,1,42254.328125,42507.37890625,460
dead,corrected,0,0.0,3,1,42507.37890625,42760.4296875,468
dead,corrected,0,0.0,3,1,42760.4296875,43013.48046875,466
dead,corrected,0,0.0,3,1,43013.48046875,43266.53125,458
dead,corrected,0,0.0,3,1,43266.53125,43519.58203125,404
dead,corrected,0,0.0,3,1,43519.58203125,43772.6328125,427
dead,corrected,0,0.0,3,1,43772.6328125,44025.68359375,401
dead,corrected,0,0.0,3,1,44025.68359375,44278.734375,389
dead,corrected,0,0.0,3,1,44278.734375,44531.78515625,404
dead,corrected,0,0.0,3,1,44531.78515625,44784.8359375,364
dead,corrected,0,0.0,3,1,44784.8359375,45037.88671875,383
dead,corrected,0,0.0,3,1,45037.88671875,45290.9375,398
dead,corrected,0,0.0,3,1,45290.9375,45543.98828125,372
dead,corrected,0,0.0,3,1,45543.98828125,45797.0390625,377
dead,corrected,0,0.0,3,1,45797.0390625,46050.08984375,342
dead,corrected,0,0.0,3,1,46050.08984375,46303.140625,364
dead,corrected,0,0.0,3,1,46303.140625,46556.19140625,336
dead,corrected,0,0.0,3,1,46556.19140625,46809.2421875,353
dead,corrected,0,0.0,3,1,46809.2421875,47062.29296875,340
dead,corrected,0,0.0,3,1,47062.29296875,47315.34375,344
dead,corrected,0,0.0,3,1,47315.34375,47568.39453125,349
dead,corrected,0,0.0,3,1,47568.39453125,47821.4453125,325
dead,corrected,0,0.0,3,1,47821.4453125,48074.49609375,330
dead,corrected,0,0.0,3,1,48074.49609375,48327.546875,309
dead,corrected,0,0.0,3,1,48327.546875,48580.59765625,314
dead,corrected,0,0.0,3,1,48580.59765625,48833.6484375,303
dead,corrected,0,0.0,3,1,48833.6484375,49086.69921875,285
dead,corrected,0,0.0,3,1,49086.69921875,49339.75,290
dead,corrected,0,0.0,3,1,49339.75,49592.80078125,267
dead,corrected,0,0.0,3,1,49592.80078125,49845.8515625,280
dead,corrected,0,0.0,3,1,49845.8515625,50098.90234375,246
dead,corrected,0,0.0,3,1,50098.90234375,50351.953125,235
dead,corrected,0,0.0,3,1,50351.953125,50605.00390625,241
dead,corrected,0,0.0,3,1,50605.00390625,50858.0546875,238
dead,corrected,0,0.0,3,1,50858.0546875,51111.10546875,231
dead,corrected,0,0.0,3,1,51111.10546875,51364.15625,233
dead,corrected,0,0.0,3,1,51364.15625,51617.20703125,245
dead,corrected,0,0.0,3,1,51617.20703125,51870.2578125,220
dead,corrected,0,0.0,3,1,51870.2578125,52123.30859375,222
dead,corrected,0,0.0,3,1,52123.30859375,52376.359375,217
dead,corrected,0,0.0,3,1,52376.359375,52629.41015625,251
dead,corrected,0,0.0,3,1,52629.41015625,52882.4609375,187
dead,corrected,0,0.0,3,1,52882.4609375,53135.51171875,191
dead,corrected,0,0.0,3,1,53135.51171875,53388.5625,181
dead,corrected,0,0.0,3,1,53388.5625,53641.61328125,187
dead,corrected,0,0.0,3,1,53641.61328125,53894.6640625,199
dead,corrected,0,0.0,3,1,53894.6640625,54147.71484375,188
dead,corrected,0,0.0,3,1,54147.71484375,54400.765625,199
dead,corrected,0,0.0,3,1,54400.765625,54653.81640625,179
dead,corrected,0,0.0,3,1,54653.81640625,54906.8671875,176
dead,corrected,0,0.0,3,1,54906.8671875,55159.91796875,173
dead,corrected,0,0.0,3,1,55159.91796875,55412.96875,168
dead,corrected,0,0.0,3,1,55412.96875,55666.01953125,183
dead,corrected,0,0.0,3,1,55666.01953125,55919.0703125,168
dead,corrected,0,0.0,3,1,55919.0703125,56172.12109375,172
dead,corrected,0,0.0,3,1,56172.12109375,56425.171875,154
dead,corrected,0,0.0,3,1,56425.171875,56678.22265625,169
dead,corrected,0,0.0,3,1,56678.22265625,56931.2734375,153
dead,corrected,0,0.0,3,1,56931.2734375,57184.32421875,152
dead,corrected,0,0.0,3,1,57184.32421875,57437.375,141
dead,corrected,0,0.0,3,1,57437.375,57690.42578125,129
dead,corrected,0,0.0,3,1,57690.42578125,57943.4765625,157
dead,corrected,0,0.0,3,1,57943.4765625,58196.52734375,125
dead,corrected,0,0.0,3,1,58196.52734375,58449.578125,119
dead,corrected,0,0.0,3,1,58449.578125,58702.62890625,147
dead,corrected,0,0.0,3,1,58702.62890625,58955.6796875,125
dead,corrected,0,0.0,3,1,58955.6796875,59208.73046875,144
dead,corrected,0,0.0,3,1,59208.73046875,59461.78125,141
dead,corrected,0,0.0,3,1,59461.78125,59714.83203125,125
dead,corrected,0,0.0,3,1,59714.83203125,59967.8828125,119
dead,corrected,0,0.0,3,1,59967.8828125,60220.93359375,115
dead,corrected,0,0.0,3,1,60220.93359375,60473.984375,122
dead,corrected,0,0.0,3,1,60473.984375,60727.03515625,122
dead,corrected,0,0.0,3,1,60727.03515625,60980.0859375,126
dead,corrected,0,0.0,3,1,60980.0859375,61233.13671875,89
dead,corrected,0,0.0,3,1,61233.13671875,61486.1875,128
dead,corrected,0,0.0,3,1,61486.1875,61739.23828125,134
dead,corrected,0,0.0,3,1,61739.23828125,61992.2890625,2735
dead,corrected,0,0.0,3,1,61992.2890625,62245.33984375,0
dead,corrected,0,0.0,3,1,62245.33984375,62498.390625,0
dead,corrected,0,0.0,3,1,62498.390625,62751.44140625,0
dead,corrected,0,0.0,3,1,62751.44140625,63004.4921875,0
dead,corrected,0,0.0,3,1,63004.4921875,63257.54296875,0
dead,corrected,0,0.0,3,1,63257.54296875,63510.59375,0
dead,corrected,0,0.0,3,1,63510.59375,63763.64453125,0
dead,corrected,0,0.0,3,1,63763.64453125,64016.6953125,0
dead,corrected,0,0.0,3,1,64016.6953125,64269.74609375,0
dead,corrected,0,0.0,3,1,64269.74609375,64522.796875,0
dead,corrected,0,0.0,3,1,64522.796875,64775.84765625,0
dead,corrected,0,0.0,3,1,64775.84765625,65028.8984375,0
dead,corrected,0,0.0,3,1,65028.8984375,65281.94921875,0
dead,corrected,0,0.0,3,1,65281.94921875,65535.0,0
dead,after,0,0.0,3,1,0.0,0.99609375,0
dead,after,0,0.0,3,1,0.99609375,1.9921875,0
dead,after,0,0.0,3,1,1.9921875,2.98828125,0
dead,after,0,0.0,3,1,2.98828125,3.984375,0
dead,after,0,0.0,3,1,3.984375,4.98046875,0
dead,after,0,0.0,3,1,4.98046875,5.9765625,0
dead,after,0,0.0,3,1,5.9765625,6.97265625,0
dead,after,0,0.0,3,1,6.97265625,7.96875,0
dead,after,0,0.0,3,1,7.96875,8.96484375,0
dead,after,0,0.0,3,1,8.96484375,9.9609375,0
dead,after,0,0.0,3,1,9.9609375,10.95703125,65623
dead,after,0,0.0,3,1,10.95703125,11.953125,60144
dead,after,0,0.0,3,1,11.953125,12.94921875,54789
dead,after,0,0.0,3,1,12.94921875,13.9453125,51841
dead,after,0,0.0,3,1,13.9453125,14.94140625,46839
dead,after,0,0.0,3,1,14.94140625,15.9375,41582
dead,after,0,0.0,3,1,15.9375,16.93359375,37494
dead,after,0,0.0,3,1,16.93359375,17.9296875,33255
dead,after,0,0.0,3,1,17.9296875,18.92578125,30384
dead,after,0,0.0,3,1,18.92578125,19.921875,27796
dead,after,0,0.0,3,1,19.921875,20.91796875,26280
dead,after,0,0.0,3,1,20.91796875,21.9140625,24649
dead,after,0,0.0,3,1,21.9140625,22.91015625,23560
dead,after,0,0.0,3,1,22.91015625,23.90625,22610
dead,after,0,0.0,3,1,23.90625,24.90234375,19913
dead,after,0,0.0,3,1,24.90234375,25.8984375,18596
dead,after,0,0.0,3,1,25.8984375,26.89453125,17692
dead,after,0,0.0,3,1,26.89453125,27.890625,16744
dead,after,0,0.0,3,1,27.890625,28.88671875,14971
dead,after,0,0.0,3,1,28.88671875,29.8828125,14125
dead,after,0,0.0,3,1,29.8828125,30.87890625,13092
dead,after,0,0.0,3,1,30.87890625,31.875,12136
dead,after,0,0.0,3,1,31.875,32.87109375,11338
dead,after,0,0.0,3,1,32.87109375,33.8671875,10699
dead,after,0,0.0,3,1,33.8671875,34.86328125,10044
dead,after,0,0.0,3,1,34.86328125,35.859375,9302
dead,after,0,0.0,3,1,35.859375,36.85546875,8875
dead,after,0,0.0,3,1,36.85546875,37.8515625,8363
dead,after,0,0.0,3,1,37.8515625,38.84765625,7852
dead,after,0,0.0,3,1,38.84765625,39.84375,7523
dead,after,0,0.0,3,1,39.84375,40.83984375,7388
dead,after,0,0.0,3,1,40.83984375,41.8359375,6642
dead,after,0,0.0,3,1,41.8359375,42.83203125,6376
dead,after,0,0.0,3,1,42.83203125,43.828125,6097
dead,after,0,0.0,3,1,43.828125,44.82421875,5824
dead,after,0,0.0,3,1,44.82421875,45.8203125,5442
dead,after,0,0.0,3,1,45.8203125,46.81640625,5236
dead,after,0,0.0,3,1,46.81640625,47.8125,5027
dead,after,0,0.0,3,1,47.8125,48.80859375,4749
dead,after,0,0.0,3,1,48.80859375,49.8046875,4527
dead,after,0,0.0,3,1,49.8046875,50.80078125,4378
dead,after,0,0.0,3,1,50.80078125,51.796875,4164
dead,after,0,0.0,3,1,51.796875,52.79296875,4143
dead,after,0,0.0,3,1,52.79296875,53.7890625,3948
dead,after,0,0.0,3,1,53.7890625,54.78515625,3809
dead,after,0,0.0,3,1,54.78515625,55.78125,3830
dead,after,0,0.0,3,1,55.78125,56.77734375,3631
dead,after,0,0.0,3,1,56.77734375,57.7734375,3271
dead,after,0,0.0,3,1,57.7734375,58.76953125,3245
dead,after,0,0.0,3,1,58.76953125,59.765625,3138
dead,after,0,0.0,3,1,59.765625,60.76171875,3035
dead,after,0,0.0,3,1,60.76171875,61.7578125,2986
dead,after,0,0.0,3,1,61.7578125,62.75390625,2899
dead,after,0,0.0,3,1,62.75390625,63.75,2815
dead,after,0,0.0,3,1,63.75,64.74609375,2720
dead,after,0,0.0,3,1,64.74609375,65.7421875,2765
dead,after,0,0.0,3,1,65.7421875,66.73828125,2635
dead,after,0,0.0,3,1,66.73828125,67.734375,2701
dead,after,0,0.0,3,1,67.734375,68.73046875,2529
dead,after,0,0.0,3,1,68.73046875,69.7265625,2498
dead,after,0,0.0,3,1,69.7265625,70.72265625,2396
dead,after,0,0.0,3,1,70.72265625,71.71875,2386
dead,after,0,0.0,3,1,71.71875,72.71484375,2245
dead,after,0,0.0,3,1,72.71484375,73.7109375,2273
dead,after,0,0.0,3,1,73.7109375,74.70703125,2111
dead,after,0,0.0,3,1,74.70703125,75.703125,2167
dead,after,0,0.0,3,1,75.703125,76.69921875,2000
dead,after,0,0.0,3,1,76.69921875,77.6953125,1952
dead,after,0,0.0,3,1,77.6953125,78.69140625,2059
dead,after,0,0.0,3,1,78.69140625,79.6875,1915
dead,after,0,0.0,3,1,79.6875,80.68359375,1874
dead,after,0,0.0,3,1,80.68359375,81.6796875,1856
dead,after,0,0.0,3,1,81.6796875,82.67578125,1830
dead,after,0,0.0,3,1,82.67578125,83.671875,1732
dead,after,0,0.0,3,1,83.671875,84.66796875,1705
dead,after,0,0.0,3,1,84.66796875,85.6640625,1685
dead,after,0,0.0,3,1,85.6640625,86.66015625,1609
dead,after,0,0.0,3,1,86.66015625,87.65625,1615
dead,after,0,0.0,3,1,87.65625,88.65234375,1568
dead,after,0,0.0,3,1,88.65234375,89.6484375,1562
dead,after,0,0.0,3,1,89.6484375,90.64453125,1521
dead,after,0,0.0,3,1,90.64453125,91.640625,1455
dead,after,0,0.0,3,1,91.640625,92.63671875,1424
dead,after,0,0.0,3,1,92.63671875,93.6328125,1515
dead,after,0,0.0,3,1,93.6328125,94.62890625,1410
dead,after,0,0.0,3,1,94.62890625,95.625,1370
dead,after,0,0.0,3,1,95.625,96.62109375,1425
dead,after,0,0.0,3,1,96.62109375,97.6171875,1352
dead,after,0,0.0,3,1,97.6171875,98.61328125,1328
dead,after,0,0.0,3,1,98.61328125,99.609375,1281
dead,after,0,0.0,3,1,99.609375,100.60546875,1254
dead,after,0,0.0,3,1,100.60546875,101.6015625,1244
dead,after,0,0.0,3,1,101.6015625,102.59765625,1214
dead,after,0,0.0,3,1,102.59765625,103.59375,1243
dead,after,0,0.0,3,1,103.59375,104.58984375,1161
dead,after,0,0.0,3,1,104.58984375,105.5859375,1188
dead,after,0,0.0,3,1,105.5859375,106.58203125,1145
dead,after,0,0.0,3,1,106.58203125,107.578125,1165
dead,after,0,0.0,3,1,107.578125,108.57421875,1064
dead,after,0,0.0,3,1,108.57421875,109.5703125,1059
dead,after,0,0.0,3,1,109.5703125,110.56640625,1053
dead,after,0,0.0,3,1,110.56640625,111.5625,1049
dead,after,0,0.0,3,1,111.5625,112.55859375,1076
dead,after,0,0.0,3,1,112.55859375,113.5546875,1025
dead,after,0,0.0,3,1,113.5546875,114.55078125,1056
dead,after,0,0.0,3,1,114.55078125,115.546875,1021
dead,after,0,0.0,3,1,115.546875,116.54296875,1006
dead,after,0,0.0,3,1,116.54296875,117.5390625,937
dead,after,0,0.0,3,1,117.5390625,118.53515625,973
dead,after,0,0.0,3,1,118.53515625,119.53125,954
dead,after,0,0.0,3,1,119.53125,120.52734375,973
dead,after,0,0.0,3,1,120.52734375,121.5234375,978
dead,after,0,0.0,3,1,121.5234375,122.51953125,913
dead,after,0,0.0,3,1,122.51953125,123.515625,902
dead,after,0,0.0,3,1,123.515625,124.51171875,875
dead,after,0,0.0,3,1,124.51171875,125.5078125,856
dead,after,0,0.0,3,1,125.5078125,126.50390625,861
dead,after,0,0.0,3,1,126.50390625,127.5,868
dead,after,0,0.0,3,1,127.5,128.49609375,806
dead,after,0,0.0,3,1,128.49609375,129.4921875,772
dead,after,0,0.0,3,1,129.4921875,130.48828125,864
dead,after,0,0.0,3,1,130.48828125,131.484375,822
dead,after,0,0.0,3,1,131.484375,132.48046875,757
dead,after,0,0.0,3,1,132.48046875,133.4765625,812
dead,after,0,0.0,3,1,133.4765625,134.47265625,752
dead,after,0,0.0,3,1,134.47265625,135.46875,740
dead,after,0,0.0,3,1,135.46875,136.46484375,741
dead,after,0,0.0,3,1,136.46484375,137.4609375,702
dead,after,0,0.0,3,1,137.4609375,138.45703125,699
dead,after,0,0.0,3,1,138.45703125,139.453125,675
dead,after,0,0.0,3,1,139.453125,140.44921875,702
dead,after,0,0.0,3,1,140.44921875,141.4453125,632
dead,after,0,0.0,3,1,141.4453125,142.44140625,659
dead,after,0,0.0,3,1,142.44140625,143.4375,640
dead,after,0,0.0,3,1,143.4375,144.43359375,617
dead,after,0,0.0,3,1,144.43359375,145.4296875,618
dead,after,0,0.0,3,1,145.4296875,146.42578125,575
dead,after,0,0.0,3,1,146.42578125,147.421875,592
dead,after,0,0.0,3,1,147.421875,148.41796875,608
dead,after,0,0.0,3,1,148.41796875,149.4140625,588
dead,after,0,0.0,3,1,149.4140625,150.41015625,586
dead,after,0,0.0,3,1,150.41015625,151.40625,533
dead,after,0,0.0,3,1,151.40625,152.40234375,521
dead,after,0,0.0,3,1,152.40234375,153.3984375,510
dead,after,0,0.0,3,1,153.3984375,154.39453125,519
dead,after,0,0.0,3,1,154.39453125,155.390625,532
dead,after,0,0.0,3,1,155.390625,156.38671875,540
dead,after,0,0.0,3,1,156.38671875,157.3828125,471
dead,after,0,0.0,3,1,157.3828125,158.37890625,458
dead,after,0,0.0,3,1,158.37890625,159.375,469
dead,after,0,0.0,3,1,159.375,160.37109375,471
dead,after,0,0.0,3,1,160.37109375,161.3671875,452
dead,after,0,0.0,3,1,161.3671875,162.36328125,463
dead,after,0,0.0,3,1,162.36328125,163.359375,449
dead,after,0,0.0,3,1,163.359375,164.35546875,441
dead,after,0,0.0,3,1,164.35546875,165.3515625,444
dead,after,0,0.0,3,1,165.3515625,166.34765625,409
dead,after,0,0.0,3,1,166.34765625,167.34375,440
dead,after,0,0.0,3,1,167.34375,168.33984375,429
dead,after,0,0.0,3,1,168.33984375,169.3359375,393
dead,after,0,0.0,3,1,169.3359375,170.33203125,388
dead,after,0,0.0,3,1,170.33203125,171.328125,376
dead,after,0,0.0,3,1,171.328125,172.32421875,347
dead,after,0,0.0,3,1,172.32421875,173.3203125,371
dead,after,0,0.0,3,1,173.3203125,174.31640625,372
dead,after,0,0.0,3,1,174.31640625,175.3125,391
dead,after,0,0.0,3,1,175.3125,176.30859375,345
dead,after,0,0.0,3,1,176.30859375,177.3046875,373
dead,after,0,0.0,3,1,177.3046875,178.30078125,346
dead,after,0,0.0,3,1,178.30078125,179.296875,366
dead,after,0,0.0,3,1,179.296875,180.29296875,328
dead,after,0,0.0,3,1,180.29296875,181.2890625,333
dead,after,0,0.0,3,1,181.2890625,182.28515625,352
dead,after,0,0.0,3,1,182.28515625,183.28125,328
dead,after,0,0.0,3,1,183.28125,184.27734375,341
dead,after,0,0.0,3,1,184.27734375,185.2734375,322
dead,after,0,0.0,3,1,185.2734375,186.26953125,291
dead,after,0,0.0,3,1,186.26953125,187.265625,287
dead,after,0,0.0,3,1,187.265625,188.26171875,266
dead,after,0,0.0,3,1,188.26171875,189.2578125,252
dead,after,0,0.0,3,1,189.2578125,190.25390625,265
dead,after,0,0.0,3,1,190.25390625,191.25,267
dead,after,0,0.0,3,1,191.25,192.24609375,245
dead,after,0,0.0,3,1,192.24609375,193.2421875,230
dead,after,0,0.0,3,1,193.2421875,194.23828125,279
dead,after,0,0.0,3,1,194.23828125,195.234375,242
dead,after,0,0.0,3,1,195.234375,196.23046875,240
dead,after,0,0.0,3,1,196.23046875,197.2265625,248
dead,after,0,0.0,3,1,197.2265625,198.22265625,226
dead,after,0,0.0,3,1,198.22265625,199.21875,242
dead,after,0,0.0,3,1,199.21875,200.21484375,232
dead,after,0,0.0,3,1,200.21484375,201.2109375,217
dead,after,0,0.0,3,1,201.2109375,202.20703125,190
dead,after,0,0.0,3,1,202.20703125,203.203125,191
dead,after,0,0.0,3,1,203.203125,204.19921875,201
dead,after,0,0.0,3,1,204.19921875,205.1953125,240
dead,after,0,0.0,3,1,205.1953125,206.19140625,191
dead,after,0,0.0,3,1,206.19140625,207.1875,190
dead,after,0,0.0,3,1,207.1875,208.18359375,197
dead,after,0,0.0,3,1,208.18359375,209.1796875,191
dead,after,0,0.0,3,1,209.1796875,210.17578125,175
dead,after,0,0.0,3,1,210.17578125,211.171875,192
dead,after,0,0.0,3,1,211.171875,212.16796875,183
dead,after,0,0.0,3,1,212.16796875,213.1640625,180
dead,after,0,0.0,3,1,213.1640625,214.16015625,182
dead,after,0,0.0,3,1,214.16015625,215.15625,153
dead,after,0,0.0,3,1,215.15625,216.15234375,175
dead,after,0,0.0,3,1,216.15234375,217.1484375,168
dead,after,0,0.0,3,1,217.1484375,218.14453125,164
dead,after,0,0.0,3,1,218.14453125,219.140625,147
dead,after,0,0.0,3,1,219.140625,220.13671875,165
dead,after,0,0.0,3,1,220.13671875,221.1328125,154
dead,after,0,0.0,3,1,221.1328125,222.12890625,171
dead,after,0,0.0,3,1,222.12890625,223.125,179
dead,after,0,0.0,3,1,223.125,224.12109375,173
dead,after,0,0.0,3,1,224.12109375,225.1171875,168
dead,after,0,0.0,3,1,225.1171875,226.11328125,140
dead,after,0,0.0,3,1,226.11328125,227.109375,159
dead,after,0,0.0,3,1,227.109375,228.10546875,153
dead,after,0,0.0,3,1,228.10546875,229.1015625,165
dead,after,0,0.0,3,1,229.1015625,230.09765625,184
dead,after,0,0.0,3,1,230.09765625,231.09375,196
dead,after,0,0.0,3,1,231.09375,232.08984375,162
dead,after,0,0.0,3,1,232.08984375,233.0859375,186
dead,after,0,0.0,3,1,233.0859375,234.08203125,216
dead,after,0,0.0,3,1,234.08203125,235.078125,233
dead,after,0,0.0,3,1,235.078125,236.07421875,261
dead,after,0,0.0,3,1,236.07421875,237.0703125,349
dead,after,0,0.0,3,1,237.0703125,238.06640625,770
dead,after,0,0.0,3,1,238.06640625,239.0625,340
dead,after,0,0.0,3,1,239.0625,240.05859375,0
dead,after,0,0.0,3,1,240.05859375,241.0546875,0
dead,after,0,0.0,3,1,241.0546875,242.05078125,0
dead,after,0,0.0,3,1,242.05078125,243.046875,0
dead,after,0,0.0,3,1,243.046875,244.04296875,0
dead,after,0,0.0,3,1,244.04296875,245.0390625,0
dead,after,0,0.0,3,1,245.0390625,246.03515625,0
dead,after,0,0.0,3,1,246.03515625,247.03125,0
dead,after,0,0.0,3,1,247.03125,248.02734375,0
dead,after,0,0.0,3,1,248.02734375,249.0234375,0
dead,after,0,0.0,3,1,249.0234375,250.01953125,0
dead,after,0,0.0,3,1,250.01953125,251.015625,0
dead,after,0,0.0,3,1,251.015625,252.01171875,0
dead,after,0,0.0,3,1,252.01171875,253.0078125,0
dead,after,0,0.0,3,1,253.0078125,254.00390625,0
dead,after,0,0.0,3,1,254.00390625,255.0,0
cell,before,0,0.0,3,0,0.0,0.99609375,0
cell,before,0,0.0,3,0,0.99609375,1.9921875,0
cell,before,0,0.0,3,0,1.9921875,2.98828125,0
cell,before,0,0.0,3,0,2.98828125,3.984375,0
cell,before,0,0.0,3,0,3.984375,4.98046875,0
cell,before,0,0.0,3,0,4.98046875,5.9765625,0
cell,before,0,0.0,3,0,5.9765625,6.97265625,0
cell,before,0,0.0,3,0,6.97265625,7.96875,0
cell,before,0,0.0,3,0,7.96875,8.96484375,0
cell,before,0,0.0,3,0,8.96484375,9.9609375,0
cell,before,0,0.0,3,0,9.9609375,10.95703125,0
cell,before,0,0.0,3,0,10.95703125,11.953125,0
cell,before,0,0.0,3,0,11.953125,12.94921875,0
cell,before,0,0.0,3,0,12.94921875,13.9453125,0
cell,before,0,0.0,3,0,13.9453125,14.94140625,0
cell,before,0,0.0,3,0,14.94140625,15.9375,0
cell,before,0,0.0,3,0,15.9375,16.93359375,0
cell,before,0,0.0,3,0,16.93359375,17.9296875,0
cell,before,0,0.0,3,0,17.9296875,18.92578125,0
cell,before,0,0.0,3,0,18.92578125,19.921875,0
cell,before,0,0.0,3,0,19.921875,20.91796875,0
cell,before,0,0.0,3,0,20.91796875,21.9140625,0
cell,before,0,0.0,3,0,21.9140625,22.91015625,0
cell,before,0,0.0,3,0,22.91015625,23.90625,0
cell,before,0,0.0,3,0,23.90625,24.90234375,0
cell,before,0,0.0,3,0,24.90234375,25.8984375,0
cell,before,0,0.0,3,0,25.8984375,26.89453125,0
cell,before,0,0.0,3,0,26.89453125,27.890625,0
cell,before,0,0.0,3,0,27.890625,28.88671875,0
cell,before,0,0.0,3,0,28.88671875,29.8828125,0
cell,before,0,0.0,3,0,29.8828125,30.87890625,0
cell,before,0,0.0,3,0,30.87890625,31.875,0
cell,before,0,0.0,3,0,31.875,32.87109375,0
cell,before,0,0.0,3,0,32.87109375,33.8671875,0
cell,before,0,0.0,3,0,33.8671875,34.86328125,0
cell,before,0,0.0,3,0,34.86328125,35.859375,0
cell,before,0,0.0,3,0,35.859375,36.85546875,0
cell,before,0,0.0,3,0,36.85546875,37.8515625,0
cell,before,0,0.0,3,0,37.8515625,38.84765625,0
cell,before,0,0.0,3,0,38.84765625,39.84375,0
cell,before,0,0.0,3,0,39.84375,40.83984375,0
cell,before,0,0.0,3,0,40.83984375,41.8359375,0
cell,before,0,0.0,3,0,41.8359375,42.83203125,0
cell,before,0,0.0,3,0,42.83203125,43.828125,0
cell,before,0,0.0,3,0,43.828125,44.82421875,0
cell,before,0,0.0,3,0,44.82421875,45.8203125,0
cell,before,0,0.0,3,0,45.8203125,46.81640625,0
cell,before,0,0.0,3,0,46.81640625,47.8125,0
cell,before,0,0.0,3,0,47.8125,48.80859375,0
cell,before,0,0.0,3,0,48.80859375,49.8046875,0
cell,before,0,0.0,3,0,49.8046875,50.80078125,0
cell,before,0,0.0,3,0,50.80078125,51.796875,0
cell,before,0,0.0,3,0,51.796875,52.79296875,0
cell,before,0,0.0,3,0,52.79296875,53.7890625,0
cell,before,0,0.0,3,0,53.7890625,54.78515625,0
cell,before,0,0.0,3,0,54.78515625,55.78125,0
cell,before,0,0.0,3,0,55.78125,56.77734375,0
cell,before,0,0.0,3,0,56.77734375,57.7734375,0
cell,before,0,0.0,3,0,57.7734375,58.76953125,0
cell,before,0,0.0,3,0,58.76953125,59.765625,0
cell,before,0,0.0,3,0,59.765625,60.76171875,0
cell,before,0,0.0,3,0,60.76171875,61.7578125,0
cell,before,0,0.0,3,0,61.7578125,62.75390625,0
cell,before,0,0.0,3,0,62.75390625,63.75,0
cell,before,0,0.0,3,0,63.75,64.74609375,0
cell,before,0,0.0,3,0,64.74609375,65.7421875,0
cell,before,0,0.0,3,0,65.7421875,66.73828125,0
cell,before,0,0.0,3,0,66.73828125,67.734375,0
cell,before,0,0.0,3,0,67.734375,68.73046875,0
cell,before,0,0.0,3,0,68.73046875,69.7265625,0
cell,before,0,0.0,3,0,69.7265625,70.72265625,0
cell,before,0,0.0,3,0,70.72265625,71.71875,0
cell,before,0,0.0,3,0,71.71875,72.71484375,0
cell,before,0,0.0,3,0,72.71484375,73.7109375,0
cell,before,0,0.0,3,0,73.7109375,74.70703125,0
cell,before,0,0.0,3,0,74.70703125,75.703125,0
cell,before,0,0.0,3,0,75.703125,76.69921875,0
cell,before,0,0.0,3,0,76.69921875,77.6953125,0
cell,before,0,0.0,3,0,77.6953125,78.69140625,0
cell,before,0,0.0,3,0,78.69140625,79.6875,0
cell,before,0,0.0,3,0,79.6875,80.68359375,0
cell,before,0,0.0,3,0,80.68359375,81.6796875,0
cell,before,0,0.0,3,0,81.6796875,82.67578125,0
cell,before,0,0.0,3,0,82.67578125,83.671875,0
cell,before,0,0.0,3,0,83.671875,84.66796875,0
cell,before,0,0.0,3,0,84.66796875,85.6640625,0
cell,before,0,0.0,3,0,85.6640625,86.66015625,0
cell,before,0,0.0,3,0,86.66015625,87.65625,0
cell,before,0,0.0,3,0,87.65625,88.65234375,0
cell,before,0,0.0,3,0,88.65234375,89.6484375,0
cell,before,0,0.0,3,0,89.6484375,90.64453125,0
cell,before,0,0.0,3,0,90.64453125,91.640625,0
cell,before,0,0.0,3,0,91.640625,92.63671875,0
cell,before,0,0.0,3,0,92.63671875,93.6328125,0
cell,before,0,0.0,3,0,93.6328125,94.62890625,0
cell,before,0,0.0,3,0,94.62890625,95.625,0
cell,before,0,0.0,3,0,95.625,96.62109375,0
cell,before,0,0.0,3,0,96.62109375,97.6171875,0
cell,before,0,0.0,3,0,97.6171875,98.61328125,0
cell,before,0,0.0,3,0,98.61328125,99.609375,0
cell,before,0,0.0,3,0,99.609375,100.60546875,0
cell,before,0,0.0,3,0,100.60546875,101.6015625,0
cell,before,0,0.0,3,0,101.6015625,102.59765625,0
cell,before,0,0.0,3,0,102.59765625,103.59375,0
cell,before,0,0.0,3,0,103.59375,104.58984375,0
cell,before,0,0.0,3,0,104.58984375,105.5859375,0
cell,before,0,0.0,3,0,105.5859375,106.58203125,0
cell,before,0,0.0,3,0,106.58203125,107.578125,0
cell,before,0,0.0,3,0,107.578125,108.57421875,0
cell,before,0,0.0,3,0,108.57421875,109.5703125,0
cell,before,0,0.0,3,0,109.5703125,110.56640625,0
cell,before,0,0.0,3,0,110.56640625,111.5625,0
cell,before,0,0.0,3,0,111.5625,112.55859375,0
cell,before,0,0.0,3,0,112.55859375,113.5546875,0
cell,before,0,0.0,3,0,113.5546875,114.55078125,0
cell,before,0,0.0,3,0,114.55078125,115.546875,0
cell,before,0,0.0,3,0,115.546875,116.54296875,0
cell,before,0,0.0,3,0,116.54296875,117.5390625,0
cell,before,0,0.0,3,0,117.5390625,118.53515625,0
cell,before,0,0.0,3,0,118.53515625,119.53125,0
cell,before,0,0.0,3,0,119.53125,120.52734375,0
cell,before,0,0.0,3,0,120.52734375,121.5234375,0
cell,before,0,0.0,3,0,121.5234375,122.51953125,0
cell,before,0,0.0,3,0,122.51953125,123.515625,0
cell,before,0,0.0,3,0,123.515625,124.51171875,0
cell,before,0,0.0,3,0,124.51171875,125.5078125,0
cell,before,0,0.0,3,0,125.5078125,126.50390625,0
cell,before,0,0.0,3,0,126.50390625,127.5,0
cell,before,0,0.0,3,0,127.5,128.49609375,0
cell,before,0,0.0,3,0,128.49609375,129.4921875,0
cell,before,0,0.0,3,0,129.4921875,130.48828125,0
cell,before,0,0.0,3,0,130.48828125,131.484375,0
cell,before,0,0.0,3,0,131.484375,132.48046875,0
cell,before,0,0.0,3,0,132.48046875,133.4765625,0
cell,before,0,0.0,3,0,133.4765625,134.47265625,0
cell,before,0,0.0,3,0,134.47265625,135.46875,0
cell,before,0,0.0,3,0,135.46875,136.46484375,0
cell,before,0,0.0,3,0,136.46484375,137.4609375,0
cell,before,0,0.0,3,0,137.4609375,138.45703125,0
cell,before,0,0.0,3,0,138.45703125,139.453125,0
cell,before,0,0.0,3,0,139.453125,140.44921875,0
cell,before,0,0.0,3,0,140.44921875,141.4453125,0
cell,before,0,0.0,3,0,141.4453125,142.44140625,0
cell,before,0,0.0,3,0,142.44140625,143.4375,0
cell,before,0,0.0,3,0,143.4375,144.43359375,0
cell,before,0,0.0,3,0,144.43359375,145.4296875,0
cell,before,0,0.0,3,0,145.4296875,146.42578125,0
cell,before,0,0.0,3,0,146.42578125,147.421875,0
cell,before,0,0.0,3,0,147.421875,148.41796875,0
cell,before,0,0.0,3,0,148.41796875,149.4140625,0
cell,before,0,0.0,3,0,149.4140625,150.41015625,0
cell,before,0,0.0,3,0,150.41015625,151.40625,0
cell,before,0,0.0,3,0,151.40625,152.40234375,0
cell,before,0,0.0,3,0,152.40234375,153.3984375,0
cell,before,0,0.0,3,0,153.3984375,154.39453125,0
cell,before,0,0.0,3,0,154.39453125,155.390625,0
cell,before,0,0.0,3,0,155.390625,156.38671875,0
cell,before,0,0.0,3,0,156.38671875,157.3828125,0
cell,before,0,0.0,3,0,157.3828125,158.37890625,0
cell,before,0,0.0,3,0,158.37890625,159.375,0
cell,before,0,0.0,3,0,159.375,160.37109375,0
cell,before,0,0.0,3,0,160.37109375,161.3671875,0
cell,before,0,0.0,3,0,161.3671875,162.36328125,0
cell,before,0,0.0,3,0,162.36328125,163.359375,0
cell,before,0,0.0,3,0,163.359375,164.35546875,0
cell,before,0,0.0,3,0,164.35546875,165.3515625,0
cell,before,0,0.0,3,0,165.3515625,166.34765625,0
cell,before,0,0.0,3,0,166.34765625,167.34375,0
cell,before,0,0.0,3,0,167.34375,168.33984375,0
cell,before,0,0.0,3,0,168.33984375,169.3359375,0
cell,before,0,0.0,3,0,169.3359375,170.33203125,0
cell,before,0,0.0,3,0,170.33203125,171.328125,0
cell,before,0,0.0,3,0,171.328125,172.32421875,0
cell,before,0,0.0,3,0,172.32421875,173.3203125,0
cell,before,0,0.0,3,0,173.3203125,174.31640625,0
cell,before,0,0.0,3,0,174.31640625,175.3125,0
cell,before,0,0.0,3,0,175.3125,176.30859375,0
cell,before,0,0.0,3,0,176.30859375,177.3046875,0
cell,before,0,0.0,3,0,177.3046875,178.30078125,0
cell,before,0,0.0,3,0,178.30078125,179.296875,0
cell,before,0,0.0,3,0,179.296875,180.29296875,0
cell,before,0,0.0,3,0,180.29296875,181.2890625,0
cell,before,0,0.0,3,0,181.2890625,182.28515625,0
cell,before,0,0.0,3,0,182.28515625,183.28125,0
cell,before,0,0.0,3,0,183.28125,184.27734375,0
cell,before,0,0.0,3,0,184.27734375,185.2734375,0
cell,before,0,0.0,3,0,185.2734375,186.26953125,0
cell,before,0,0.0,3,0,186.26953125,187.265625,0
cell,before,0,0.0,3,0,187.265625,188.26171875,0
cell,before,0,0.0,3,0,188.26171875,189.2578125,0
cell,before,0,0.0,3,0,189.2578125,190.25390625,0
cell,before,0,0.0,3,0,190.25390625,191.25,0
cell,before,0,0.0,3,0,191.25,192.24609375,0
cell,before,0,0.0,3,0,192.24609375,193.2421875,0
cell,before,0,0.0,3,0,193.2421875,194.23828125,0
cell,before,0,0.0,3,0,194.23828125,195.234375,0
cell,before,0,0.0,3,0,195.234375,196.23046875,0
cell,before,0,0.0,3,0,196.23046875,197.2265625,0
cell,before,0,0.0,3,0,197.2265625,198.22265625,0
cell,before,0,0.0,3,0,198.22265625,199.21875,0
cell,before,0,0.0,3,0,199.21875,200.21484375,0
cell,before,0,0.0,3,0,200.21484375,201.2109375,0
cell,before,0,0.0,3,0,201.2109375,202.20703125,0
cell,before,0,0.0,3,0,202.20703125,203.203125,0
cell,before,0,0.0,3,0,203.203125,204.19921875,0
cell,before,0,0.0,3,0,204.19921875,205.1953125,0
cell,before,0,0.0,3,0,205.1953125,206.19140625,0
cell,before,0,0.0,3,0,206.19140625,207.1875,0
cell,before,0,0.0,3,0,207.1875,208.18359375,0
cell,before,0,0.0,3,0,208.18359375,209.1796875,0
cell,before,0,0.0,3,0,209.1796875,210.17578125,0
cell,before,0,0.0,3,0,210.17578125,211.171875,0
cell,before,0,0.0,3,0,211.171875,212.16796875,0
cell,before,0,0.0,3,0,212.16796875,213.1640625,0
cell,before,0,0.0,3,0,213.1640625,214.16015625,0
cell,before,0,0.0,3,0,214.16015625,215.15625,0
cell,before,0,0.0,3,0,215.15625,216.15234375,0
cell,before,0,0.0,3,0,216.15234375,217.1484375,0
cell,before,0,0.0,3,0,217.1484375,218.14453125,0
cell,before,0,0.0,3,0,218.14453125,219.140625,0
cell,before,0,0.0,3,0,219.140625,220.13671875,0
cell,before,0,0.0,3,0,220.13671875,221.1328125,0
cell,before,0,0.0,3,0,221.1328125,222.12890625,0
cell,before,0,0.0,3,0,222.12890625,223.125,0
cell,before,0,0.0,3,0,223.125,224.12109375,0
cell,before,0,0.0,3,0,224.12109375,225.1171875,0
cell,before,0,0.0,3,0,225.1171875,226.11328125,0
cell,before,0,0.0,3,0,226.11328125,227.109375,0
cell,before,0,0.0,3,0,227.109375,228.10546875,0
cell,before,0,0.0,3,0,228.10546875,229.1015625,0
cell,before,0,0.0,3,0,229.1015625,230.09765625,0
cell,before,0,0.0,3,0,230.09765625,231.09375,0
cell,before,0,0.0,3,0,231.09375,232.08984375,0
cell,before,0,0.0,3,0,232.08984375,233.0859375,0
cell,before,0,0.0,3,0,233.0859375,234.08203125,0
cell,before,0,0.0,3,0,234.08203125,235.078125,0
cell,before,0,0.0,3,0,235.078125,236.07421875,0
cell,before,0,0.0,3,0,236.07421875,237.0703125,0
cell,before,0,0.0,3,0,237.0703125,238.06640625,0
cell,before,0,0.0,3,0,238.06640625,239.0625,0
cell,before,0,0.0,3,0,239.0625,240.05859375,0
cell,before,0,0.0,3,0,240.05859375,241.0546875,0
cell,before,0,0.0,3,0,241.0546875,242.05078125,0
cell,before,0,0.0,3,0,242.05078125,243.046875,0
cell,before,0,0.0,3,0,243.046875,244.04296875,0
cell,before,0,0.0,3,0,244.04296875,245.0390625,0
cell,before,0,0.0,3,0,245.0390625,246.03515625,0
cell,before,0,0.0,3,0,246.03515625,247.03125,0
cell,before,0,0.0,3,0,247.03125,248.02734375,0
cell,before,0,0.0,3,0,248.02734375,249.0234375,0
cell,before,0,0.0,3,0,249.0234375,250.01953125,0
cell,before,0,0.0,3,0,250.01953125,251.015625,0
cell,before,0,0.0,3,0,251.015625,252.01171875,0
cell,before,0,0.0,3,0,252.01171875,253.0078125,0
cell,before,0,0.0,3,0,253.0078125,254.00390625,0
cell,before,0,0.0,3,0,254.00390625,255.0,0
cell,after,0,0.0,3,0,0.0,0.99609375,0
cell,after,0,0.0,3,0,0.99609375,1.9921875,0
cell,after,0,0.0,3,0,1.9921875,2.98828125,0
cell,after,0,0.0,3,0,2.98828125,3.984375,0
cell,after,0,0.0,3,0,3.984375,4.98046875,0
cell,after,0,0.0,3,0,4.98046875,5.9765625,0
cell,after,0,0.0,3,0,5.9765625,6.97265625,0
cell,after,0,0.0,3,0,6.97265625,7.96875,0
cell,after,0,0.0,3,0,7.96875,8.96484375,0
cell,after,0,0.0,3,0,8.96484375,9.9609375,0
cell,after,0,0.0,3,0,9.9609375,10.95703125,0
cell,after,0,0.0,3,0,10.95703125,11.953125,0
cell,after,0,0.0,3,0,11.953125,12.94921875,0
cell,after,0,0.0,3,0,12.94921875,13.9453125,0
cell,after,0,0.0,3,0,13.9453125,14.94140625,0
cell,after,0,0.0,3,0,14.94140625,15.9375,0
cell,after,0,0.0,3,0,15.9375,16.93359375,0
cell,after,0,0.0,3,0,16.93359375,17.9296875,0
cell,after,0,0.0,3,0,17.9296875,18.92578125,0
cell,after,0,0.0,3,0,18.92578125,19.921875,0
cell,after,0,0.0,3,0,19.921875,20.91796875,0
cell,after,0,0.0,3,0,20.91796875,21.9140625,0
cell,after,0,0.0,3,0,21.9140625,22.91015625,0
cell,after,0,0.0,3,0,22.91015625,23.90625,0
cell,after,0,0.0,3,0,23.90625,24.90234375,0
cell,after,0,0.0,3,0,24.90234375,25.8984375,0
cell,after,0,0.0,3,0,25.8984375,26.89453125,0
cell,after,0,0.0,3,0,26.89453125,27.890625,0
cell,after,0,0.0,3,0,27.890625,28.88671875,0
cell,after,0,0.0,3,0,28.88671875,29.8828125,0
cell,after,0,0.0,3,0,29.8828125,30.87890625,0
cell,after,0,0.0,3,0,30.87890625,31.875,0
cell,after,0,0.0,3,0,31.875,32.87109375,0
cell,after,0,0.0,3,0,32.87109375,33.8671875,0
cell,after,0,0.0,3,0,33.8671875,34.86328125,0
cell,after,0,0.0,3,0,34.86328125,35.859375,0
cell,after,0,0.0,3,0,35.859375,36.85546875,0
cell,after,0,0.0,3,0,36.85546875,37.8515625,0
cell,after,0,0.0,3,0,37.8515625,38.84765625,0
cell,after,0,0.0,3,0,38.84765625,39.84375,0
cell,after,0,0.0,3,0,39.84375,40.83984375,0
cell,after,0,0.0,3,0,40.83984375,41.8359375,0
cell,after,0,0.0,3,0,41.8359375,42.83203125,0
cell,after,0,0.0,3,0,42.83203125,43.828125,0
cell,after,0,0.0,3,0,43.828125,44.82421875,0
cell,after,0,0.0,3,0,44.82421875,45.8203125,0
cell,after,0,0.0,3,0,45.8203125,46.81640625,0
cell,after,0,0.0,3,0,46.81640625,47.8125,0
cell,after,0,0.0,3,0,47.8125,48.80859375,0
cell,after,0,0.0,3,0,48.80859375,49.8046875,0
cell,after,0,0.0,3,0,49.8046875,50.80078125,0
cell,after,0,0.0,3,0,50.80078125,51.796875,0
cell,after,0,0.0,3,0,51.796875,52.79296875,0
cell,after,0,0.0,3,0,52.79296875,53.7890625,0
cell,after,0,0.0,3,0,53.7890625,54.78515625,0
cell,after,0,0.0,3,0,54.78515625,55.78125,0
cell,after,0,0.0,3,0,55.78125,56.77734375,0
cell,after,0,0.0,3,0,56.77734375,57.7734375,0
cell,after,0,0.0,3,0,57.7734375,58.76953125,0
cell,after,0,0.0,3,0,58.76953125,59.765625,0
cell,after,0,0.0,3,0,59.765625,60.76171875,0
cell,after,0,0.0,3,0,60.76171875,61.7578125,0
cell,after,0,0.0,3,0,61.7578125,62.75390625,0
cell,after,0,0.0,3,0,62.75390625,63.75,0
cell,after,0,0.0,3,0,63.75,64.74609375,0
cell,after,0,0.0,3,0,64.74609375,65.7421875,0
cell,after,0,0.0,3,0,65.7421875,66.73828125,0
cell,after,0,0.0,3,0,66.73828125,67.734375,0
cell,after,0,0.0,3,0,67.734375,68.73046875,0
cell,after,0,0.0,3,0,68.73046875,69.7265625,0
cell,after,0,0.0,3,0,69.7265625,70.72265625,0
cell,after,0,0.0,3,0,70.72265625,71.71875,0
cell,after,0,0.0,3,0,71.71875,72.71484375,0
cell,after,0,0.0,3,0,72.71484375,73.7109375,0
cell,after,0,0.0,3,0,73.7109375,74.70703125,0
cell,after,0,0.0,3,0,74.70703125,75.703125,0
cell,after,0,0.0,3,0,75.703125,76.69921875,0
cell,after,0,0.0,3,0,76.69921875,77.6953125,0
cell,after,0,0.0,3,0,77.6953125,78.69140625,0
cell,after,0,0.0,3,0,78.69140625,79.6875,0
cell,after,0,0.0,3,0,79.6875,80.68359375,0
cell,after,0,0.0,3,0,80.68359375,81.6796875,0
cell,after,0,0.0,3,0,81.6796875,82.67578125,0
cell,after,0,0.0,3,0,82.67578125,83.671875,0
cell,after,0,0.0,3,0,83.671875,84.66796875,0
cell,after,0,0.0,3,0,84.66796875,85.6640625,0
cell,after,0,0.0,3,0,85.6640625,86.66015625,0
cell,after,0,0.0,3,0,86.66015625,87.65625,0
cell,after,0,0.0,3,0,87.65625,88.65234375,0
cell,after,0,0.0,3,0,88.65234375,89.6484375,0
cell,after,0,0.0,3,0,89.6484375,90.64453125,0
cell,after,0,0.0,3,0,90.64453125,91.640625,0
cell,after,0,0.0,3,0,91.640625,92.63671875,0
cell,after,0,0.0,3,0,92.63671875,93.6328125,0
cell,after,0,0.0,3,0,93.6328125,94.62890625,0
cell,after,0,0.0,3,0,94.62890625,95.625,0
cell,after,0,0.0,3,0,95.625,96.62109375,0
cell,after,0,0.0,3,0,96.62109375,97.6171875,0
cell,after,0,0.0,3,0,97.6171875,98.61328125,0
cell,after,0,0.0,3,0,98.61328125,99.609375,0
cell,after,0,0.0,3,0,99.609375,100.60546875,0
cell,after,0,0.0,3,0,100.60546875,101.6015625,0
cell,after,0,0.0,3,0,101.6015625,102.59765625,0
cell,after,0,0.0,3,0,102.59765625,103.59375,0
cell,after,0,0.0,3,0,103.59375,104.58984375,0
cell,after,0,0.0,3,0,104.58984375,105.5859375,0
cell,after,0,0.0,3,0,105.5859375,106.58203125,0
cell,after,0,0.0,3,0,106.58203125,107.578125,0
cell,after,0,0.0,3,0,107.578125,108.57421875,0
cell,after,0,0.0,3,0,108.57421875,109.5703125,0
cell,after,0,0.0,3,0,109.5703125,110.56640625,0
cell,after,0,0.0,3,0,110.56640625,111.5625,0
cell,after,0,0.0,3,0,111.5625,112.55859375,0
cell,after,0,0.0,3,0,112.55859375,113.5546875,0
cell,after,0,0.0,3,0,113.5546875,114.55078125,0
cell,after,0,0.0,3,0,114.55078125,115.546875,0
cell,after,0,0.0,3,0,115.546875,116.54296875,0
cell,after,0,0.0,3,0,116.54296875,117.5390625,0
cell,after,0,0.0,3,0,117.5390625,118.53515625,0
cell,after,0,0.0,3,0,118.53515625,119.53125,0
cell,after,0,0.0,3,0,119.53125,120.52734375,0
cell,after,0,0.0,3,0,120.52734375,121.5234375,0
cell,after,0,0.0,3,0,121.5234375,122.51953125,0
cell,after,0,0.0,3,0,122.51953125,123.515625,0
cell,after,0,0.0,3,0,123.515625,124.51171875,0
cell,after,0,0.0,3,0,124.51171875,125.5078125,0
cell,after,0,0.0,3,0,125.5078125,126.50390625,0
cell,after,0,0.0,3,0,126.50390625,127.5,0
cell,after,0,0.0,3,0,127.5,128.49609375,0
cell,after,0,0.0,3,0,128.49609375,129.4921875,0
cell,after,0,0.0,3,0,129.4921875,130.48828125,0
cell,after,0,0.0,3,0,130.48828125,131.484375,0
cell,after,0,0.0,3,0,131.484375,132.48046875,0
cell,after,0,0.0,3,0,132.48046875,133.4765625,0
cell,after,0,0.0,3,0,133.4765625,134.47265625,0
cell,after,0,0.0,3,0,134.47265625,135.46875,0
cell,after,0,0.0,3,0,135.46875,136.46484375,0
cell,after,0,0.0,3,0,136.46484375,137.4609375,0
cell,after,0,0.0,3,0,137.4609375,138.45703125,0
cell,after,0,0.0,3,0,138.45703125,139.453125,0
cell,after,0,0.0,3,0,139.453125,140.44921875,0
cell,after,0,0.0,3,0,140.44921875,141.4453125,0
cell,after,0,0.0,3,0,141.4453125,142.44140625,0
cell,after,0,0.0,3,0,142.44140625,143.4375,0
cell,after,0,0.0,3,0,143.4375,144.43359375,0
cell,after,0,0.0,3,0,144.43359375,145.4296875,0
cell,after,0,0.0,3,0,145.4296875,146.42578125,0
cell,after,0,0.0,3,0,146.42578125,147.421875,0
cell,after,0,0.0,3,0,147.421875,148.41796875,0
cell,after,0,0.0,3,0,148.41796875,149.4140625,0
cell,after,0,0.0,3,0,149.4140625,150.41015625,0
cell,after,0,0.0,3,0,150.41015625,151.40625,0
cell,after,0,0.0,3,0,151.40625,152.40234375,0
cell,after,0,0.0,3,0,152.40234375,153.3984375,0
cell,after,0,0.0,3,0,153.3984375,154.39453125,0
cell,after,0,0.0,3,0,154.39453125,155.390625,0
cell,after,0,0.0,3,0,155.390625,156.38671875,0
cell,after,0,0.0,3,0,156.38671875,157.3828125,0
cell,after,0,0.0,3,0,157.3828125,158.37890625,0
cell,after,0,0.0,3,0,158.37890625,159.375,0
cell,after,0,0.0,3,0,159.375,160.37109375,0
cell,after,0,0.0,3,0,160.37109375,161.3671875,0
cell,after,0,0.0,3,0,161.3671875,162.36328125,0
cell,after,0,0.0,3,0,162.36328125,163.359375,0
cell,after,0,0.0,3,0,163.359375,164.35546875,0
cell,after,0,0.0,3,0,164.35546875,165.3515625,0
cell,after,0,0.0,3,0,165.3515625,166.34765625,0
cell,after,0,0.0,3,0,166.34765625,167.34375,0
cell,after,0,0.0,3,0,167.34375,168.33984375,0
cell,after,0,0.0,3,0,168.33984375,169.3359375,0
cell,after,0,0.0,3,0,169.3359375,170.33203125,0
cell,after,0,0.0,3,0,170.33203125,171.328125,0
cell,after,0,0.0,3,0,171.328125,172.32421875,0
cell,after,0,0.0,3,0,172.32421875,173.3203125,0
cell,after,0,0.0,3,0,173.3203125,174.31640625,0
cell,after,0,0.0,3,0,174.31640625,175.3125,0
cell,after,0,0.0,3,0,175.3125,176.30859375,0
cell,after,0,0.0,3,0,176.30859375,177.3046875,0
cell,after,0,0.0,3,0,177.3046875,178.30078125,0
cell,after,0,0.0,3,0,178.30078125,179.296875,0
cell,after,0,0.0,3,0,179.296875,180.29296875,0
cell,after,0,0.0,3,0,180.29296875,181.2890625,0
cell,after,0,0.0,3,0,181.2890625,182.28515625,0
cell,after,0,0.0,3,0,182.28515625,183.28125,0
cell,after,0,0.0,3,0,183.28125,184.27734375,0
cell,after,0,0.0,3,0,184.27734375,185.2734375,0
cell,after,0,0.0,3,0,185.2734375,186.26953125,0
cell,after,0,0.0,3,0,186.26953125,187.265625,0
cell,after,0,0.0,3,0,187.265625,188.26171875,0
cell,after,0,0.0,3,0,188.26171875,189.2578125,0
cell,after,0,0.0,3,0,189.2578125,190.25390625,0
cell,after,0,0.0,3,0,190.25390625,191.25,0
cell,after,0,0.0,3,0,191.25,192.24609375,0
cell,after,0,0.0,3,0,192.24609375,193.2421875,0
cell,after,0,0.0,3,0,193.2421875,194.23828125,0
cell,after,0,0.0,3,0,194.23828125,195.234375,0
cell,after,0,0.0,3,0,195.234375,196.23046875,0
cell,after,0,0.0,3,0,196.23046875,197.2265625,0
cell,after,0,0.0,3,0,197.2265625,198.22265625,0
cell,after,0,0.0,3,0,198.22265625,199.21875,0
cell,after,0,0.0,3,0,199.21875,200.21484375,0
cell,after,0,0.0,3,0,200.21484375,201.2109375,0
cell,after,0,0.0,3,0,201.2109375,202.20703125,0
cell,after,0,0.0,3,0,202.20703125,203.203125,0
cell,after,0,0.0,3,0,203.203125,204.19921875,0
cell,after,0,0.0,3,0,204.19921875,205.1953125,0
cell,after,0,0.0,3,0,205.1953125,206.19140625,0
cell,after,0,0.0,3,0,206.19140625,207.1875,0
cell,after,0,0.0,3,0,207.1875,208.18359375,0
cell,after,0,0.0,3,0,208.18359375,209.1796875,0
cell,after,0,0.0,3,0,209.1796875,210.17578125,0
cell,after,0,0.0,3,0,210.17578125,211.171875,0
cell,after,0,0.0,3,0,211.171875,212.16796875,0
cell,after,0,0.0,3,0,212.16796875,213.1640625,0
cell,after,0,0.0,3,0,213.1640625,214.16015625,0
cell,after,0,0.0,3,0,214.16015625,215.15625,0
cell,after,0,0.0,3,0,215.15625,216.15234375,0
cell,after,0,0.0,3,0,216.15234375,217.1484375,0
cell,after,0,0.0,3,0,217.1484375,218.14453125,0
cell,after,0,0.0,3,0,218.14453125,219.140625,0
cell,after,0,0.0,3,0,219.140625,220.13671875,0
cell,after,0,0.0,3,0,220.13671875,221.1328125,0
cell,after,0,0.0,3,0,221.1328125,222.12890625,0
cell,after,0,0.0,3,0,222.12890625,223.125,0
cell,after,0,0.0,3,0,223.125,224.12109375,0
cell,after,0,0.0,3,0,224.12109375,225.1171875,0
cell,after,0,0.0,3,0,225.1171875,226.11328125,0
cell,after,0,0.0,3,0,226.11328125,227.109375,0
cell,after,0,0.0,3,0,227.109375,228.10546875,0
cell,after,0,0.0,3,0,228.10546875,229.1015625,0
cell,after,0,0.0,3,0,229.1015625,230.09765625,0
cell,after,0,0.0,3,0,230.09765625,231.09375,0
cell,after,0,0.0,3,0,231.09375,232.08984375,0
cell,after,0,0.0,3,0,232.08984375,233.0859375,0
cell,after,0,0.0,3,0,233.0859375,234.08203125,0
cell,after,0,0.0,3,0,234.08203125,235.078125,0
cell,after,0,0.0,3,0,235.078125,236.07421875,0
cell,after,0,0.0,3,0,236.07421875,237.0703125,0
cell,after,0,0.0,3,0,237.0703125,238.06640625,0
cell,after,0,0.0,3,0,238.06640625,239.0625,0
cell,after,0,0.0,3,0,239.0625,240.05859375,0
cell,after,0,0.0,3,0,240.05859375,241.0546875,0
cell,after,0,0.0,3,0,241.0546875,242.05078125,0
cell,after,0,0.0,3,0,242.05078125,243.046875,0
cell,after,0,0.0,3,0,243.046875,244.04296875,0
cell,after,0,0.0,3,0,244.04296875,245.0390625,0
cell,after,0,0.0,3,0,245.0390625,246.03515625,0
cell,after,0,0.0,3,0,246.03515625,247.03125,0
cell,after,0,0.0,3,0,247.03125,248.02734375,0
cell,after,0,0.0,3,0,248.02734375,249.0234375,0
cell,after,0,0.0,3,0,249.0234375,250.01953125,0
cell,after,0,0.0,3,0,250.01953125,251.015625,0
cell,after,0,0.0,3,0,251.015625,252.01171875,0
cell,after,0,0.0,3,0,252.01171875,253.0078125,0
cell,after,0,0.0,3,0,253.0078125,254.00390625,0
cell,after,0,0.0,3,0,254.00390625,255.0,0
live,before,0,0.0,4,2,0.0,0.99609375,0
live,before,0,0.0,4,2,0.99609375,1.9921875,0
live,before,0,0.0,4,2,1.9921875,2.98828125,0
live,before,0,0.0,4,2,2.98828125,3.984375,0
live,before,0,0.0,4,2,3.984375,4.98046875,0
live,before,0,0.0,4,2,4.98046875,5.9765625,0
live,before,0,0.0,4,2,5.9765625,6.97265625,0
live,before,0,0.0,4,2,6.97265625,7.96875,0
live,before,0,0.0,4,2,7.96875,8.96484375,0
live,before,0,0.0,4,2,8.96484375,9.9609375,0
live,before,0,0.0,4,2,9.9609375,10.95703125,0
live,before,0,0.0,4,2,10.95703125,11.953125,0
live,before,0,0.0,4,2,11.953125,12.94921875,0
live,before,0,0.0,4,2,12.94921875,13.9453125,0
live,before,0,0.0,4,2,13.9453125,14.94140625,0
live,before,0,0.0,4,2,14.94140625,15.9375,0
live,before,0,0.0,4,2,15.9375,16.93359375,0
live,before,0,0.0,4,2,16.93359375,17.9296875,0
live,before,0,0.0,4,2,17.9296875,18.92578125,0
live,before,0,0.0,4,2,18.92578125,19.921875,0
live,before,0,0.0,4,2,19.921875,20.91796875,0
live,before,0,0.0,4,2,20.91796875,21.9140625,0
live,before,0,0.0,4,2,21.9140625,22.91015625,0
live,before,0,0.0,4,2,22.91015625,23.90625,0
live,before,0,0.0,4,2,23.90625,24.90234375,0
live,before,0,0.0,4,2,24.90234375,25.8984375,0
live,before,0,0.0,4,2,25.8984375,26.89453125,0
live,before,0,0.0,4,2,26.89453125,27.890625,0
live,before,0,0.0,4,2,27.890625,28.88671875,0
live,before,0,0.0,4,2,28.88671875,29.8828125,0
live,before,0,0.0,4,2,29.8828125,30.87890625,0
live,before,0,0.0,4,2,30.87890625,31.875,0
live,before,0,0.0,4,2,31.875,32.87109375,0
live,before,0,0.0,4,2,32.87109375,33.8671875,0
live,before,0,0.0,4,2,33.8671875,34.86328125,0
live,before,0,0.0,4,2,34.86328125,35.859375,0
live,before,0,0.0,4,2,35.859375,36.85546875,0
live,before,0,0.0,4,2,36.85546875,37.8515625,0
live,before,0,0.0,4,2,37.8515625,38.84765625,0
live,before,0,0.0,4,2,38.84765625,39.84375,0
live,before,0,0.0,4,2,39.84375,40.83984375,0
live,before,0,0.0,4,2,40.83984375,41.8359375,0
live,before,0,0.0,4,2,41.8359375,42.83203125,0
live,before,0,0.0,4,2,42.83203125,43.828125,0
live,before,0,0.0,4,2,43.828125,44.82421875,0
live,before,0,0.0,4,2,44.82421875,45.8203125,0
live,before,0,0.0,4,2,45.8203125,46.81640625,0
live,before,0,0.0,4,2,46.81640625,47.8125,0
live,before,0,0.0,4,2,47.8125,48.80859375,0
live,before,0,0.0,4,2,48.80859375,49.8046875,0
live,before,0,0.0,4,2,49.8046875,50.80078125,0
live,before,0,0.0,4,2,50.80078125,51.796875,0
live,before,0,0.0,4,2,51.796875,52.79296875,0
live,before,0,0.0,4,2,52.79296875,53.7890625,0
live,before,0,0.0,4,2,53.7890625,54.78515625,0
live,before,0,0.0,4,2,54.78515625,55.78125,0
live,before,0,0.0,4,2,55.78125,56.77734375,0
live,before,0,0.0,4,2,56.77734375,57.7734375,0
live,before,0,0.0,4,2,57.7734375,58.76953125,0
live,before,0,0.0,4,2,58.76953125,59.765625,0
live,before,0,0.0,4,2,59.765625,60.76171875,0
live,before,0,0.0,4,2,60.76171875,61.7578125,0
live,before,0,0.0,4,2,61.7578125,62.75390625,0
live,before,0,0.0,4,2,62.75390625,63.75,0
live,before,0,0.0,4,2,63.75,64.74609375,0
live,before,0,0.0,4,2,64.74609375,65.7421875,0
live,before,0,0.0,4,2,65.7421875,66.73828125,0
live,before,0,0.0,4,2,66.73828125,67.734375,0
live,before,0,0.0,4,2,67.734375,68.73046875,0
live,before,0,0.0,4,2,68.73046875,69.7265625,0
live,before,0,0.0,4,2,69.7265625,70.72265625,0
live,before,0,0.0,4,2,70.72265625,71.71875,0
live,before,0,0.0,4,2,71.71875,72.71484375,0
live,before,0,0.0,4,2,72.71484375,73.7109375,0
live,before,0,0.0,4,2,73.7109375,74.70703125,0
live,before,0,0.0,4,2,74.70703125,75.703125,0
live,before,0,0.0,4,2,75.703125,76.69921875,0
live,before,0,0.0,4,2,76.69921875,77.6953125,0
live,before,0,0.0,4,2,77.6953125,78.69140625,0
live,before,0,0.0,4,2,78.69140625,79.6875,0
live,before,0,0.0,4,2,79.6875,80.68359375,0
live,before,0,0.0,4,2,80.68359375,81.6796875,0
live,before,0,0.0,4,2,81.6796875,82.67578125,0
live,before,0,0.0,4,2,82.67578125,83.671875,0
live,before,0,0.0,4,2,83.671875,84.66796875,0
live,before,0,0.0,4,2,84.66796875,85.6640625,0
live,before,0,0.0,4,2,85.6640625,86.66015625,0
live,before,0,0.0,4,2,86.66015625,87.65625,0
live,before,0,0.0,4,2,87.65625,88.65234375,0
live,before,0,0.0,4,2,88.65234375,89.6484375,0
live,before,0,0.0,4,2,89.6484375,90.64453125,0
live,before,0,0.0,4,2,90.64453125,91.640625,0
live,before,0,0.0,4,2,91.640625,92.63671875,0
live,before,0,0.0,4,2,92.63671875,93.6328125,0
live,before,0,0.0,4,2,93.6328125,94.62890625,0
live,before,0,0.0,4,2,94.62890625,95.625,0
live,before,0,0.0,4,2,95.625,96.62109375,0
live,before,0,0.0,4,2,96.62109375,97.6171875,0
live,before,0,0.0,4,2,97.6171875,98.61328125,0
live,before,0,0.0,4,2,98.61328125,99.609375,0
live,before,0,0.0,4,2,99.609375,100.60546875,0
live,before,0,0.0,4,2,100.60546875,101.6015625,0
live,before,0,0.0,4,2,101.6015625,102.59765625,0
live,before,0,0.0,4,2,102.59765625,103.59375,0
live,before,0,0.0,4,2,103.59375,104.58984375,0
live,before,0,0.0,4,2,104.58984375,105.5859375,0
live,before,0,0.0,4,2,105.5859375,106.58203125,0
live,before,0,0.0,4,2,106.58203125,107.578125,0
live,before,0,0.0,4,2,107.578125,108.57421875,0
live,before,0,0.0,4,2,108.57421875,109.5703125,0
live,before,0,0.0,4,2,109.5703125,110.56640625,0
live,before,0,0.0,4,2,110.56640625,111.5625,0
live,before,0,0.0,4,2,111.5625,112.55859375,0
live,before,0,0.0,4,2,112.55859375,113.5546875,0
live,before,0,0.0,4,2,113.5546875,114.55078125,0
live,before,0,0.0,4,2,114.55078125,115.546875,0
live,before,0,0.0,4,2,115.546875,116.54296875,0
live,before,0,0.0,4,2,116.54296875,117.5390625,0
live,before,0,0.0,4,2,117.5390625,118.53515625,0
live,before,0,0.0,4,2,118.53515625,119.53125,0
live,before,0,0.0,4,2,119.53125,120.52734375,0
live,before,0,0.0,4,2,120.52734375,121.5234375,0
live,before,0,0.0,4,2,121.5234375,122.51953125,0
live,before,0,0.0,4,2,122.51953125,123.515625,0
live,before,0,0.0,4,2,123.515625,124.51171875,0
live,before,0,0.0,4,2,124.51171875,125.5078125,0
live,before,0,0.0,4,2,125.5078125,126.50390625,0
live,before,0,0.0,4,2,126.50390625,127.5,0
live,before,0,0.0,4,2,127.5,128.49609375,0
live,before,0,0.0,4,2,128.49609375,129.4921875,0
live,before,0,0.0,4,2,129.4921875,130.48828125,0
live,before,0,0.0,4,2,130.48828125,131.484375,0
live,before,0,0.0,4,2,131.484375,132.48046875,0
live,before,0,0.0,4,2,132.48046875,133.4765625,0
live,before,0,0.0,4,2,133.4765625,134.47265625,0
live,before,0,0.0,4,2,134.47265625,135.46875,0
live,before,0,0.0,4,2,135.46875,136.46484375,0
live,before,0,0.0,4,2,136.46484375,137.4609375,0
live,before,0,0.0,4,2,137.4609375,138.45703125,0
live,before,0,0.0,4,2,138.45703125,139.453125,0
live,before,0,0.0,4,2,139.453125,140.44921875,0
live,before,0,0.0,4,2,140.44921875,141.4453125,0
live,before,0,0.0,4,2,141.4453125,142.44140625,0
live,before,0,0.0,4,2,142.44140625,143.4375,0
live,before,0,0.0,4,2,143.4375,144.43359375,0
live,before,0,0.0,4,2,144.43359375,145.4296875,0
live,before,0,0.0,4,2,145.4296875,146.42578125,0
live,before,0,0.0,4,2,146.42578125,147.421875,0
live,before,0,0.0,4,2,147.421875,148.41796875,0
live,before,0,0.0,4,2,148.41796875,149.4140625,0
live,before,0,0.0,4,2,149.4140625,150.41015625,0
live,before,0,0.0,4,2,150.41015625,151.40625,0
live,before,0,0.0,4,2,151.40625,152.40234375,0
live,before,0,0.0,4,2,152.40234375,153.3984375,0
live,before,0,0.0,4,2,153.3984375,154.39453125,0
live,before,0,0.0,4,2,154.39453125,155.390625,0
live,before,0,0.0,4,2,155.390625,156.38671875,0
live,before,0,0.0,4,2,156.38671875,157.3828125,0
live,before,0,0.0,4,2,157.3828125,158.37890625,0
live,before,0,0.0,4,2,158.37890625,159.375,0
live,before,0,0.0,4,2,159.375,160.37109375,0
live,before,0,0.0,4,2,160.37109375,161.3671875,0
live,before,0,0.0,4,2,161.3671875,162.36328125,0
live,before,0,0.0,4,2,162.36328125,163.359375,0
live,before,0,0.0,4,2,163.359375,164.35546875,0
live,before,0,0.0,4,2,164.35546875,165.3515625,0
live,before,0,0.0,4,2,165.3515625,166.34765625,0
live,before,0,0.0,4,2,166.34765625,167.34375,0
live,before,0,0.0,4,2,167.34375,168.33984375,0
live,before,0,0.0,4,2,168.33984375,169.3359375,0
live,before,0,0.0,4,2,169.3359375,170.33203125,0
live,before,0,0.0,4,2,170.33203125,171.328125,0
live,before,0,0.0,4,2,171.328125,172.32421875,0
live,before,0,0.0,4,2,172.32421875,173.3203125,0
live,before,0,0.0,4,2,173.3203125,174.31640625,0
live,before,0,0.0,4,2,174.31640625,175.3125,0
live,before,0,0.0,4,2,175.3125,176.30859375,0
live,before,0,0.0,4,2,176.30859375,177.3046875,0
live,before,0,0.0,4,2,177.3046875,178.30078125,0
live,before,0,0.0,4,2,178.30078125,179.296875,0
live,before,0,0.0,4,2,179.296875,180.29296875,0
live,before,0,0.0,4,2,180.29296875,181.2890625,0
live,before,0,0.0,4,2,181.2890625,182.28515625,0
live,before,0,0.0,4,2,182.28515625,183.28125,0
live,before,0,0.0,4,2,183.28125,184.27734375,0
live,before,0,0.0,4,2,184.27734375,185.2734375,0
live,before,0,0.0,4,2,185.2734375,186.26953125,0
live,before,0,0.0,4,2,186.26953125,187.265625,0
live,before,0,0.0,4,2,187.265625,188.26171875,0
live,before,0,0.0,4,2,188.26171875,189.2578125,0
live,before,0,0.0,4,2,189.2578125,190.25390625,0
live,before,0,0.0,4,2,190.25390625,191.25,0
live,before,0,0.0,4,2,191.25,192.24609375,0
live,before,0,0.0,4,2,192.24609375,193.2421875,0
live,before,0,0.0,4,2,193.2421875,194.23828125,0
live,before,0,0.0,4,2,194.23828125,195.234375,0
live,before,0,0.0,4,2,195.234375,196.23046875,0
live,before,0,0.0,4,2,196.23046875,197.2265625,0
live,before,0,0.0,4,2,197.2265625,198.22265625,0
live,before,0,0.0,4,2,198.22265625,199.21875,0
live,before,0,0.0,4,2,199.21875,200.21484375,0
live,before,0,0.0,4,2,200.21484375,201.2109375,0
live,before,0,0.0,4,2,201.2109375,202.20703125,0
live,before,0,0.0,4,2,202.20703125,203.203125,0
live,before,0,0.0,4,2,203.203125,204.19921875,0
live,before,0,0.0,4,2,204.19921875,205.1953125,0
live,before,0,0.0,4,2,205.1953125,206.19140625,0
live,before,0,0.0,4,2,206.19140625,207.1875,0
live,before,0,0.0,4,2,207.1875,208.18359375,0
live,before,0,0.0,4,2,208.18359375,209.1796875,0
live,before,0,0.0,4,2,209.1796875,210.17578125,0
live,before,0,0.0,4,2,210.17578125,211.171875,0
live,before,0,0.0,4,2,211.171875,212.16796875,0
live,before,0,0.0,4,2,212.16796875,213.1640625,0
live,before,0,0.0,4,2,213.1640625,214.16015625,0
live,before,0,0.0,4,2,214.16015625,215.15625,0
live,before,0,0.0,4,2,215.15625,216.15234375,0
live,before,0,0.0,4,2,216.15234375,217.1484375,0
live,before,0,0.0,4,2,217.1484375,218.14453125,0
live,before,0,0.0,4,2,218.14453125,219.140625,0
live,before,0,0.0,4,2,219.140625,220.13671875,0
live,before,0,0.0,4,2,220.13671875,221.1328125,0
live,before,0,0.0,4,2,221.1328125,222.12890625,0
live,before,0,0.0,4,2,222.12890625,223.125,0
live,before,0,0.0,4,2,223.125,224.12109375,0
live,before,0,0.0,4,2,224.12109375,225.1171875,0
live,before,0,0.0,4,2,225.1171875,226.11328125,0
live,before,0,0.0,4,2,226.11328125,227.109375,0
live,before,0,0.0,4,2,227.109375,228.10546875,0
live,before,0,0.0,4,2,228.10546875,229.1015625,0
live,before,0,0.0,4,2,229.1015625,230.09765625,0
live,before,0,0.0,4,2,230.09765625,231.09375,0
live,before,0,0.0,4,2,231.09375,232.08984375,0
live,before,0,0.0,4,2,232.08984375,233.0859375,0
live,before,0,0.0,4,2,233.0859375,234.08203125,0
live,before,0,0.0,4,2,234.08203125,235.078125,0
live,before,0,0.0,4,2,235.078125,236.07421875,0
live,before,0,0.0,4,2,236.07421875,237.0703125,0
live,before,0,0.0,4,2,237.0703125,238.06640625,0
live,before,0,0.0,4,2,238.06640625,239.0625,0
live,before,0,0.0,4,2,239.0625,240.05859375,0
live,before,0,0.0,4,2,240.05859375,241.0546875,0
live,before,0,0.0,4,2,241.0546875,242.05078125,0
live,before,0,0.0,4,2,242.05078125,243.046875,0
live,before,0,0.0,4,2,243.046875,244.04296875,0
live,before,0,0.0,4,2,244.04296875,245.0390625,0
live,before,0,0.0,4,2,245.0390625,246.03515625,0
live,before,0,0.0,4,2,246.03515625,247.03125,0
live,before,0,0.0,4,2,247.03125,248.02734375,0
live,before,0,0.0,4,2,248.02734375,249.0234375,0
live,before,0,0.0,4,2,249.0234375,250.01953125,0
live,before,0,0.0,4,2,250.01953125,251.015625,0
live,before,0,0.0,4,2,251.015625,252.01171875,0
live,before,0,0.0,4,2,252.01171875,253.0078125,0
live,before,0,0.0,4,2,253.0078125,254.00390625,0
live,before,0,0.0,4,2,254.00390625,255.0,0
live,corrected,0,0.0,4,2,754.0,1007.05078125,242203
live,corrected,0,0.0,4,2,1007.05078125,1260.1015625,168537
live,corrected,0,0.0,4,2,1260.1015625,1513.15234375,126028
live,corrected,0,0.0,4,2,1513.15234375,1766.203125,96889
live,corrected,0,0.0,4,2,1766.203125,2019.25390625,75714
live,corrected,0,0.0,4,2,2019.25390625,2272.3046875,60834
live,corrected,0,0.0,4,2,2272.3046875,2525.35546875,50790
live,corrected,0,0.0,4,2,2525.35546875,2778.40625,43508
live,corrected,0,0.0,4,2,2778.40625,3031.45703125,37906
live,corrected,0,0.0,4,2,3031.45703125,3284.5078125,33560
live,corrected,0,0.0,4,2,3284.5078125,3537.55859375,29000
live,corrected,0,0.0,4,2,3537.55859375,3790.609375,26197
live,corrected,0,0.0,4,2,3790.609375,4043.66015625,24208
live,corrected,0,0.0,4,2,4043.66015625,4296.7109375,21856
live,corrected,0,0.0,4,2,4296.7109375,4549.76171875,19523
live,corrected,0,0.0,4,2,4549.76171875,4802.8125,17829
live,corrected,0,0.0,4,2,4802.8125,5055.86328125,15947
live,corrected,0,0.0,4,2,5055.86328125,5308.9140625,14767
live,corrected,0,0.0,4,2,5308.9140625,5561.96484375,13224
live,corrected,0,0.0,4,2,5561.96484375,5815.015625,11417
live,corrected,0,0.0,4,2,5815.015625,6068.06640625,9807
live,corrected,0,0.0,4,2,6068.06640625,6321.1171875,8880
live,corrected,0,0.0,4,2,6321.1171875,6574.16796875,7813
live,corrected,0,0.0,4,2,6574.16796875,6827.21875,6943
live,corrected,0,0.0,4,2,6827.21875,7080.26953125,6289
live,corrected,0,0.0,4,2,7080.26953125,7333.3203125,5615
live,corrected,0,0.0,4,2,7333.3203125,7586.37109375,5083
live,corrected,0,0.0,4,2,7586.37109375,7839.421875,4738
live,corrected,0,0.0,4,2,7839.421875,8092.47265625,4350
live,corrected,0,0.0,4,2,8092.47265625,8345.5234375,4099
live,corrected,0,0.0,4,2,8345.5234375,8598.57421875,3431
live,corrected,0,0.0,4,2,8598.57421875,8851.625,3328
live,corrected,0,0.0,4,2,8851.625,9104.67578125,2892
live,corrected,0,0.0,4,2,9104.67578125,9357.7265625,2888
live,corrected,0,0.0,4,2,9357.7265625,9610.77734375,2865
live,corrected,0,0.0,4,2,9610.77734375,9863.828125,2782
live,corrected,0,0.0,4,2,9863.828125,10116.87890625,2630
live,corrected,0,0.0,4,2,10116.87890625,10369.9296875,2490
live,corrected,0,0.0,4,2,10369.9296875,10622.98046875,2356
live,corrected,0,0.0,4,2,10622.98046875,10876.03125,2318
live,corrected,0,0.0,4,2,10876.03125,11129.08203125,2369
live,corrected,0,0.0,4,2,11129.08203125,11382.1328125,2278
live,corrected,0,0.0,4,2,11382.1328125,11635.18359375,2100
live,corrected,0,0.0,4,2,11635.18359375,11888.234375,1868
live,corrected,0,0.0,4,2,11888.234375,12141.28515625,1669
live,corrected,0,0.0,4,2,12141.28515625,12394.3359375,1452
live,corrected,0,0.0,4,2,12394.3359375,12647.38671875,1221
live,corrected,0,0.0,4,2,12647.38671875,12900.4375,1107
live,corrected,0,0.0,4,2,12900.4375,13153.48828125,1053
live,corrected,0,0.0,4,2,13153.48828125,13406.5390625,972
live,corrected,0,0.0,4,2,13406.5390625,13659.58984375,954
live,corrected,0,0.0,4,2,13659.58984375,13912.640625,922
live,corrected,0,0.0,4,2,13912.640625,14165.69140625,858
live,corrected,0,0.0,4,2,14165.69140625,14418.7421875,824
live,corrected,0,0.0,4,2,14418.7421875,14671.79296875,774
live,corrected,0,0.0,4,2,14671.79296875,14924.84375,728
live,corrected,0,0.0,4,2,14924.84375,15177.89453125,693
live,corrected,0,0.0,4,2,15177.89453125,15430.9453125,701
live,corrected,0,0.0,4,2,15430.9453125,15683.99609375,746
live,corrected,0,0.0,4,2,15683.99609375,15937.046875,664
live,corrected,0,0.0,4,2,15937.046875,16190.09765625,592
live,corrected,0,0.0,4,2,16190.09765625,16443.1484375,625
live,corrected,0,0.0,4,2,16443.1484375,16696.19921875,567
live,corrected,0,0.0,4,2,16696.19921875,16949.25,549
live,corrected,0,0.0,4,2,16949.25,17202.30078125,562
live,corrected,0,0.0,4,2,17202.30078125,17455.3515625,490
live,corrected,0,0.0,4,2,17455.3515625,17708.40234375,451
live,corrected,0,0.0,4,2,17708.40234375,17961.453125,451
live,corrected,0,0.0,4,2,17961.453125,18214.50390625,447
live,corrected,0,0.0,4,2,18214.50390625,18467.5546875,376
live,corrected,0,0.0,4,2,18467.5546875,18720.60546875,342
live,corrected,0,0.0,4,2,18720.60546875,18973.65625,367
live,corrected,0,0.0,4,2,18973.65625,19226.70703125,353
live,corrected,0,0.0,4,2,19226.70703125,19479.7578125,359
live,corrected,0,0.0,4,2,19479.7578125,19732.80859375,325
live,corrected,0,0.0,4,2,19732.80859375,19985.859375,367
live,corrected,0,0.0,4,2,19985.859375,20238.91015625,326
live,corrected,0,0.0,4,2,20238.91015625,20491.9609375,296
live,corrected,0,0.0,4,2,20491.9609375,20745.01171875,283
live,corrected,0,0.0,4,2,20745.01171875,20998.0625,265
live,corrected,0,0.0,4,2,20998.0625,21251.11328125,269
live,corrected,0,0.0,4,2,21251.11328125,21504.1640625,250
live,corrected,0,0.0,4,2,21504.1640625,21757.21484375,264
live,corrected,0,0.0,4,2,21757.21484375,22010.265625,223
live,corrected,0,0.0,4,2,22010.265625,22263.31640625,229
live,corrected,0,0.0,4,2,22263.31640625,22516.3671875,208
live,corrected,0,0.0,4,2,22516.3671875,22769.41796875,206
live,corrected,0,0.0,4,2,22769.41796875,23022.46875,236
live,corrected,0,0.0,4,2,23022.46875,23275.51953125,191
live,corrected,0,0.0,4,2,23275.51953125,23528.5703125,230
live,corrected,0,0.0,4,2,23528.5703125,23781.62109375,202
live,corrected,0,0.0,4,2,23781.62109375,24034.671875,197
live,corrected,0,0.0,4,2,24034.671875,24287.72265625,177
live,corrected,0,0.0,4,2,24287.72265625,24540.7734375,163
live,corrected,0,0.0,4,2,24540.7734375,24793.82421875,175
live,corrected,0,0.0,4,2,24793.82421875,25046.875,190
live,corrected,0,0.0,4,2,25046.875,25299.92578125,187
live,corrected,0,0.0,4,2,25299.92578125,25552.9765625,182
live,corrected,0,0.0,4,2,25552.9765625,25806.02734375,181
live,corrected,0,0.0,4,2,25806.02734375,26059.078125,159
live,corrected,0,0.0,4,2,26059.078125,26312.12890625,154
live,corrected,0,0.0,4,2,26312.12890625,26565.1796875,144
live,corrected,0,0.0,4,2,26565.1796875,26818.23046875,148
live,corrected,0,0.0,4,2,26818.23046875,27071.28125,155
live,corrected,0,0.0,4,2,27071.28125,27324.33203125,144
live,corrected,0,0.0,4,2,27324.33203125,27577.3828125,139
live,corrected,0,0.0,4,2,27577.3828125,27830.43359375,125
live,corrected,0,0.0,4,2,27830.43359375,28083.484375,149
live,corrected,0,0.0,4,2,28083.484375,28336.53515625,133
live,corrected,0,0.0,4,2,28336.53515625,28589.5859375,115
live,corrected,0,0.0,4,2,28589.5859375,28842.63671875,128
live,corrected,0,0.0,4,2,28842.63671875,29095.6875,129
live,corrected,0,0.0,4,2,29095.6875,29348.73828125,121
live,corrected,0,0.0,4,2,29348.73828125,29601.7890625,119
live,corrected,0,0.0,4,2,29601.7890625,29854.83984375,115
live,corrected,0,0.0,4,2,29854.83984375,30107.890625,130
live,corrected,0,0.0,4,2,30107.890625,30360.94140625,127
live,corrected,0,0.0,4,2,30360.94140625,30613.9921875,123
live,corrected,0,0.0,4,2,30613.9921875,30867.04296875,115
live,corrected,0,0.0,4,2,30867.04296875,31120.09375,120
live,corrected,0,0.0,4,2,31120.09375,31373.14453125,101
live,corrected,0,0.0,4,2,31373.14453125,31626.1953125,95
live,corrected,0,0.0,4,2,31626.1953125,31879.24609375,97
live,corrected,0,0.0,4,2,31879.24609375,32132.296875,97
live,corrected,0,0.0,4,2,32132.296875,32385.34765625,92
live,corrected,0,0.0,4,2,32385.34765625,32638.3984375,89
live,corrected,0,0.0,4,2,32638.3984375,32891.44921875,83
live,corrected,0,0.0,4,2,32891.44921875,33144.5,79
live,corrected,0,0.0,4,2,33144.5,33397.55078125,86
live,corrected,0,0.0,4,2,33397.55078125,33650.6015625,81
live,corrected,0,0.0,4,2,33650.6015625,33903.65234375,77
live,corrected,0,0.0,4,2,33903.65234375,34156.703125,56
live,corrected,0,0.0,4,2,34156.703125,34409.75390625,58
live,corrected,0,0.0,4,2,34409.75390625,34662.8046875,60
live,corrected,0,0.0,4,2,34662.8046875,34915.85546875,77
live,corrected,0,0.0,4,2,34915.85546875,35168.90625,77
live,corrected,0,0.0,4,2,35168.90625,35421.95703125,68
live,corrected,0,0.0,4,2,35421.95703125,35675.0078125,56
live,corrected,0,0.0,4,2,35675.0078125,35928.05859375,50
live,corrected,0,0.0,4,2,35928.05859375,36181.109375,77
live,corrected,0,0.0,4,2,36181.109375,36434.16015625,69
live,corrected,0,0.0,4,2,36434.16015625,36687.2109375,53
live,corrected,0,0.0,4,2,36687.2109375,36940.26171875,62
live,corrected,0,0.0,4,2,36940.26171875,37193.3125,48
live,corrected,0,0.0,4,2,37193.3125,37446.36328125,54
live,corrected,0,0.0,4,2,37446.36328125,37699.4140625,76
live,corrected,0,0.0,4,2,37699.4140625,37952.46484375,60
live,corrected,0,0.0,4,2,37952.46484375,38205.515625,58
live,corrected,0,0.0,4,2,38205.515625,38458.56640625,62
live,corrected,0,0.0,4,2,38458.56640625,38711.6171875,47
live,corrected,0,0.0,4,2,38711.6171875,38964.66796875,53
live,corrected,0,0.0,4,2,38964.66796875,39217.71875,49
live,corrected,0,0.0,4,2,39217.71875,39470.76953125,50
live,corrected,0,0.0,4,2,39470.76953125,39723.8203125,52
live,corrected,0,0.0,4,2,39723.8203125,39976.87109375,59
live,corrected,0,0.0,4,2,39976.87109375,40229.921875,50
live,corrected,0,0.0,4,2,40229.921875,40482.97265625,50
live,corrected,0,0.0,4,2,40482.97265625,40736.0234375,51
live,corrected,0,0.0,4,2,40736.0234375,40989.07421875,51
live,corrected,0,0.0,4,2,40989.07421875,41242.125,48
live,corrected,0,0.0,4,2,41242.125,41495.17578125,53
live,corrected,0,0.0,4,2,41495.17578125,41748.2265625,65
live,corrected,0,0.0,4,2,41748.2265625,42001.27734375,53
live,corrected,0,0.0,4,2,42001.27734375,42254.328125,43
live,corrected,0,0.0,4,2,42254.328125,42507.37890625,59
live,corrected,0,0.0,4,2,42507.37890625,42760.4296875,45
live,corrected,0,0.0,4,2,42760.4296875,43013.48046875,49
live,corrected,0,0.0,4,2,43013.48046875,43266.53125,46
live,corrected,0,0.0,4,2,43266.53125,43519.58203125,43
live,corrected,0,0.0,4,2,43519.58203125,43772.6328125,52
live,corrected,0,0.0,4,2,43772.6328125,44025.68359375,54
live,corrected,0,0.0,4,2,44025.68359375,44278.734375,62
live,corrected,0,0.0,4,2,44278.734375,44531.78515625,62
live,corrected,0,0.0,4,2,44531.78515625,44784.8359375,52
live,corrected,0,0.0,4,2,44784.8359375,45037.88671875,43
live,corrected,0,0.0,4,2,45037.88671875,45290.9375,37
live,corrected,0,0.0,4,2,45290.9375,45543.98828125,47
live,corrected,0,0.0,4,2,45543.98828125,45797.0390625,39
live,corrected,0,0.0,4,2,45797.0390625,46050.08984375,39
live,corrected,0,0.0,4,2,46050.08984375,46303.140625,35
live,corrected,0,0.0,4,2,46303.140625,46556.19140625,32
live,corrected,0,0.0,4,2,46556.19140625,46809.2421875,37
live,corrected,0,0.0,4,2,46809.2421875,47062.29296875,28
live,corrected,0,0.0,4,2,47062.29296875,47315.34375,38
live,corrected,0,0.0,4,2,47315.34375,47568.39453125,34
live,corrected,0,0.0,4,2,47568.39453125,47821.4453125,25
live,corrected,0,0.0,4,2,47821.4453125,48074.49609375,19
live,corrected,0,0.0,4,2,48074.49609375,48327.546875,27
live,corrected,0,0.0,4,2,48327.546875,48580.59765625,33
live,corrected,0,0.0,4,2,48580.59765625,48833.6484375,27
live,corrected,0,0.0,4,2,48833.6484375,49086.69921875,27
live,corrected,0,0.0,4,2,49086.69921875,49339.75,24
live,corrected,0,0.0,4,2,49339.75,49592.80078125,30
live,corrected,0,0.0,4,2,49592.80078125,49845.8515625,35
live,corrected,0,0.0,4,2,49845.8515625,50098.90234375,29
live,corrected,0,0.0,4,2,50098.90234375,50351.953125,38
live,corrected,0,0.0,4,2,50351.953125,50605.00390625,30
live,corrected,0,0.0,4,2,50605.00390625,50858.0546875,31
live,corrected,0,0.0,4,2,50858.0546875,51111.10546875,29
live,corrected,0,0.0,4,2,51111.10546875,51364.15625,23
live,corrected,0,0.0,4,2,51364.15625,51617.20703125,28
live,corrected,0,0.0,4,2,51617.20703125,51870.2578125,23
live,corrected,0,0.0,4,2,51870.2578125,52123.30859375,32
live,corrected,0,0.0,4,2,52123.30859375,52376.359375,25
live,corrected,0,0.0,4,2,52376.359375,52629.41015625,19
live,corrected,0,0.0,4,2,52629.41015625,52882.4609375,21
live,corrected,0,0.0,4,2,52882.4609375,53135.51171875,23
live,corrected,0,0.0,4,2,53135.51171875,53388.5625,27
live,corrected,0,0.0,4,2,53388.5625,53641.61328125,27
live,corrected,0,0.0,4,2,53641.61328125,53894.6640625,23
live,corrected,0,0.0,4,2,53894.6640625,54147.71484375,27
live,corrected,0,0.0,4,2,54147.71484375,54400.765625,36
live,corrected,0,0.0,4,2,54400.765625,54653.81640625,23
live,corrected,0,0.0,4,2,54653.81640625,54906.8671875,21
live,corrected,0,0.0,4,2,54906.8671875,55159.91796875,17
live,corrected,0,0.0,4,2,55159.91796875,55412.96875,23
live,corrected,0,0.0,4,2,55412.96875,55666.01953125,19
live,corrected,0,0.0,4,2,55666.01953125,55919.0703125,19
live,corrected,0,0.0,4,2,55919.0703125,56172.12109375,16
live,corrected,0,0.0,4,2,56172.12109375,56425.171875,15
live,corrected,0,0.0,4,2,56425.171875,56678.22265625,13
live,corrected,0,0.0,4,2,56678.22265625,56931.2734375,20
live,corrected,0,0.0,4,2,56931.2734375,57184.32421875,9
live,corrected,0,0.0,4,2,57184.32421875,57437.375,12
live,corrected,0,0.0,4,2,57437.375,57690.42578125,14
live,corrected,0,0.0,4,2,57690.42578125,57943.4765625,15
live,corrected,0,0.0,4,2,57943.4765625,58196.52734375,22
live,corrected,0,0.0,4,2,58196.52734375,58449.578125,16
live,corrected,0,0.0,4,2,58449.578125,58702.62890625,17
live,corrected,0,0.0,4,2,58702.62890625,58955.6796875,13
live,corrected,0,0.0,4,2,58955.6796875,59208.73046875,12
live,corrected,0,0.0,4,2,59208.73046875,59461.78125,14
live,corrected,0,0.0,4,2,59461.78125,59714.83203125,16
live,corrected,0,0.0,4,2,59714.83203125,59967.8828125,20
live,corrected,0,0.0,4,2,59967.8828125,60220.93359375,12
live,corrected,0,0.0,4,2,60220.93359375,60473.984375,11
live,corrected,0,0.0,4,2,60473.984375,60727.03515625,11
live,corrected,0,0.0,4,2,60727.03515625,60980.0859375,12
live,corrected,0,0.0,4,2,60980.0859375,61233.13671875,2263
live,corrected,0,0.0,4,2,61233.13671875,61486.1875,0
live,corrected,0,0.0,4,2,61486.1875,61739.23828125,0
live,corrected,0,0.0,4,2,61739.23828125,61992.2890625,0
live,corrected,0,0.0,4,2,61992.2890625,62245.33984375,0
live,corrected,0,0.0,4,2,62245.33984375,62498.390625,0
live,corrected,0,0.0,4,2,62498.390625,62751.44140625,0
live,corrected,0,0.0,4,2,62751.44140625,63004.4921875,0
live,corrected,0,0.0,4,2,63004.4921875,63257.54296875,0
live,corrected,0,0.0,4,2,63257.54296875,63510.59375,0
live,corrected,0,0.0,4,2,63510.59375,63763.64453125,0
live,corrected,0,0.0,4,2,63763.64453125,64016.6953125,0
live,corrected,0,0.0,4,2,64016.6953125,64269.74609375,0
live,corrected,0,0.0,4,2,64269.74609375,64522.796875,0
live,corrected,0,0.0,4,2,64522.796875,64775.84765625,0
live,corrected,0,0.0,4,2,64775.84765625,65028.8984375,0
live,corrected,0,0.0,4,2,65028.8984375,65281.94921875,0
live,corrected,0,0.0,4,2,65281.94921875,65535.0,0
live,after,0,0.0,4,2,0.0,0.99609375,0
live,after,0,0.0,4,2,0.99609375,1.9921875,0
live,after,0,0.0,4,2,1.9921875,2.98828125,0
live,after,0,0.0,4,2,2.98828125,3.984375,0
live,after,0,0.0,4,2,3.984375,4.98046875,0
live,after,0,0.0,4,2,4.98046875,5.9765625,0
live,after,0,0.0,4,2,5.9765625,6.97265625,0
live,after,0,0.0,4,2,6.97265625,7.96875,0
live,after,0,0.0,4,2,7.96875,8.96484375,0
live,after,0,0.0,4,2,8.96484375,9.9609375,0
live,after,0,0.0,4,2,9.9609375,10.95703125,27801
live,after,0,0.0,4,2,10.95703125,11.953125,25439
live,after,0,0.0,4,2,11.953125,12.94921875,22906
live,after,0,0.0,4,2,12.94921875,13.9453125,20791
live,after,0,0.0,4,2,13.9453125,14.94140625,18431
live,after,0,0.0,4,2,14.94140625,15.9375,16575
live,after,0,0.0,4,2,15.9375,16.93359375,15368
live,after,0,0.0,4,2,16.93359375,17.9296875,13852
live,after,0,0.0,4,2,17.9296875,18.92578125,12473
live,after,0,0.0,4,2,18.92578125,19.921875,10147
live,after,0,0.0,4,2,19.921875,20.91796875,9054
live,after,0,0.0,4,2,20.91796875,21.9140625,8018
live,after,0,0.0,4,2,21.9140625,22.91015625,7297
live,after,0,0.0,4,2,22.91015625,23.90625,6405
live,after,0,0.0,4,2,23.90625,24.90234375,5863
live,after,0,0.0,4,2,24.90234375,25.8984375,5221
live,after,0,0.0,4,2,25.8984375,26.89453125,4893
live,after,0,0.0,4,2,26.89453125,27.890625,4510
live,after,0,0.0,4,2,27.890625,28.88671875,4297
live,after,0,0.0,4,2,28.88671875,29.8828125,3588
live,after,0,0.0,4,2,29.8828125,30.87890625,3182
live,after,0,0.0,4,2,30.87890625,31.875,2979
live,after,0,0.0,4,2,31.875,32.87109375,2944
live,after,0,0.0,4,2,32.87109375,33.8671875,2885
live,after,0,0.0,4,2,33.8671875,34.86328125,2752
live,after,0,0.0,4,2,34.86328125,35.859375,2684
live,after,0,0.0,4,2,35.859375,36.85546875,2583
live,after,0,0.0,4,2,36.85546875,37.8515625,2387
live,after,0,0.0,4,2,37.8515625,38.84765625,2352
live,after,0,0.0,4,2,38.84765625,39.84375,2336
live,after,0,0.0,4,2,39.84375,40.83984375,2380
live,after,0,0.0,4,2,40.83984375,41.8359375,2123
live,after,0,0.0,4,2,41.8359375,42.83203125,2074
live,after,0,0.0,4,2,42.83203125,43.828125,1683
live,after,0,0.0,4,2,43.828125,44.82421875,1481
live,after,0,0.0,4,2,44.82421875,45.8203125,1207
live,after,0,0.0,4,2,45.8203125,46.81640625,1120
live,after,0,0.0,4,2,46.81640625,47.8125,1078
live,after,0,0.0,4,2,47.8125,48.80859375,1005
live,after,0,0.0,4,2,48.80859375,49.8046875,928
live,after,0,0.0,4,2,49.8046875,50.80078125,959
live,after,0,0.0,4,2,50.80078125,51.796875,837
live,after,0,0.0,4,2,51.796875,52.79296875,790
live,after,0,0.0,4,2,52.79296875,53.7890625,807
live,after,0,0.0,4,2,53.7890625,54.78515625,724
live,after,0,0.0,4,2,54.78515625,55.78125,747
live,after,0,0.0,4,2,55.78125,56.77734375,701
live,after,0,0.0,4,2,56.77734375,57.7734375,714
live,after,0,0.0,4,2,57.7734375,58.76953125,711
live,after,0,0.0,4,2,58.76953125,59.765625,625
live,after,0,0.0,4,2,59.765625,60.76171875,604
live,after,0,0.0,4,2,60.76171875,61.7578125,574
live,after,0,0.0,4,2,61.7578125,62.75390625,534
live,after,0,0.0,4,2,62.75390625,63.75,548
live,after,0,0.0,4,2,63.75,64.74609375,529
live,after,0,0.0,4,2,64.74609375,65.7421875,465
live,after,0,0.0,4,2,65.7421875,66.73828125,434
live,after,0,0.0,4,2,66.73828125,67.734375,446
live,after,0,0.0,4,2,67.734375,68.73046875,410
live,after,0,0.0,4,2,68.73046875,69.7265625,372
live,after,0,0.0,4,2,69.7265625,70.72265625,373
live,after,0,0.0,4,2,70.72265625,71.71875,357
live,after,0,0.0,4,2,71.71875,72.71484375,367
live,after,0,0.0,4,2,72.71484375,73.7109375,344
live,after,0,0.0,4,2,73.7109375,74.70703125,374
live,after,0,0.0,4,2,74.70703125,75.703125,323
live,after,0,0.0,4,2,75.703125,76.69921875,311
live,after,0,0.0,4,2,76.69921875,77.6953125,295
live,after,0,0.0,4,2,77.6953125,78.69140625,302
live,after,0,0.0,4,2,78.69140625,79.6875,255
live,after,0,0.0,4,2,79.6875,80.68359375,238
live,after,0,0.0,4,2,80.68359375,81.6796875,216
live,after,0,0.0,4,2,81.6796875,82.67578125,246
live,after,0,0.0,4,2,82.67578125,83.671875,216
live,after,0,0.0,4,2,83.671875,84.66796875,246
live,after,0,0.0,4,2,84.66796875,85.6640625,210
live,after,0,0.0,4,2,85.6640625,86.66015625,266
live,after,0,0.0,4,2,86.66015625,87.65625,188
live,after,0,0.0,4,2,87.65625,88.65234375,207
live,after,0,0.0,4,2,88.65234375,89.6484375,199
live,after,0,0.0,4,2,89.6484375,90.64453125,179
live,after,0,0.0,4,2,90.64453125,91.640625,189
live,after,0,0.0,4,2,91.640625,92.63671875,177
live,after,0,0.0,4,2,92.63671875,93.6328125,184
live,after,0,0.0,4,2,93.6328125,94.62890625,186
live,after,0,0.0,4,2,94.62890625,95.625,202
live,after,0,0.0,4,2,95.625,96.62109375,164
live,after,0,0.0,4,2,96.62109375,97.6171875,171
live,after,0,0.0,4,2,97.6171875,98.61328125,142
live,after,0,0.0,4,2,98.61328125,99.609375,171
live,after,0,0.0,4,2,99.609375,100.60546875,146
live,after,0,0.0,4,2,100.60546875,101.6015625,143
live,after,0,0.0,4,2,101.6015625,102.59765625,159
live,after,0,0.0,4,2,102.59765625,103.59375,143
live,after,0,0.0,4,2,103.59375,104.58984375,152
live,after,0,0.0,4,2,104.58984375,105.5859375,145
live,after,0,0.0,4,2,105.5859375,106.58203125,133
live,after,0,0.0,4,2,106.58203125,107.578125,131
live,after,0,0.0,4,2,107.578125,108.57421875,145
live,after,0,0.0,4,2,108.57421875,109.5703125,133
live,after,0,0.0,4,2,109.5703125,110.56640625,115
live,after,0,0.0,4,2,110.56640625,111.5625,127
live,after,0,0.0,4,2,111.5625,112.55859375,120
live,after,0,0.0,4,2,112.55859375,113.5546875,127
live,after,0,0.0,4,2,113.5546875,114.55078125,122
live,after,0,0.0,4,2,114.55078125,115.546875,118
live,after,0,0.0,4,2,115.546875,116.54296875,137
live,after,0,0.0,4,2,116.54296875,117.5390625,115
live,after,0,0.0,4,2,117.5390625,118.53515625,108
live,after,0,0.0,4,2,118.53515625,119.53125,85
live,after,0,0.0,4,2,119.53125,120.52734375,98
live,after,0,0.0,4,2,120.52734375,121.5234375,118
live,after,0,0.0,4,2,121.5234375,122.51953125,92
live,after,0,0.0,4,2,122.51953125,123.515625,66
live,after,0,0.0,4,2,123.515625,124.51171875,91
live,after,0,0.0,4,2,124.51171875,125.5078125,81
live,after,0,0.0,4,2,125.5078125,126.50390625,62
live,after,0,0.0,4,2,126.50390625,127.5,82
live,after,0,0.0,4,2,127.5,128.49609375,73
live,after,0,0.0,4,2,128.49609375,129.4921875,73
live,after,0,0.0,4,2,129.4921875,130.48828125,57
live,after,0,0.0,4,2,130.48828125,131.484375,76
live,after,0,0.0,4,2,131.484375,132.48046875,75
live,after,0,0.0,4,2,132.48046875,133.4765625,88
live,after,0,0.0,4,2,133.4765625,134.47265625,76
live,after,0,0.0,4,2,134.47265625,135.46875,56
live,after,0,0.0,4,2,135.46875,136.46484375,58
live,after,0,0.0,4,2,136.46484375,137.4609375,67
live,after,0,0.0,4,2,137.4609375,138.45703125,56
live,after,0,0.0,4,2,138.45703125,139.453125,68
live,after,0,0.0,4,2,139.453125,140.44921875,62
live,after,0,0.0,4,2,140.44921875,141.4453125,56
live,after,0,0.0,4,2,141.4453125,142.44140625,56
live,after,0,0.0,4,2,142.44140625,143.4375,70
live,after,0,0.0,4,2,143.4375,144.43359375,53
live,after,0,0.0,4,2,144.43359375,145.4296875,62
live,after,0,0.0,4,2,145.4296875,146.42578125,59
live,after,0,0.0,4,2,146.42578125,147.421875,54
live,after,0,0.0,4,2,147.421875,148.41796875,59
live,after,0,0.0,4,2,148.41796875,149.4140625,51
live,after,0,0.0,4,2,149.4140625,150.41015625,50
live,after,0,0.0,4,2,150.41015625,151.40625,54
live,after,0,0.0,4,2,151.40625,152.40234375,54
live,after,0,0.0,4,2,152.40234375,153.3984375,63
live,after,0,0.0,4,2,153.3984375,154.39453125,52
live,after,0,0.0,4,2,154.39453125,155.390625,58
live,after,0,0.0,4,2,155.390625,156.38671875,55
live,after,0,0.0,4,2,156.38671875,157.3828125,54
live,after,0,0.0,4,2,157.3828125,158.37890625,55
live,after,0,0.0,4,2,158.37890625,159.375,47
live,after,0,0.0,4,2,159.375,160.37109375,43
live,after,0,0.0,4,2,160.37109375,161.3671875,49
live,after,0,0.0,4,2,161.3671875,162.36328125,64
live,after,0,0.0,4,2,162.36328125,163.359375,60
live,after,0,0.0,4,2,163.359375,164.35546875,43
live,after,0,0.0,4,2,164.35546875,165.3515625,51
live,after,0,0.0,4,2,165.3515625,166.34765625,53
live,after,0,0.0,4,2,166.34765625,167.34375,47
live,after,0,0.0,4,2,167.34375,168.33984375,51
live,after,0,0.0,4,2,168.33984375,169.3359375,54
live,after,0,0.0,4,2,169.3359375,170.33203125,64
live,after,0,0.0,4,2,170.33203125,171.328125,76
live,after,0,0.0,4,2,171.328125,172.32421875,54
live,after,0,0.0,4,2,172.32421875,173.3203125,45
live,after,0,0.0,4,2,173.3203125,174.31640625,52
live,after,0,0.0,4,2,174.31640625,175.3125,40
live,after,0,0.0,4,2,175.3125,176.30859375,33
live,after,0,0.0,4,2,176.30859375,177.3046875,50
live,after,0,0.0,4,2,177.3046875,178.30078125,34
live,after,0,0.0,4,2,178.30078125,179.296875,38
live,after,0,0.0,4,2,179.296875,180.29296875,29
live,after,0,0.0,4,2,180.29296875,181.2890625,40
live,after,0,0.0,4,2,181.2890625,182.28515625,32
live,after,0,0.0,4,2,182.28515625,183.28125,40
live,after,0,0.0,4,2,183.28125,184.27734375,27
live,after,0,0.0,4,2,184.27734375,185.2734375,34
live,after,0,0.0,4,2,185.2734375,186.26953125,36
live,after,0,0.0,4,2,186.26953125,187.265625,35
live,after,0,0.0,4,2,187.265625,188.26171875,40
live,after,0,0.0,4,2,188.26171875,189.2578125,42
live,after,0,0.0,4,2,189.2578125,190.25390625,39
live,after,0,0.0,4,2,190.25390625,191.25,37
live,after,0,0.0,4,2,191.25,192.24609375,34
live,after,0,0.0,4,2,192.24609375,193.2421875,40
live,after,0,0.0,4,2,193.2421875,194.23828125,37
live,after,0,0.0,4,2,194.23828125,195.234375,34
live,after,0,0.0,4,2,195.234375,196.23046875,32
live,after,0,0.0,4,2,196.23046875,197.2265625,23
live,after,0,0.0,4,2,197.2265625,198.22265625,32
live,after,0,0.0,4,2,198.22265625,199.21875,22
live,after,0,0.0,4,2,199.21875,200.21484375,37
live,after,0,0.0,4,2,200.21484375,201.2109375,34
live,after,0,0.0,4,2,201.2109375,202.20703125,29
live,after,0,0.0,4,2,202.20703125,203.203125,45
live,after,0,0.0,4,2,203.203125,204.19921875,38
live,after,0,0.0,4,2,204.19921875,205.1953125,33
live,after,0,0.0,4,2,205.1953125,206.19140625,41
live,after,0,0.0,4,2,206.19140625,207.1875,24
live,after,0,0.0,4,2,207.1875,208.18359375,24
live,after,0,0.0,4,2,208.18359375,209.1796875,20
live,after,0,0.0,4,2,209.1796875,210.17578125,36
live,after,0,0.0,4,2,210.17578125,211.171875,30
live,after,0,0.0,4,2,211.171875,212.16796875,29
live,after,0,0.0,4,2,212.16796875,213.1640625,34
live,after,0,0.0,4,2,213.1640625,214.16015625,28
live,after,0,0.0,4,2,214.16015625,215.15625,30
live,after,0,0.0,4,2,215.15625,216.15234375,26
live,after,0,0.0,4,2,216.15234375,217.1484375,32
live,after,0,0.0,4,2,217.1484375,218.14453125,36
live,after,0,0.0,4,2,218.14453125,219.140625,35
live,after,0,0.0,4,2,219.140625,220.13671875,39
live,after,0,0.0,4,2,220.13671875,221.1328125,34
live,after,0,0.0,4,2,221.1328125,222.12890625,31
live,after,0,0.0,4,2,222.12890625,223.125,34
live,after,0,0.0,4,2,223.125,224.12109375,36
live,after,0,0.0,4,2,224.12109375,225.1171875,45
live,after,0,0.0,4,2,225.1171875,226.11328125,46
live,after,0,0.0,4,2,226.11328125,227.109375,36
live,after,0,0.0,4,2,227.109375,228.10546875,46
live,after,0,0.0,4,2,228.10546875,229.1015625,51
live,after,0,0.0,4,2,229.1015625,230.09765625,73
live,after,0,0.0,4,2,230.09765625,231.09375,59
live,after,0,0.0,4,2,231.09375,232.08984375,62
live,after,0,0.0,4,2,232.08984375,233.0859375,70
live,after,0,0.0,4,2,233.0859375,234.08203125,115
live,after,0,0.0,4,2,234.08203125,235.078125,132
live,after,0,0.0,4,2,235.078125,236.07421875,509
live,after,0,0.0,4,2,236.07421875,237.0703125,651
live,after,0,0.0,4,2,237.0703125,238.06640625,94
live,after,0,0.0,4,2,238.06640625,239.0625,0
live,after,0,0.0,4,2,239.0625,240.05859375,0
live,after,0,0.0,4,2,240.05859375,241.0546875,0
live,after,0,0.0,4,2,241.0546875,242.05078125,0
live,after,0,0.0,4,2,242.05078125,243.046875,0
live,after,0,0.0,4,2,243.046875,244.04296875,0
live,after,0,0.0,4,2,244.04296875,245.0390625,0
live,after,0,0.0,4,2,245.0390625,246.03515625,0
live,after,0,0.0,4,2,246.03515625,247.03125,0
live,after,0,0.0,4,2,247.03125,248.02734375,0
live,after,0,0.0,4,2,248.02734375,249.0234375,0
live,after,0,0.0,4,2,249.0234375,250.01953125,0
live,after,0,0.0,4,2,250.01953125,251.015625,0
live,after,0,0.0,4,2,251.015625,252.01171875,0
live,after,0,0.0,4,2,252.01171875,253.0078125,0
live,after,0,0.0,4,2,253.0078125,254.00390625,0
live,after,0,0.0,4,2,254.00390625,255.0,0
dead,before,0,0.0,4,1,0.0,0.99609375,0
dead,before,0,0.0,4,1,0.99609375,1.9921875,0
dead,before,0,0.0,4,1,1.9921875,2.98828125,0
dead,before,0,0.0,4,1,2.98828125,3.984375,0
dead,before,0,0.0,4,1,3.984375,4.98046875,0
dead,before,0,0.0,4,1,4.98046875,5.9765625,0
dead,before,0,0.0,4,1,5.9765625,6.97265625,0
dead,before,0,0.0,4,1,6.97265625,7.96875,0
dead,before,0,0.0,4,1,7.96875,8.96484375,0
dead,before,0,0.0,4,1,8.96484375,9.9609375,0
dead,before,0,0.0,4,1,9.9609375,10.95703125,0
dead,before,0,0.0,4,1,10.95703125,11.953125,0
dead,before,0,0.0,4,1,11.953125,12.94921875,0
dead,before,0,0.0,4,1,12.94921875,13.9453125,0
dead,before,0,0.0,4,1,13.9453125,14.94140625,0
dead,before,0,0.0,4,1,14.94140625,15.9375,0
dead,before,0,0.0,4,1,15.9375,16.93359375,0
dead,before,0,0.0,4,1,16.93359375,17.9296875,0
dead,before,0,0.0,4,1,17.9296875,18.92578125,0
dead,before,0,0.0,4,1,18.92578125,19.921875,0
dead,before,0,0.0,4,1,19.921875,20.91796875,0
dead,before,0,0.0,4,1,20.91796875,21.9140625,0
dead,before,0,0.0,4,1,21.9140625,22.91015625,0
dead,before,0,0.0,4,1,22.91015625,23.90625,0
dead,before,0,0.0,4,1,23.90625,24.90234375,0
dead,before,0,0.0,4,1,24.90234375,25.8984375,0
dead,before,0,0.0,4,1,25.8984375,26.89453125,0
dead,before,0,0.0,4,1,26.89453125,27.890625,0
dead,before,0,0.0,4,1,27.890625,28.88671875,0
dead,before,0,0.0,4,1,28.88671875,29.8828125,0
dead,before,0,0.0,4,1,29.8828125,30.87890625,0
dead,before,0,0.0,4,1,30.87890625,31.875,0
dead,before,0,0.0,4,1,31.875,32.87109375,0
dead,before,0,0.0,4,1,32.87109375,33.8671875,0
dead,before,0,0.0,4,1,33.8671875,34.86328125,0
dead,before,0,0.0,4,1,34.86328125,35.859375,0
dead,before,0,0.0,4,1,35.859375,36.85546875,0
dead,before,0,0.0,4,1,36.85546875,37.8515625,0
dead,before,0,0.0,4,1,37.8515625,38.84765625,0
dead,before,0,0.0,4,1,38.84765625,39.84375,0
dead,before,0,0.0,4,1,39.84375,40.83984375,0
dead,before,0,0.0,4,1,40.83984375,41.8359375,0
dead,before,0,0.0,4,1,41.8359375,42.83203125,0
dead,before,0,0.0,4,1,42.83203125,43.828125,0
dead,before,0,0.0,4,1,43.828125,44.82421875,0
dead,before,0,0.0,4,1,44.82421875,45.8203125,0
dead,before,0,0.0,4,1,45.8203125,46.81640625,0
dead,before,0,0.0,4,1,46.81640625,47.8125,0
dead,before,0,0.0,4,1,47.8125,48.80859375,0
dead,before,0,0.0,4,1,48.80859375,49.8046875,0
dead,before,0,0.0,4,1,49.8046875,50.80078125,0
dead,before,0,0.0,4,1,50.80078125,51.796875,0
dead,before,0,0.0,4,1,51.796875,52.79296875,0
dead,before,0,0.0,4,1,52.79296875,53.7890625,0
dead,before,0,0.0,4,1,53.7890625,54.78515625,0
dead,before,0,0.0,4,1,54.78515625,55.78125,0
dead,before,0,0.0,4,1,55.78125,56.77734375,0
dead,before,0,0.0,4,1,56.77734375,57.7734375,0
dead,before,0,0.0,4,1,57.7734375,58.76953125,0
dead,before,0,0.0,4,1,58.76953125,59.765625,0
dead,before,0,0.0,4,1,59.765625,60.76171875,0
dead,before,0,0.0,4,1,60.76171875,61.7578125,0
dead,before,0,0.0,4,1,61.7578125,62.75390625,0
dead,before,0,0.0,4,1,62.75390625,63.75,0
dead,before,0,0.0,4,1,63.75,64.74609375,0
dead,before,0,0.0,4,1,64.74609375,65.7421875,0
dead,before,0,0.0,4,1,65.7421875,66.73828125,0
dead,before,0,0.0,4,1,66.73828125,67.734375,0
dead,before,0,0.0,4,1,67.734375,68.73046875,0
dead,before,0,0.0,4,1,68.73046875,69.7265625,0
dead,before,0,0.0,4,1,69.7265625,70.72265625,0
dead,before,0,0.0,4,1,70.72265625,71.71875,0
dead,before,0,0.0,4,1,71.71875,72.71484375,0
dead,before,0,0.0,4,1,72.71484375,73.7109375,0
dead,before,0,0.0,4,1,73.7109375,74.70703125,0
dead,before,0,0.0,4,1,74.70703125,75.703125,0
dead,before,0,0.0,4,1,75.703125,76.69921875,0
dead,before,0,0.0,4,1,76.69921875,77.6953125,0
dead,before,0,0.0,4,1,77.6953125,78.69140625,0
dead,before,0,0.0,4,1,78.69140625,79.6875,0
dead,before,0,0.0,4,1,79.6875,80.68359375,0
dead,before,0,0.0,4,1,80.68359375,81.6796875,0
dead,before,0,0.0,4,1,81.6796875,82.67578125,0
dead,before,0,0.0,4,1,82.67578125,83.671875,0
dead,before,0,0.0,4,1,83.671875,84.66796875,0
dead,before,0,0.0,4,1,84.66796875,85.6640625,0
dead,before,0,0.0,4,1,85.6640625,86.66015625,0
dead,before,0,0.0,4,1,86.66015625,87.65625,0
dead,before,0,0.0,4,1,87.65625,88.65234375,0
dead,before,0,0.0,4,1,88.65234375,89.6484375,0
dead,before,0,0.0,4,1,89.6484375,90.64453125,0
dead,before,0,0.0,4,1,90.64453125,91.640625,0
dead,before,0,0.0,4,1,91.640625,92.63671875,0
dead,before,0,0.0,4,1,92.63671875,93.6328125,0
dead,before,0,0.0,4,1,93.6328125,94.62890625,0
dead,before,0,0.0,4,1,94.62890625,95.625,0
dead,before,0,0.0,4,1,95.625,96.62109375,0
dead,before,0,0.0,4,1,96.62109375,97.6171875,0
dead,before,0,0.0,4,1,97.6171875,98.61328125,0
dead,before,0,0.0,4,1,98.61328125,99.609375,0
dead,before,0,0.0,4,1,99.609375,100.60546875,0
dead,before,0,0.0,4,1,100.60546875,101.6015625,0
dead,before,0,0.0,4,1,101.6015625,102.59765625,0
dead,before,0,0.0,4,1,102.59765625,103.59375,0
dead,before,0,0.0,4,1,103.59375,104.58984375,0
dead,before,0,0.0,4,1,104.58984375,105.5859375,0
dead,before,0,0.0,4,1,105.5859375,106.58203125,0
dead,before,0,0.0,4,1,106.58203125,107.578125,0
dead,before,0,0.0,4,1,107.578125,108.57421875,0
dead,before,0,0.0,4,1,108.57421875,109.5703125,0
dead,before,0,0.0,4,1,109.5703125,110.56640625,0
dead,before,0,0.0,4,1,110.56640625,111.5625,0
dead,before,0,0.0,4,1,111.5625,112.55859375,0
dead,before,0,0.0,4,1,112.55859375,113.5546875,0
dead,before,0,0.0,4,1,113.5546875,114.55078125,0
dead,before,0,0.0,4,1,114.55078125,115.546875,0
dead,before,0,0.0,4,1,115.546875,116.54296875,0
dead,before,0,0.0,4,1,116.54296875,117.5390625,0
dead,before,0,0.0,4,1,117.5390625,118.53515625,0
dead,before,0,0.0,4,1,118.53515625,119.53125,0
dead,before,0,0.0,4,1,119.53125,120.52734375,0
dead,before,0,0.0,4,1,120.52734375,121.5234375,0
dead,before,0,0.0,4,1,121.5234375,122.51953125,0
dead,before,0,0.0,4,1,122.51953125,123.515625,0
dead,before,0,0.0,4,1,123.515625,124.51171875,0
dead,before,0,0.0,4,1,124.51171875,125.5078125,0
dead,before,0,0.0,4,1,125.5078125,126.50390625,0
dead,before,0,0.0,4,1,126.50390625,127.5,0
dead,before,0,0.0,4,1,127.5,128.49609375,0
dead,before,0,0.0,4,1,128.49609375,129.4921875,0
dead,before,0,0.0,4,1,129.4921875,130.48828125,0
dead,before,0,0.0,4,1,130.48828125,131.484375,0
dead,before,0,0.0,4,1,131.484375,132.48046875,0
dead,before,0,0.0,4,1,132.48046875,133.4765625,0
dead,before,0,0.0,4,1,133.4765625,134.47265625,0
dead,before,0,0.0,4,1,134.47265625,135.46875,0
dead,before,0,0.0,4,1,135.46875,136.46484375,0
dead,before,0,0.0,4,1,136.46484375,137.4609375,0
dead,before,0,0.0,4,1,137.4609375,138.45703125,0
dead,before,0,0.0,4,1,138.45703125,139.453125,0
dead,before,0,0.0,4,1,139.453125,140.44921875,0
dead,before,0,0.0,4,1,140.44921875,141.4453125,0
dead,before,0,0.0,4,1,141.4453125,142.44140625,0
dead,before,0,0.0,4,1,142.44140625,143.4375,0
dead,before,0,0.0,4,1,143.4375,144.43359375,0
dead,before,0,0.0,4,1,144.43359375,145.4296875,0
dead,before,0,0.0,4,1,145.4296875,146.42578125,0
dead,before,0,0.0,4,1,146.42578125,147.421875,0
dead,before,0,0.0,4,1,147.421875,148.41796875,0
dead,before,0,0.0,4,1,148.41796875,149.4140625,0
dead,before,0,0.0,4,1,149.4140625,150.41015625,0
dead,before,0,0.0,4,1,150.41015625,151.40625,0
dead,before,0,0.0,4,1,151.40625,152.40234375,0
dead,before,0,0.0,4,1,152.40234375,153.3984375,0
dead,before,0,0.0,4,1,153.3984375,154.39453125,0
dead,before,0,0.0,4,1,154.39453125,155.390625,0
dead,before,0,0.0,4,1,155.390625,156.38671875,0
dead,before,0,0.0,4,1,156.38671875,157.3828125,0
dead,before,0,0.0,4,1,157.3828125,158.37890625,0
dead,before,0,0.0,4,1,158.37890625,159.375,0
dead,before,0,0.0,4,1,159.375,160.37109375,0
dead,before,0,0.0,4,1,160.37109375,161.3671875,0
dead,before,0,0.0,4,1,161.3671875,162.36328125,0
dead,before,0,0.0,4,1,162.36328125,163.359375,0
dead,before,0,0.0,4,1,163.359375,164.35546875,0
dead,before,0,0.0,4,1,164.35546875,165.3515625,0
dead,before,0,0.0,4,1,165.3515625,166.34765625,0
dead,before,0,0.0,4,1,166.34765625,167.34375,0
dead,before,0,0.0,4,1,167.34375,168.33984375,0
dead,before,0,0.0,4,1,168.33984375,169.3359375,0
dead,before,0,0.0,4,1,169.3359375,170.33203125,0
dead,before,0,0.0,4,1,170.33203125,171.328125,0
dead,before,0,0.0,4,1,171.328125,172.32421875,0
dead,before,0,0.0,4,1,172.32421875,173.3203125,0
dead,before,0,0.0,4,1,173.3203125,174.31640625,0
dead,before,0,0.0,4,1,174.31640625,175.3125,0
dead,before,0,0.0,4,1,175.3125,176.30859375,0
dead,before,0,0.0,4,1,176.30859375,177.3046875,0
dead,before,0,0.0,4,1,177.3046875,178.30078125,0
dead,before,0,0.0,4,1,178.30078125,179.296875,0
dead,before,0,0.0,4,1,179.296875,180.29296875,0
dead,before,0,0.0,4,1,180.29296875,181.2890625,0
dead,before,0,0.0,4,1,181.2890625,182.28515625,0
dead,before,0,0.0,4,1,182.28515625,183.28125,0
dead,before,0,0.0,4,1,183.28125,184.27734375,0
dead,before,0,0.0,4,1,184.27734375,185.2734375,0
dead,before,0,0.0,4,1,185.2734375,186.26953125,0
dead,before,0,0.0,4,1,186.26953125,187.265625,0
dead,before,0,0.0,4,1,187.265625,188.26171875,0
dead,before,0,0.0,4,1,188.26171875,189.2578125,0
dead,before,0,0.0,4,1,189.2578125,190.25390625,0
dead,before,0,0.0,4,1,190.25390625,191.25,0
dead,before,0,0.0,4,1,191.25,192.24609375,0
dead,before,0,0.0,4,1,192.24609375,193.2421875,0
dead,before,0,0.0,4,1,193.2421875,194.23828125,0
dead,before,0,0.0,4,1,194.23828125,195.234375,0
dead,before,0,0.0,4,1,195.234375,196.23046875,0
dead,before,0,0.0,4,1,196.23046875,197.2265625,0
dead,before,0,0.0,4,1,197.2265625,198.22265625,0
dead,before,0,0.0,4,1,198.22265625,199.21875,0
dead,before,0,0.0,4,1,199.21875,200.21484375,0
dead,before,0,0.0,4,1,200.21484375,201.2109375,0
dead,before,0,0.0,4,1,201.2109375,202.20703125,0
dead,before,0,0.0,4,1,202.20703125,203.203125,0
dead,before,0,0.0,4,1,203.203125,204.19921875,0
dead,before,0,0.0,4,1,204.19921875,205.1953125,0
dead,before,0,0.0,4,1,205.1953125,206.19140625,0
dead,before,0,0.0,4,1,206.19140625,207.1875,0
dead,before,0,0.0,4,1,207.1875,208.18359375,0
dead,before,0,0.0,4,1,208.18359375,209.1796875,0
dead,before,0,0.0,4,1,209.1796875,210.17578125,0
dead,before,0,0.0,4,1,210.17578125,211.171875,0
dead,before,0,0.0,4,1,211.171875,212.16796875,0
dead,before,0,0.0,4,1,212.16796875,213.1640625,0
dead,before,0,0.0,4,1,213.1640625,214.16015625,0
dead,before,0,0.0,4,1,214.16015625,215.15625,0
dead,before,0,0.0,4,1,215.15625,216.15234375,0
dead,before,0,0.0,4,1,216.15234375,217.1484375,0
dead,before,0,0.0,4,1,217.1484375,218.14453125,0
dead,before,0,0.0,4,1,218.14453125,219.140625,0
dead,before,0,0.0,4,1,219.140625,220.13671875,0
dead,before,0,0.0,4,1,220.13671875,221.1328125,0
dead,before,0,0.0,4,1,221.1328125,222.12890625,0
dead,before,0,0.0,4,1,222.12890625,223.125,0
dead,before,0,0.0,4,1,223.125,224.12109375,0
dead,before,0,0.0,4,1,224.12109375,225.1171875,0
dead,before,0,0.0,4,1,225.1171875,226.11328125,0
dead,before,0,0.0,4,1,226.11328125,227.109375,0
dead,before,0,0.0,4,1,227.109375,228.10546875,0
dead,before,0,0.0,4,1,228.10546875,229.1015625,0
dead,before,0,0.0,4,1,229.1015625,230.09765625,0
dead,before,0,0.0,4,1,230.09765625,231.09375,0
dead,before,0,0.0,4,1,231.09375,232.08984375,0
dead,before,0,0.0,4,1,232.08984375,233.0859375,0
dead,before,0,0.0,4,1,233.0859375,234.08203125,0
dead,before,0,0.0,4,1,234.08203125,235.078125,0
dead,before,0,0.0,4,1,235.078125,236.07421875,0
dead,before,0,0.0,4,1,236.07421875,237.0703125,0
dead,before,0,0.0,4,1,237.0703125,238.06640625,0
dead,before,0,0.0,4,1,238.06640625,239.0625,0
dead,before,0,0.0,4,1,239.0625,240.05859375,0
dead,before,0,0.0,4,1,240.05859375,241.0546875,0
dead,before,0,0.0,4,1,241.0546875,242.05078125,0
dead,before,0,0.0,4,1,242.05078125,243.046875,0
dead,before,0,0.0,4,1,243.046875,244.04296875,0
dead,before,0,0.0,4,1,244.04296875,245.0390625,0
dead,before,0,0.0,4,1,245.0390625,246.03515625,0
dead,before,0,0.0,4,1,246.03515625,247.03125,0
dead,before,0,0.0,4,1,247.03125,248.02734375,0
dead,before,0,0.0,4,1,248.02734375,249.0234375,0
dead,before,0,0.0,4,1,249.0234375,250.01953125,0
dead,before,0,0.0,4,1,250.01953125,251.015625,0
dead,before,0,0.0,4,1,251.015625,252.01171875,0
dead,before,0,0.0,4,1,252.01171875,253.0078125,0
dead,before,0,0.0,4,1,253.0078125,254.00390625,0
dead,before,0,0.0,4,1,254.00390625,255.0,0
dead,corrected,0,0.0,4,1,754.0,1007.05078125,179102
dead,corrected,0,0.0,4,1,1007.05078125,1260.1015625,143572
dead,corrected,0,0.0,4,1,1260.1015625,1513.15234375,127683
dead,corrected,0,0.0,4,1,1513.15234375,1766.203125,115171
dead,corrected,0,0.0,4,1,1766.203125,2019.25390625,105449
dead,corrected,0,0.0,4,1,2019.25390625,2272.3046875,97576
dead,corrected,0,0.0,4,1,2272.3046875,2525.35546875,92949
dead,corrected,0,0.0,4,1,2525.35546875,2778.40625,84114
dead,corrected,0,0.0,4,1,2778.40625,3031.45703125,75726
dead,corrected,0,0.0,4,1,3031.45703125,3284.5078125,70824
dead,corrected,0,0.0,4,1,3284.5078125,3537.55859375,67310
dead,corrected,0,0.0,4,1,3537.55859375,3790.609375,64147
dead,corrected,0,0.0,4,1,3790.609375,4043.66015625,61931
dead,corrected,0,0.0,4,1,4043.66015625,4296.7109375,58813
dead,corrected,0,0.0,4,1,4296.7109375,4549.76171875,56885
dead,corrected,0,0.0,4,1,4549.76171875,4802.8125,54597
dead,corrected,0,0.0,4,1,4802.8125,5055.86328125,51449
dead,corrected,0,0.0,4,1,5055.86328125,5308.9140625,46525
dead,corrected,0,0.0,4,1,5308.9140625,5561.96484375,41688
dead,corrected,0,0.0,4,1,5561.96484375,5815.015625,37991
dead,corrected,0,0.0,4,1,5815.015625,6068.06640625,34770
dead,corrected,0,0.0,4,1,6068.06640625,6321.1171875,32058
dead,corrected,0,0.0,4,1,6321.1171875,6574.16796875,30952
dead,corrected,0,0.0,4,1,6574.16796875,6827.21875,29596
dead,corrected,0,0.0,4,1,6827.21875,7080.26953125,28209
dead,corrected,0,0.0,4,1,7080.26953125,7333.3203125,25863
dead,corrected,0,0.0,4,1,7333.3203125,7586.37109375,23848
dead,corrected,0,0.0,4,1,7586.37109375,7839.421875,21845
dead,corrected,0,0.0,4,1,7839.421875,8092.47265625,20837
dead,corrected,0,0.0,4,1,8092.47265625,8345.5234375,19647
dead,corrected,0,0.0,4,1,8345.5234375,8598.57421875,19044
dead,corrected,0,0.0,4,1,8598.57421875,8851.625,17923
dead,corrected,0,0.0,4,1,8851.625,9104.67578125,17282
dead,corrected,0,0.0,4,1,9104.67578125,9357.7265625,16458
dead,corrected,0,0.0,4,1,9357.7265625,9610.77734375,15730
dead,corrected,0,0.0,4,1,9610.77734375,9863.828125,15137
dead,corrected,0,0.0,4,1,9863.828125,10116.87890625,14196
dead,corrected,0,0.0,4,1,10116.87890625,10369.9296875,13758
dead,corrected,0,0.0,4,1,10369.9296875,10622.98046875,13180
dead,corrected,0,0.0,4,1,10622.98046875,10876.03125,12358
dead,corrected,0,0.0,4,1,10876.03125,11129.08203125,11856
dead,corrected,0,0.0,4,1,11129.08203125,11382.1328125,11486
dead,corrected,0,0.0,4,1,11382.1328125,11635.18359375,11172
dead,corrected,0,0.0,4,1,11635.18359375,11888.234375,10921
dead,corrected,0,0.0,4,1,11888.234375,12141.28515625,10438
dead,corrected,0,0.0,4,1,12141.28515625,12394.3359375,9835
dead,corrected,0,0.0,4,1,12394.3359375,12647.38671875,9698
dead,corrected,0,0.0,4,1,12647.38671875,12900.4375,9154
dead,corrected,0,0.0,4,1,12900.4375,13153.48828125,8906
dead,corrected,0,0.0,4,1,13153.48828125,13406.5390625,8288
dead,corrected,0,0.0,4,1,13406.5390625,13659.58984375,8056
dead,corrected,0,0.0,4,1,13659.58984375,13912.640625,7502
dead,corrected,0,0.0,4,1,13912.640625,14165.69140625,7282
dead,corrected,0,0.0,4,1,14165.69140625,14418.7421875,7109
dead,corrected,0,0.0,4,1,14418.7421875,14671.79296875,6938
dead,corrected,0,0.0,4,1,14671.79296875,14924.84375,6558
dead,corrected,0,0.0,4,1,14924.84375,15177.89453125,6375
dead,corrected,0,0.0,4,1,15177.89453125,15430.9453125,5958
dead,corrected,0,0.0,4,1,15430.9453125,15683.99609375,5808
dead,corrected,0,0.0,4,1,15683.99609375,15937.046875,5774
dead,corrected,0,0.0,4,1,15937.046875,16190.09765625,5518
dead,corrected,0,0.0,4,1,16190.09765625,16443.1484375,5392
dead,corrected,0,0.0,4,1,16443.1484375,16696.19921875,5258
dead,corrected,0,0.0,4,1,16696.19921875,16949.25,5196
dead,corrected,0,0.0,4,1,16949.25,17202.30078125,5073
dead,corrected,0,0.0,4,1,17202.30078125,17455.3515625,4756
dead,corrected,0,0.0,4,1,17455.3515625,17708.40234375,4649
dead,corrected,0,0.0,4,1,17708.40234375,17961.453125,4420
dead,corrected,0,0.0,4,1,17961.453125,18214.50390625,4241
dead,corrected,0,0.0,4,1,18214.50390625,18467.5546875,4209
dead,corrected,0,0.0,4,1,18467.5546875,18720.60546875,4093
dead,corrected,0,0.0,4,1,18720.60546875,18973.65625,3955
dead,corrected,0,0.0,4,1,18973.65625,19226.70703125,3829
dead,corrected,0,0.0,4,1,19226.70703125,19479.7578125,3678
dead,corrected,0,0.0,4,1,19479.7578125,19732.80859375,3634
dead,corrected,0,0.0,4,1,19732.80859375,19985.859375,3477
dead,corrected,0,0.0,4,1,19985.859375,20238.91015625,3503
dead,corrected,0,0.0,4,1,20238.91015625,20491.9609375,3390
dead,corrected,0,0.0,4,1,20491.9609375,20745.01171875,3170
dead,corrected,0,0.0,4,1,20745.01171875,20998.0625,3162
dead,corrected,0,0.0,4,1,20998.0625,21251.11328125,3072
dead,corrected,0,0.0,4,1,21251.11328125,21504.1640625,2895
dead,corrected,0,0.0,4,1,21504.1640625,21757.21484375,2948
dead,corrected,0,0.0,4,1,21757.21484375,22010.265625,2878
dead,corrected,0,0.0,4,1,22010.265625,22263.31640625,2746
dead,corrected,0,0.0,4,1,22263.31640625,22516.3671875,2808
dead,corrected,0,0.0,4,1,22516.3671875,22769.41796875,2671
dead,corrected,0,0.0,4,1,22769.41796875,23022.46875,2649
dead,corrected,0,0.0,4,1,23022.46875,23275.51953125,2537
dead,corrected,0,0.0,4,1,23275.51953125,23528.5703125,2567
dead,corrected,0,0.0,4,1,23528.5703125,23781.62109375,2456
dead,corrected,0,0.0,4,1,23781.62109375,24034.671875,2503
dead,corrected,0,0.0,4,1,24034.671875,24287.72265625,2412
dead,corrected,0,0.0,4,1,24287.72265625,24540.7734375,2308
dead,corrected,0,0.0,4,1,24540.7734375,24793.82421875,2273
dead,corrected,0,0.0,4,1,24793.82421875,25046.875,2168
dead,corrected,0,0.0,4,1,25046.875,25299.92578125,2182
dead,corrected,0,0.0,4,1,25299.92578125,25552.9765625,2204
dead,corrected,0,0.0,4,1,25552.9765625,25806.02734375,2115
dead,corrected,0,0.0,4,1,25806.02734375,26059.078125,2048
dead,corrected,0,0.0,4,1,26059.078125,26312.12890625,1931
dead,corrected,0,0.0,4,1,26312.12890625,26565.1796875,1928
dead,corrected,0,0.0,4,1,26565.1796875,26818.23046875,1985
dead,corrected,0,0.0,4,1,26818.23046875,27071.28125,1866
dead,corrected,0,0.0,4,1,27071.28125,27324.33203125,1806
dead,corrected,0,0.0,4,1,27324.33203125,27577.3828125,1848
dead,corrected,0,0.0,4,1,27577.3828125,27830.43359375,1741
dead,corrected,0,0.0,4,1,27830.43359375,28083.484375,1741
dead,corrected,0,0.0,4,1,28083.484375,28336.53515625,1754
dead,corrected,0,0.0,4,1,28336.53515625,28589.5859375,1697
dead,corrected,0,0.0,4,1,28589.5859375,28842.63671875,1709
dead,corrected,0,0.0,4,1,28842.63671875,29095.6875,1656
dead,corrected,0,0.0,4,1,29095.6875,29348.73828125,1668
dead,corrected,0,0.0,4,1,29348.73828125,29601.7890625,1645
dead,corrected,0,0.0,4,1,29601.7890625,29854.83984375,1565
dead,corrected,0,0.0,4,1,29854.83984375,30107.890625,1552
dead,corrected,0,0.0,4,1,30107.890625,30360.94140625,1547
dead,corrected,0,0.0,4,1,30360.94140625,30613.9921875,1516
dead,corrected,0,0.0,4,1,30613.9921875,30867.04296875,1439
dead,corrected,0,0.0,4,1,30867.04296875,31120.09375,1446
dead,corrected,0,0.0,4,1,31120.09375,31373.14453125,1405
dead,corrected,0,0.0,4,1,31373.14453125,31626.1953125,1303
dead,corrected,0,0.0,4,1,31626.1953125,31879.24609375,1373
dead,corrected,0,0.0,4,1,31879.24609375,32132.296875,1341
dead,corrected,0,0.0,4,1,32132.296875,32385.34765625,1289
dead,corrected,0,0.0,4,1,32385.34765625,32638.3984375,1336
dead,corrected,0,0.0,4,1,32638.3984375,32891.44921875,1287
dead,corrected,0,0.0,4,1,32891.44921875,33144.5,1345
dead,corrected,0,0.0,4,1,33144.5,33397.55078125,1292
dead,corrected,0,0.0,4,1,33397.55078125,33650.6015625,1251
dead,corrected,0,0.0,4,1,33650.6015625,33903.65234375,1215
dead,corrected,0,0.0,4,1,33903.65234375,34156.703125,1193
dead,corrected,0,0.0,4,1,34156.703125,34409.75390625,1136
dead,corrected,0,0.0,4,1,34409.75390625,34662.8046875,1109
dead,corrected,0,0.0,4,1,34662.8046875,34915.85546875,1124
dead,corrected,0,0.0,4,1,34915.85546875,35168.90625,1050
dead,corrected,0,0.0,4,1,35168.90625,35421.95703125,1038
dead,corrected,0,0.0,4,1,35421.95703125,35675.0078125,1030
dead,corrected,0,0.0,4,1,35675.0078125,35928.05859375,991
dead,corrected,0,0.0,4,1,35928.05859375,36181.109375,1012
dead,corrected,0,0.0,4,1,36181.109375,36434.16015625,984
dead,corrected,0,0.0,4,1,36434.16015625,36687.2109375,909
dead,corrected,0,0.0,4,1,36687.2109375,36940.26171875,969
dead,corrected,0,0.0,4,1,36940.26171875,37193.3125,869
dead,corrected,0,0.0,4,1,37193.3125,37446.36328125,902
dead,corrected,0,0.0,4,1,37446.36328125,37699.4140625,877
dead,corrected,0,0.0,4,1,37699.4140625,37952.46484375,847
dead,corrected,0,0.0,4,1,37952.46484375,38205.515625,782
dead,corrected,0,0.0,4,1,38205.515625,38458.56640625,802
dead,corrected,0,0.0,4,1,38458.56640625,38711.6171875,765
dead,corrected,0,0.0,4,1,38711.6171875,38964.66796875,754
dead,corrected,0,0.0,4,1,38964.66796875,39217.71875,767
dead,corrected,0,0.0,4,1,39217.71875,39470.76953125,726
dead,corrected,0,0.0,4,1,39470.76953125,39723.8203125,744
dead,corrected,0,0.0,4,1,39723.8203125,39976.87109375,721
dead,corrected,0,0.0,4,1,39976.87109375,40229.921875,704
dead,corrected,0,0.0,4,1,40229.921875,40482.97265625,686
dead,corrected,0,0.0,4,1,40482.97265625,40736.0234375,670
dead,corrected,0,0.0,4,1,40736.0234375,40989.07421875,694
dead,corrected,0,0.0,4,1,40989.07421875,41242.125,681
dead,corrected,0,0.0,4,1,41242.125,41495.17578125,664
dead,corrected,0,0.0,4,1,41495.17578125,41748.2265625,614
dead,corrected,0,0.0,4,1,41748.2265625,42001.27734375,617
dead,corrected,0,0.0,4,1,42001.27734375,42254.328125,627
dead,corrected,0,0.0,4,1,42254.328125,42507.37890625,625
dead,corrected,0,0.0,4,1,42507.37890625,42760.4296875,592
dead,corrected,0,0.0,4,1,42760.4296875,43013.48046875,599
dead,corrected,0,0.0,4,1,43013.48046875,43266.53125,543
dead,corrected,0,0.0,4,1,43266.53125,43519.58203125,600
dead,corrected,0,0.0,4,1,43519.58203125,43772.6328125,590
dead,corrected,0,0.0,4,1,43772.6328125,44025.68359375,541
dead,corrected,0,0.0,4,1,44025.68359375,44278.734375,569
dead,corrected,0,0.0,4,1,44278.734375,44531.78515625,570
dead,corrected,0,0.0,4,1,44531.78515625,44784.8359375,541
dead,corrected,0,0.0,4,1,44784.8359375,45037.88671875,568
dead,corrected,0,0.0,4,1,45037.88671875,45290.9375,518
dead,corrected,0,0.0,4,1,45290.9375,45543.98828125,522
dead,corrected,0,0.0,4,1,45543.98828125,45797.0390625,532
dead,corrected,0,0.0,4,1,45797.0390625,46050.08984375,503
dead,corrected,0,0.0,4,1,46050.08984375,46303.140625,471
dead,corrected,0,0.0,4,1,46303.140625,46556.19140625,482
dead,corrected,0,0.0,4,1,46556.19140625,46809.2421875,494
dead,corrected,0,0.0,4,1,46809.2421875,47062.29296875,460
dead,corrected,0,0.0,4,1,47062.29296875,47315.34375,472
dead,corrected,0,0.0,4,1,47315.34375,47568.39453125,438
dead,corrected,0,0.0,4,1,47568.39453125,47821.4453125,432
dead,corrected,0,0.0,4,1,47821.4453125,48074.49609375,441
dead,corrected,0,0.0,4,1,48074.49609375,48327.546875,420
dead,corrected,0,0.0,4,1,48327.546875,48580.59765625,399
dead,corrected,0,0.0,4,1,48580.59765625,48833.6484375,401
dead,corrected,0,0.0,4,1,48833.6484375,49086.69921875,412
dead,corrected,0,0.0,4,1,49086.69921875,49339.75,373
dead,corrected,0,0.0,4,1,49339.75,49592.80078125,392
dead,corrected,0,0.0,4,1,49592.80078125,49845.8515625,361
dead,corrected,0,0.0,4,1,49845.8515625,50098.90234375,357
dead,corrected,0,0.0,4,1,50098.90234375,50351.953125,331
dead,corrected,0,0.0,4,1,50351.953125,50605.00390625,341
dead,corrected,0,0.0,4,1,50605.00390625,50858.0546875,324
dead,corrected,0,0.0,4,1,50858.0546875,51111.10546875,335
dead,corrected,0,0.0,4,1,51111.10546875,51364.15625,302
dead,corrected,0,0.0,4,1,51364.15625,51617.20703125,305
dead,corrected,0,0.0,4,1,51617.20703125,51870.2578125,323
dead,corrected,0,0.0,4,1,51870.2578125,52123.30859375,320
dead,corrected,0,0.0,4,1,52123.30859375,52376.359375,300
dead,corrected,0,0.0,4,1,52376.359375,52629.41015625,280
dead,corrected,0,0.0,4,1,52629.41015625,52882.4609375,311
dead,corrected,0,0.0,4,1,52882.4609375,53135.51171875,297
dead,corrected,0,0.0,4,1,53135.51171875,53388.5625,287
dead,corrected,0,0.0,4,1,53388.5625,53641.61328125,269
dead,corrected,0,0.0,4,1,53641.61328125,53894.6640625,305
dead,corrected,0,0.0,4,1,53894.6640625,54147.71484375,304
dead,corrected,0,0.0,4,1,54147.71484375,54400.765625,321
dead,corrected,0,0.0,4,1,54400.765625,54653.81640625,270
dead,corrected,0,0.0,4,1,54653.81640625,54906.8671875,325
dead,corrected,0,0.0,4,1,54906.8671875,55159.91796875,273
dead,corrected,0,0.0,4,1,55159.91796875,55412.96875,291
dead,corrected,0,0.0,4,1,55412.96875,55666.01953125,288
dead,corrected,0,0.0,4,1,55666.01953125,55919.0703125,296
dead,corrected,0,0.0,4,1,55919.0703125,56172.12109375,258
dead,corrected,0,0.0,4,1,56172.12109375,56425.171875,258
dead,corrected,0,0.0,4,1,56425.171875,56678.22265625,269
dead,corrected,0,0.0,4,1,56678.22265625,56931.2734375,230
dead,corrected,0,0.0,4,1,56931.2734375,57184.32421875,235
dead,corrected,0,0.0,4,1,57184.32421875,57437.375,237
dead,corrected,0,0.0,4,1,57437.375,57690.42578125,233
dead,corrected,0,0.0,4,1,57690.42578125,57943.4765625,226
dead,corrected,0,0.0,4,1,57943.4765625,58196.52734375,214
dead,corrected,0,0.0,4,1,58196.52734375,58449.578125,236
dead,corrected,0,0.0,4,1,58449.578125,58702.62890625,211
dead,corrected,0,0.0,4,1,58702.62890625,58955.6796875,235
dead,corrected,0,0.0,4,1,58955.6796875,59208.73046875,246
dead,corrected,0,0.0,4,1,59208.73046875,59461.78125,228
dead,corrected,0,0.0,4,1,59461.78125,59714.83203125,262
dead,corrected,0,0.0,4,1,59714.83203125,59967.8828125,241
dead,corrected,0,0.0,4,1,59967.8828125,60220.93359375,236
dead,corrected,0,0.0,4,1,60220.93359375,60473.984375,193
dead,corrected,0,0.0,4,1,60473.984375,60727.03515625,222
dead,corrected,0,0.0,4,1,60727.03515625,60980.0859375,203
dead,corrected,0,0.0,4,1,60980.0859375,61233.13671875,225
dead,corrected,0,0.0,4,1,61233.13671875,61486.1875,211
dead,corrected,0,0.0,4,1,61486.1875,61739.23828125,8624
dead,corrected,0,0.0,4,1,61739.23828125,61992.2890625,0
dead,corrected,0,0.0,4,1,61992.2890625,62245.33984375,0
dead,corrected,0,0.0,4,1,62245.33984375,62498.390625,0
dead,corrected,0,0.0,4,1,62498.390625,62751.44140625,0
dead,corrected,0,0.0,4,1,62751.44140625,63004.4921875,0
dead,corrected,0,0.0,4,1,63004.4921875,63257.54296875,0
dead,corrected,0,0.0,4,1,63257.54296875,63510.59375,0
dead,corrected,0,0.0,4,1,63510.59375,63763.64453125,0
dead,corrected,0,0.0,4,1,63763.64453125,64016.6953125,0
dead,corrected,0,0.0,4,1,64016.6953125,64269.74609375,0
dead,corrected,0,0.0,4,1,64269.74609375,64522.796875,0
dead,corrected,0,0.0,4,1,64522.796875,64775.84765625,0
dead,corrected,0,0.0,4,1,64775.84765625,65028.8984375,0
dead,corrected,0,0.0,4,1,65028.8984375,65281.94921875,0
dead,corrected,0,0.0,4,1,65281.94921875,65535.0,0
dead,after,0,0.0,4,1,0.0,0.99609375,0
dead,after,0,0.0,4,1,0.99609375,1.9921875,0
dead,after,0,0.0,4,1,1.9921875,2.98828125,0
dead,after,0,0.0,4,1,2.98828125,3.984375,0
dead,after,0,0.0,4,1,3.984375,4.98046875,0
dead,after,0,0.0,4,1,4.98046875,5.9765625,0
dead,after,0,0.0,4,1,5.9765625,6.97265625,0
dead,after,0,0.0,4,1,6.97265625,7.96875,0
dead,after,0,0.0,4,1,7.96875,8.96484375,0
dead,after,0,0.0,4,1,8.96484375,9.9609375,0
dead,after,0,0.0,4,1,9.9609375,10.95703125,65958
dead,after,0,0.0,4,1,10.95703125,11.953125,63503
dead,after,0,0.0,4,1,11.953125,12.94921875,60906
dead,after,0,0.0,4,1,12.94921875,13.9453125,57928
dead,after,0,0.0,4,1,13.9453125,14.94140625,56093
dead,after,0,0.0,4,1,14.94140625,15.9375,53106
dead,after,0,0.0,4,1,15.9375,16.93359375,50017
dead,after,0,0.0,4,1,16.93359375,17.9296875,43929
dead,after,0,0.0,4,1,17.9296875,18.92578125,39268
dead,after,0,0.0,4,1,18.92578125,19.921875,36392
dead,after,0,0.0,4,1,19.921875,20.91796875,33070
dead,after,0,0.0,4,1,20.91796875,21.9140625,31740
dead,after,0,0.0,4,1,21.9140625,22.91015625,30251
dead,after,0,0.0,4,1,22.91015625,23.90625,29067
dead,after,0,0.0,4,1,23.90625,24.90234375,27348
dead,after,0,0.0,4,1,24.90234375,25.8984375,24658
dead,after,0,0.0,4,1,25.8984375,26.89453125,22705
dead,after,0,0.0,4,1,26.89453125,27.890625,21349
dead,after,0,0.0,4,1,27.890625,28.88671875,20126
dead,after,0,0.0,4,1,28.88671875,29.8828125,19444
dead,after,0,0.0,4,1,29.8828125,30.87890625,18514
dead,after,0,0.0,4,1,30.87890625,31.875,17766
dead,after,0,0.0,4,1,31.875,32.87109375,16830
dead,after,0,0.0,4,1,32.87109375,33.8671875,16097
dead,after,0,0.0,4,1,33.8671875,34.86328125,15585
dead,after,0,0.0,4,1,34.86328125,35.859375,14571
dead,after,0,0.0,4,1,35.859375,36.85546875,14040
dead,after,0,0.0,4,1,36.85546875,37.8515625,13434
dead,after,0,0.0,4,1,37.8515625,38.84765625,12674
dead,after,0,0.0,4,1,38.84765625,39.84375,12055
dead,after,0,0.0,4,1,39.84375,40.83984375,11790
dead,after,0,0.0,4,1,40.83984375,41.8359375,11441
dead,after,0,0.0,4,1,41.8359375,42.83203125,11135
dead,after,0,0.0,4,1,42.83203125,43.828125,10587
dead,after,0,0.0,4,1,43.828125,44.82421875,10237
dead,after,0,0.0,4,1,44.82421875,45.8203125,9875
dead,after,0,0.0,4,1,45.8203125,46.81640625,9419
dead,after,0,0.0,4,1,46.81640625,47.8125,9120
dead,after,0,0.0,4,1,47.8125,48.80859375,8689
dead,after,0,0.0,4,1,48.80859375,49.8046875,7968
dead,after,0,0.0,4,1,49.8046875,50.80078125,7629
dead,after,0,0.0,4,1,50.80078125,51.796875,7496
dead,after,0,0.0,4,1,51.796875,52.79296875,7182
dead,after,0,0.0,4,1,52.79296875,53.7890625,7188
dead,after,0,0.0,4,1,53.7890625,54.78515625,6762
dead,after,0,0.0,4,1,54.78515625,55.78125,6409
dead,after,0,0.0,4,1,55.78125,56.77734375,6034
dead,after,0,0.0,4,1,56.77734375,57.7734375,5917
dead,after,0,0.0,4,1,57.7734375,58.76953125,5808
dead,after,0,0.0,4,1,58.76953125,59.765625,5843
dead,after,0,0.0,4,1,59.765625,60.76171875,5402
dead,after,0,0.0,4,1,60.76171875,61.7578125,5327
dead,after,0,0.0,4,1,61.7578125,62.75390625,5396
dead,after,0,0.0,4,1,62.75390625,63.75,5157
dead,after,0,0.0,4,1,63.75,64.74609375,4983
dead,after,0,0.0,4,1,64.74609375,65.7421875,4740
dead,after,0,0.0,4,1,65.7421875,66.73828125,4511
dead,after,0,0.0,4,1,66.73828125,67.734375,4377
dead,after,0,0.0,4,1,67.734375,68.73046875,4238
dead,after,0,0.0,4,1,68.73046875,69.7265625,4208
dead,after,0,0.0,4,1,69.7265625,70.72265625,4035
dead,after,0,0.0,4,1,70.72265625,71.71875,4026
dead,after,0,0.0,4,1,71.71875,72.71484375,3744
dead,after,0,0.0,4,1,72.71484375,73.7109375,3703
dead,after,0,0.0,4,1,73.7109375,74.70703125,3669
dead,after,0,0.0,4,1,74.70703125,75.703125,3526
dead,after,0,0.0,4,1,75.703125,76.69921875,3466
dead,after,0,0.0,4,1,76.69921875,77.6953125,3262
dead,after,0,0.0,4,1,77.6953125,78.69140625,3157
dead,after,0,0.0,4,1,78.69140625,79.6875,3068
dead,after,0,0.0,4,1,79.6875,80.68359375,3050
dead,after,0,0.0,4,1,80.68359375,81.6796875,3026
dead,after,0,0.0,4,1,81.6796875,82.67578125,2850
dead,after,0,0.0,4,1,82.67578125,83.671875,2883
dead,after,0,0.0,4,1,83.671875,84.66796875,2726
dead,after,0,0.0,4,1,84.66796875,85.6640625,2776
dead,after,0,0.0,4,1,85.6640625,86.66015625,2722
dead,after,0,0.0,4,1,86.66015625,87.65625,2653
dead,after,0,0.0,4,1,87.65625,88.65234375,2599
dead,after,0,0.0,4,1,88.65234375,89.6484375,2604
dead,after,0,0.0,4,1,89.6484375,90.64453125,2480
dead,after,0,0.0,4,1,90.64453125,91.640625,2454
dead,after,0,0.0,4,1,91.640625,92.63671875,2396
dead,after,0,0.0,4,1,92.63671875,93.6328125,2301
dead,after,0,0.0,4,1,93.6328125,94.62890625,2324
dead,after,0,0.0,4,1,94.62890625,95.625,2205
dead,after,0,0.0,4,1,95.625,96.62109375,2227
dead,after,0,0.0,4,1,96.62109375,97.6171875,2068
dead,after,0,0.0,4,1,97.6171875,98.61328125,2143
dead,after,0,0.0,4,1,98.61328125,99.609375,2007
dead,after,0,0.0,4,1,99.609375,100.60546875,1973
dead,after,0,0.0,4,1,100.60546875,101.6015625,1967
dead,after,0,0.0,4,1,101.6015625,102.59765625,1977
dead,after,0,0.0,4,1,102.59765625,103.59375,1843
dead,after,0,0.0,4,1,103.59375,104.58984375,1856
dead,after,0,0.0,4,1,104.58984375,105.5859375,1854
dead,after,0,0.0,4,1,105.5859375,106.58203125,1779
dead,after,0,0.0,4,1,106.58203125,107.578125,1735
dead,after,0,0.0,4,1,107.578125,108.57421875,1710
dead,after,0,0.0,4,1,108.57421875,109.5703125,1706
dead,after,0,0.0,4,1,109.5703125,110.56640625,1703
dead,after,0,0.0,4,1,110.56640625,111.5625,1656
dead,after,0,0.0,4,1,111.5625,112.55859375,1632
dead,after,0,0.0,4,1,112.55859375,113.5546875,1563
dead,after,0,0.0,4,1,113.5546875,114.55078125,1537
dead,after,0,0.0,4,1,114.55078125,115.546875,1525
dead,after,0,0.0,4,1,115.546875,116.54296875,1497
dead,after,0,0.0,4,1,116.54296875,117.5390625,1481
dead,after,0,0.0,4,1,117.5390625,118.53515625,1447
dead,after,0,0.0,4,1,118.53515625,119.53125,1461
dead,after,0,0.0,4,1,119.53125,120.52734375,1371
dead,after,0,0.0,4,1,120.52734375,121.5234375,1375
dead,after,0,0.0,4,1,121.5234375,122.51953125,1393
dead,after,0,0.0,4,1,122.51953125,123.515625,1413
dead,after,0,0.0,4,1,123.515625,124.51171875,1366
dead,after,0,0.0,4,1,124.51171875,125.5078125,1366
dead,after,0,0.0,4,1,125.5078125,126.50390625,1343
dead,after,0,0.0,4,1,126.50390625,127.5,1274
dead,after,0,0.0,4,1,127.5,128.49609375,1279
dead,after,0,0.0,4,1,128.49609375,129.4921875,1250
dead,after,0,0.0,4,1,129.4921875,130.48828125,1112
dead,after,0,0.0,4,1,130.48828125,131.484375,1153
dead,after,0,0.0,4,1,131.484375,132.48046875,1101
dead,after,0,0.0,4,1,132.48046875,133.4765625,1106
dead,after,0,0.0,4,1,133.4765625,134.47265625,1111
dead,after,0,0.0,4,1,134.47265625,135.46875,1035
dead,after,0,0.0,4,1,135.46875,136.46484375,1066
dead,after,0,0.0,4,1,136.46484375,137.4609375,985
dead,after,0,0.0,4,1,137.4609375,138.45703125,987
dead,after,0,0.0,4,1,138.45703125,139.453125,921
dead,after,0,0.0,4,1,139.453125,140.44921875,982
dead,after,0,0.0,4,1,140.44921875,141.4453125,916
dead,after,0,0.0,4,1,141.4453125,142.44140625,934
dead,after,0,0.0,4,1,142.44140625,143.4375,855
dead,after,0,0.0,4,1,143.4375,144.43359375,867
dead,after,0,0.0,4,1,144.43359375,145.4296875,838
dead,after,0,0.0,4,1,145.4296875,146.42578125,814
dead,after,0,0.0,4,1,146.42578125,147.421875,812
dead,after,0,0.0,4,1,147.421875,148.41796875,729
dead,after,0,0.0,4,1,148.41796875,149.4140625,738
dead,after,0,0.0,4,1,149.4140625,150.41015625,738
dead,after,0,0.0,4,1,150.41015625,151.40625,767
dead,after,0,0.0,4,1,151.40625,152.40234375,752
dead,after,0,0.0,4,1,152.40234375,153.3984375,674
dead,after,0,0.0,4,1,153.3984375,154.39453125,746
dead,after,0,0.0,4,1,154.39453125,155.390625,693
dead,after,0,0.0,4,1,155.390625,156.38671875,663
dead,after,0,0.0,4,1,156.38671875,157.3828125,661
dead,after,0,0.0,4,1,157.3828125,158.37890625,698
dead,after,0,0.0,4,1,158.37890625,159.375,628
dead,after,0,0.0,4,1,159.375,160.37109375,653
dead,after,0,0.0,4,1,160.37109375,161.3671875,611
dead,after,0,0.0,4,1,161.3671875,162.36328125,624
dead,after,0,0.0,4,1,162.36328125,163.359375,620
dead,after,0,0.0,4,1,163.359375,164.35546875,599
dead,after,0,0.0,4,1,164.35546875,165.3515625,569
dead,after,0,0.0,4,1,165.3515625,166.34765625,585
dead,after,0,0.0,4,1,166.34765625,167.34375,584
dead,after,0,0.0,4,1,167.34375,168.33984375,588
dead,after,0,0.0,4,1,168.33984375,169.3359375,575
dead,after,0,0.0,4,1,169.3359375,170.33203125,534
dead,after,0,0.0,4,1,170.33203125,171.328125,582
dead,after,0,0.0,4,1,171.328125,172.32421875,595
dead,after,0,0.0,4,1,172.32421875,173.3203125,541
dead,after,0,0.0,4,1,173.3203125,174.31640625,499
dead,after,0,0.0,4,1,174.31640625,175.3125,500
dead,after,0,0.0,4,1,175.3125,176.30859375,486
dead,after,0,0.0,4,1,176.30859375,177.3046875,490
dead,after,0,0.0,4,1,177.3046875,178.30078125,471
dead,after,0,0.0,4,1,178.30078125,179.296875,487
dead,after,0,0.0,4,1,179.296875,180.29296875,486
dead,after,0,0.0,4,1,180.29296875,181.2890625,454
dead,after,0,0.0,4,1,181.2890625,182.28515625,434
dead,after,0,0.0,4,1,182.28515625,183.28125,427
dead,after,0,0.0,4,1,183.28125,184.27734375,407
dead,after,0,0.0,4,1,184.27734375,185.2734375,430
dead,after,0,0.0,4,1,185.2734375,186.26953125,430
dead,after,0,0.0,4,1,186.26953125,187.265625,374
dead,after,0,0.0,4,1,187.265625,188.26171875,402
dead,after,0,0.0,4,1,188.26171875,189.2578125,389
dead,after,0,0.0,4,1,189.2578125,190.25390625,374
dead,after,0,0.0,4,1,190.25390625,191.25,351
dead,after,0,0.0,4,1,191.25,192.24609375,318
dead,after,0,0.0,4,1,192.24609375,193.2421875,352
dead,after,0,0.0,4,1,193.2421875,194.23828125,317
dead,after,0,0.0,4,1,194.23828125,195.234375,343
dead,after,0,0.0,4,1,195.234375,196.23046875,336
dead,after,0,0.0,4,1,196.23046875,197.2265625,317
dead,after,0,0.0,4,1,197.2265625,198.22265625,313
dead,after,0,0.0,4,1,198.22265625,199.21875,328
dead,after,0,0.0,4,1,199.21875,200.21484375,330
dead,after,0,0.0,4,1,200.21484375,201.2109375,316
dead,after,0,0.0,4,1,201.2109375,202.20703125,292
dead,after,0,0.0,4,1,202.20703125,203.203125,291
dead,after,0,0.0,4,1,203.203125,204.19921875,314
dead,after,0,0.0,4,1,204.19921875,205.1953125,298
dead,after,0,0.0,4,1,205.1953125,206.19140625,333
dead,after,0,0.0,4,1,206.19140625,207.1875,306
dead,after,0,0.0,4,1,207.1875,208.18359375,304
dead,after,0,0.0,4,1,208.18359375,209.1796875,308
dead,after,0,0.0,4,1,209.1796875,210.17578125,289
dead,after,0,0.0,4,1,210.17578125,211.171875,312
dead,after,0,0.0,4,1,211.171875,212.16796875,288
dead,after,0,0.0,4,1,212.16796875,213.1640625,282
dead,after,0,0.0,4,1,213.1640625,214.16015625,305
dead,after,0,0.0,4,1,214.16015625,215.15625,264
dead,after,0,0.0,4,1,215.15625,216.15234375,246
dead,after,0,0.0,4,1,216.15234375,217.1484375,257
dead,after,0,0.0,4,1,217.1484375,218.14453125,271
dead,after,0,0.0,4,1,218.14453125,219.140625,278
dead,after,0,0.0,4,1,219.140625,220.13671875,261
dead,after,0,0.0,4,1,220.13671875,221.1328125,257
dead,after,0,0.0,4,1,221.1328125,222.12890625,256
dead,after,0,0.0,4,1,222.12890625,223.125,284
dead,after,0,0.0,4,1,223.125,224.12109375,273
dead,after,0,0.0,4,1,224.12109375,225.1171875,273
dead,after,0,0.0,4,1,225.1171875,226.11328125,266
dead,after,0,0.0,4,1,226.11328125,227.109375,293
dead,after,0,0.0,4,1,227.109375,228.10546875,288
dead,after,0,0.0,4,1,228.10546875,229.1015625,311
dead,after,0,0.0,4,1,229.1015625,230.09765625,324
dead,after,0,0.0,4,1,230.09765625,231.09375,336
dead,after,0,0.0,4,1,231.09375,232.08984375,347
dead,after,0,0.0,4,1,232.08984375,233.0859375,346
dead,after,0,0.0,4,1,233.0859375,234.08203125,433
dead,after,0,0.0,4,1,234.08203125,235.078125,419
dead,after,0,0.0,4,1,235.078125,236.07421875,536
dead,after,0,0.0,4,1,236.07421875,237.0703125,642
dead,after,0,0.0,4,1,237.0703125,238.06640625,1890
dead,after,0,0.0,4,1,238.06640625,239.0625,2630
dead,after,0,0.0,4,1,239.0625,240.05859375,1170
dead,after,0,0.0,4,1,240.05859375,241.0546875,0
dead,after,0,0.0,4,1,241.0546875,242.05078125,0
dead,after,0,0.0,4,1,242.05078125,243.046875,0
dead,after,0,0.0,4,1,243.046875,244.04296875,0
dead,after,0,0.0,4,1,244.04296875,245.0390625,0
dead,after,0,0.0,4,1,245.0390625,246.03515625,0
dead,after,0,0.0,4,1,246.03515625,247.03125,0
dead,after,0,0.0,4,1,247.03125,248.02734375,0
dead,after,0,0.0,4,1,248.02734375,249.0234375,0
dead,after,0,0.0,4,1,249.0234375,250.01953125,0
dead,after,0,0.0,4,1,250.01953125,251.015625,0
dead,after,0,0.0,4,1,251.015625,252.01171875,0
dead,after,0,0.0,4,1,252.01171875,253.0078125,0
dead,after,0,0.0,4,1,253.0078125,254.00390625,0
dead,after,0,0.0,4,1,254.00390625,255.0,0
cell,before,0,0.0,4,0,0.0,0.99609375,0
cell,before,0,0.0,4,0,0.99609375,1.9921875,0
cell,before,0,0.0,4,0,1.9921875,2.98828125,0
cell,before,0,0.0,4,0,2.98828125,3.984375,0
cell,before,0,0.0,4,0,3.984375,4.98046875,0
cell,before,0,0.0,4,0,4.98046875,5.9765625,0
cell,before,0,0.0,4,0,5.9765625,6.97265625,0
cell,before,0,0.0,4,0,6.97265625,7.96875,0
cell,before,0,0.0,4,0,7.96875,8.96484375,0
cell,before,0,0.0,4,0,8.96484375,9.9609375,0
cell,before,0,0.0,4,0,9.9609375,10.95703125,0
cell,before,0,0.0,4,0,10.95703125,11.953125,0
cell,before,0,0.0,4,0,11.953125,12.94921875,0
cell,before,0,0.0,4,0,12.94921875,13.9453125,0
cell,before,0,0.0,4,0,13.9453125,14.94140625,0
cell,before,0,0.0,4,0,14.94140625,15.9375,0
cell,before,0,0.0,4,0,15.9375,16.93359375,0
cell,before,0,0.0,4,0,16.93359375,17.9296875,0
cell,before,0,0.0,4,0,17.9296875,18.92578125,0
cell,before,0,0.0,4,0,18.92578125,19.921875,0
cell,before,0,0.0,4,0,19.921875,20.91796875,0
cell,before,0,0.0,4,0,20.91796875,21.9140625,0
cell,before,0,0.0,4,0,21.9140625,22.91015625,0
cell,before,0,0.0,4,0,22.91015625,23.90625,0
cell,before,0,0.0,4,0,23.90625,24.90234375,0
cell,before,0,0.0,4,0,24.90234375,25.8984375,0
cell,before,0,0.0,4,0,25.8984375,26.89453125,0
cell,before,0,0.0,4,0,26.89453125,27.890625,0
cell,before,0,0.0,4,0,27.890625,28.88671875,0
cell,before,0,0.0,4,0,28.88671875,29.8828125,0
cell,before,0,0.0,4,0,29.8828125,30.87890625,0
cell,before,0,0.0,4,0,30.87890625,31.875,0
cell,before,0,0.0,4,0,31.875,32.87109375,0
cell,before,0,0.0,4,0,32.87109375,33.8671875,0
cell,before,0,0.0,4,0,33.8671875,34.86328125,0
cell,before,0,0.0,4,0,34.86328125,35.859375,0
cell,before,0,0.0,4,0,35.859375,36.85546875,0
cell,before,0,0.0,4,0,36.85546875,37.8515625,0
cell,before,0,0.0,4,0,37.8515625,38.84765625,0
cell,before,0,0.0,4,0,38.84765625,39.84375,0
cell,before,0,0.0,4,0,39.84375,40.83984375,0
cell,before,0,0.0,4,0,40.83984375,41.8359375,0
cell,before,0,0.0,4,0,41.8359375,42.83203125,0
cell,before,0,0.0,4,0,42.83203125,43.828125,0
cell,before,0,0.0,4,0,43.828125,44.82421875,0
cell,before,0,0.0,4,0,44.82421875,45.8203125,0
cell,before,0,0.0,4,0,45.8203125,46.81640625,0
cell,before,0,0.0,4,0,46.81640625,47.8125,0
cell,before,0,0.0,4,0,47.8125,48.80859375,0
cell,before,0,0.0,4,0,48.80859375,49.8046875,0
cell,before,0,0.0,4,0,49.8046875,50.80078125,0
cell,before,0,0.0,4,0,50.80078125,51.796875,0
cell,before,0,0.0,4,0,51.796875,52.79296875,0
cell,before,0,0.0,4,0,52.79296875,53.7890625,0
cell,before,0,0.0,4,0,53.7890625,54.78515625,0
cell,before,0,0.0,4,0,54.78515625,55.78125,0
cell,before,0,0.0,4,0,55.78125,56.77734375,0
cell,before,0,0.0,4,0,56.77734375,57.7734375,0
cell,before,0,0.0,4,0,57.7734375,58.76953125,0
cell,before,0,0.0,4,0,58.76953125,59.765625,0
cell,before,0,0.0,4,0,59.765625,60.76171875,0
cell,before,0,0.0,4,0,60.76171875,61.7578125,0
cell,before,0,0.0,4,0,61.7578125,62.75390625,0
cell,before,0,0.0,4,0,62.75390625,63.75,0
cell,before,0,0.0,4,0,63.75,64.74609375,0
cell,before,0,0.0,4,0,64.74609375,65.7421875,0
cell,before,0,0.0,4,0,65.7421875,66.73828125,0
cell,before,0,0.0,4,0,66.73828125,67.734375,0
cell,before,0,0.0,4,0,67.734375,68.73046875,0
cell,before,0,0.0,4,0,68.73046875,69.7265625,0
cell,before,0,0.0,4,0,69.7265625,70.72265625,0
cell,before,0,0.0,4,0,70.72265625,71.71875,0
cell,before,0,0.0,4,0,71.71875,72.71484375,0
cell,before,0,0.0,4,0,72.71484375,73.7109375,0
cell,before,0,0.0,4,0,73.7109375,74.70703125,0
cell,before,0,0.0,4,0,74.70703125,75.703125,0
cell,before,0,0.0,4,0,75.703125,76.69921875,0
cell,before,0,0.0,4,0,76.69921875,77.6953125,0
cell,before,0,0.0,4,0,77.6953125,78.69140625,0
cell,before,0,0.0,4,0,78.69140625,79.6875,0
cell,before,0,0.0,4,0,79.6875,80.68359375,0
cell,before,0,0.0,4,0,80.68359375,81.6796875,0
cell,before,0,0.0,4,0,81.6796875,82.67578125,0
cell,before,0,0.0,4,0,82.67578125,83.671875,0
cell,before,0,0.0,4,0,83.671875,84.66796875,0
cell,before,0,0.0,4,0,84.66796875,85.6640625,0
cell,before,0,0.0,4,0,85.6640625,86.66015625,0
cell,before,0,0.0,4,0,86.66015625,87.65625,0
cell,before,0,0.0,4,0,87.65625,88.65234375,0
cell,before,0,0.0,4,0,88.65234375,89.6484375,0
cell,before,0,0.0,4,0,89.6484375,90.64453125,0
cell,before,0,0.0,4,0,90.64453125,91.640625,0
cell,before,0,0.0,4,0,91.640625,92.63671875,0
cell,before,0,0.0,4,0,92.63671875,93.6328125,0
cell,before,0,0.0,4,0,93.6328125,94.62890625,0
cell,before,0,0.0,4,0,94.62890625,95.625,0
cell,before,0,0.0,4,0,95.625,96.62109375,0
cell,before,0,0.0,4,0,96.62109375,97.6171875,0
cell,before,0,0.0,4,0,97.6171875,98.61328125,0
cell,before,0,0.0,4,0,98.61328125,99.609375,0
cell,before,0,0.0,4,0,99.609375,100.60546875,0
cell,before,0,0.0,4,0,100.60546875,101.6015625,0
cell,before,0,0.0,4,0,101.6015625,102.59765625,0
cell,before,0,0.0,4,0,102.59765625,103.59375,0
cell,before,0,0.0,4,0,103.59375,104.58984375,0
cell,before,0,0.0,4,0,104.58984375,105.5859375,0
cell,before,0,0.0,4,0,105.5859375,106.58203125,0
cell,before,0,0.0,4,0,106.58203125,107.578125,0
cell,before,0,0.0,4,0,107.578125,108.57421875,0
cell,before,0,0.0,4,0,108.57421875,109.5703125,0
cell,before,0,0.0,4,0,109.5703125,110.56640625,0
cell,before,0,0.0,4,0,110.56640625,111.5625,0
cell,before,0,0.0,4,0,111.5625,112.55859375,0
cell,before,0,0.0,4,0,112.55859375,113.5546875,0
cell,before,0,0.0,4,0,113.5546875,114.55078125,0
cell,before,0,0.0,4,0,114.55078125,115.546875,0
cell,before,0,0.0,4,0,115.546875,116.54296875,0
cell,before,0,0.0,4,0,116.54296875,117.5390625,0
cell,before,0,0.0,4,0,117.5390625,118.53515625,0
cell,before,0,0.0,4,0,118.53515625,119.53125,0
cell,before,0,0.0,4,0,119.53125,120.52734375,0
cell,before,0,0.0,4,0,120.52734375,121.5234375,0
cell,before,0,0.0,4,0,121.5234375,122.51953125,0
cell,before,0,0.0,4,0,122.51953125,123.515625,0
cell,before,0,0.0,4,0,123.515625,124.51171875,0
cell,before,0,0.0,4,0,124.51171875,125.5078125,0
cell,before,0,0.0,4,0,125.5078125,126.50390625,0
cell,before,0,0.0,4,0,126.50390625,127.5,0
cell,before,0,0.0,4,0,127.5,128.49609375,0
cell,before,0,0.0,4,0,128.49609375,129.4921875,0
cell,before,0,0.0,4,0,129.4921875,130.48828125,0
cell,before,0,0.0,4,0,130.48828125,131.484375,0
cell,before,0,0.0,4,0,131.484375,132.48046875,0
cell,before,0,0.0,4,0,132.48046875,133.4765625,0
cell,before,0,0.0,4,0,133.4765625,134.47265625,0
cell,before,0,0.0,4,0,134.47265625,135.46875,0
cell,before,0,0.0,4,0,135.46875,136.46484375,0
cell,before,0,0.0,4,0,136.46484375,137.4609375,0
cell,before,0,0.0,4,0,137.4609375,138.45703125,0
cell,before,0,0.0,4,0,138.45703125,139.453125,0
cell,before,0,0.0,4,0,139.453125,140.44921875,0
cell,before,0,0.0,4,0,140.44921875,141.4453125,0
cell,before,0,0.0,4,0,141.4453125,142.44140625,0
cell,before,0,0.0,4,0,142.44140625,143.4375,0
cell,before,0,0.0,4,0,143.4375,144.43359375,0
cell,before,0,0.0,4,0,144.43359375,145.4296875,0
cell,before,0,0.0,4,0,145.4296875,146.42578125,0
cell,before,0,0.0,4,0,146.42578125,147.421875,0
cell,before,0,0.0,4,0,147.421875,148.41796875,0
cell,before,0,0.0,4,0,148.41796875,149.4140625,0
cell,before,0,0.0,4,0,149.4140625,150.41015625,0
cell,before,0,0.0,4,0,150.41015625,151.40625,0
cell,before,0,0.0,4,0,151.40625,152.40234375,0
cell,before,0,0.0,4,0,152.40234375,153.3984375,0
cell,before,0,0.0,4,0,153.3984375,154.39453125,0
cell,before,0,0.0,4,0,154.39453125,155.390625,0
cell,before,0,0.0,4,0,155.390625,156.38671875,0
cell,before,0,0.0,4,0,156.38671875,157.3828125,0
cell,before,0,0.0,4,0,157.3828125,158.37890625,0
cell,before,0,0.0,4,0,158.37890625,159.375,0
cell,before,0,0.0,4,0,159.375,160.37109375,0
cell,before,0,0.0,4,0,160.37109375,161.3671875,0
cell,before,0,0.0,4,0,161.3671875,162.36328125,0
cell,before,0,0.0,4,0,162.36328125,163.359375,0
cell,before,0,0.0,4,0,163.359375,164.35546875,0
cell,before,0,0.0,4,0,164.35546875,165.3515625,0
cell,before,0,0.0,4,0,165.3515625,166.34765625,0
cell,before,0,0.0,4,0,166.34765625,167.34375,0
cell,before,0,0.0,4,0,167.34375,168.33984375,0
cell,before,0,0.0,4,0,168.33984375,169.3359375,0
cell,before,0,0.0,4,0,169.3359375,170.33203125,0
cell,before,0,0.0,4,0,170.33203125,171.328125,0
cell,before,0,0.0,4,0,171.328125,172.32421875,0
cell,before,0,0.0,4,0,172.32421875,173.3203125,0
cell,before,0,0.0,4,0,173.3203125,174.31640625,0
cell,before,0,0.0,4,0,174.31640625,175.3125,0
cell,before,0,0.0,4,0,175.3125,176.30859375,0
cell,before,0,0.0,4,0,176.30859375,177.3046875,0
cell,before,0,0.0,4,0,177.3046875,178.30078125,0
cell,before,0,0.0,4,0,178.30078125,179.296875,0
cell,before,0,0.0,4,0,179.296875,180.29296875,0
cell,before,0,0.0,4,0,180.29296875,181.2890625,0
cell,before,0,0.0,4,0,181.2890625,182.28515625,0
cell,before,0,0.0,4,0,182.28515625,183.28125,0
cell,before,0,0.0,4,0,183.28125,184.27734375,0
cell,before,0,0.0,4,0,184.27734375,185.2734375,0
cell,before,0,0.0,4,0,185.2734375,186.26953125,0
cell,before,0,0.0,4,0,186.26953125,187.265625,0
cell,before,0,0.0,4,0,187.265625,188.26171875,0
cell,before,0,0.0,4,0,188.26171875,189.2578125,0
cell,before,0,0.0,4,0,189.2578125,190.25390625,0
cell,before,0,0.0,4,0,190.25390625,191.25,0
cell,before,0,0.0,4,0,191.25,192.24609375,0
cell,before,0,0.0,4,0,192.24609375,193.2421875,0
cell,before,0,0.0,4,0,193.2421875,194.23828125,0
cell,before,0,0.0,4,0,194.23828125,195.234375,0
cell,before,0,0.0,4,0,195.234375,196.23046875,0
cell,before,0,0.0,4,0,196.23046875,197.2265625,0
cell,before,0,0.0,4,0,197.2265625,198.22265625,0
cell,before,0,0.0,4,0,198.22265625,199.21875,0
cell,before,0,0.0,4,0,199.21875,200.21484375,0
cell,before,0,0.0,4,0,200.21484375,201.2109375,0
cell,before,0,0.0,4,0,201.2109375,202.20703125,0
cell,before,0,0.0,4,0,202.20703125,203.203125,0
cell,before,0,0.0,4,0,203.203125,204.19921875,0
cell,before,0,0.0,4,0,204.19921875,205.1953125,0
cell,before,0,0.0,4,0,205.1953125,206.19140625,0
cell,before,0,0.0,4,0,206.19140625,207.1875,0
cell,before,0,0.0,4,0,207.1875,208.18359375,0
cell,before,0,0.0,4,0,208.18359375,209.1796875,0
cell,before,0,0.0,4,0,209.1796875,210.17578125,0
cell,before,0,0.0,4,0,210.17578125,211.171875,0
cell,before,0,0.0,4,0,211.171875,212.16796875,0
cell,before,0,0.0,4,0,212.16796875,213.1640625,0
cell,before,0,0.0,4,0,213.1640625,214.16015625,0
cell,before,0,0.0,4,0,214.16015625,215.15625,0
cell,before,0,0.0,4,0,215.15625,216.15234375,0
cell,before,0,0.0,4,0,216.15234375,217.1484375,0
cell,before,0,0.0,4,0,217.1484375,218.14453125,0
cell,before,0,0.0,4,0,218.14453125,219.140625,0
cell,before,0,0.0,4,0,219.140625,220.13671875,0
cell,before,0,0.0,4,0,220.13671875,221.1328125,0
cell,before,0,0.0,4,0,221.1328125,222.12890625,0
cell,before,0,0.0,4,0,222.12890625,223.125,0
cell,before,0,0.0,4,0,223.125,224.12109375,0
cell,before,0,0.0,4,0,224.12109375,225.1171875,0
cell,before,0,0.0,4,0,225.1171875,226.11328125,0
cell,before,0,0.0,4,0,226.11328125,227.109375,0
cell,before,0,0.0,4,0,227.109375,228.10546875,0
cell,before,0,0.0,4,0,228.10546875,229.1015625,0
cell,before,0,0.0,4,0,229.1015625,230.09765625,0
cell,before,0,0.0,4,0,230.09765625,231.09375,0
cell,before,0,0.0,4,0,231.09375,232.08984375,0
cell,before,0,0.0,4,0,232.08984375,233.0859375,0
cell,before,0,0.0,4,0,233.0859375,234.08203125,0
cell,before,0,0.0,4,0,234.08203125,235.078125,0
cell,before,0,0.0,4,0,235.078125,236.07421875,0
cell,before,0,0.0,4,0,236.07421875,237.0703125,0
cell,before,0,0.0,4,0,237.0703125,238.06640625,0
cell,before,0,0.0,4,0,238.06640625,239.0625,0
cell,before,0,0.0,4,0,239.0625,240.05859375,0
cell,before,0,0.0,4,0,240.05859375,241.0546875,0
cell,before,0,0.0,4,0,241.0546875,242.05078125,0
cell,before,0,0.0,4,0,242.05078125,243.046875,0
cell,before,0,0.0,4,0,243.046875,244.04296875,0
cell,before,0,0.0,4,0,244.04296875,245.0390625,0
cell,before,0,0.0,4,0,245.0390625,246.03515625,0
cell,before,0,0.0,4,0,246.03515625,247.03125,0
cell,before,0,0.0,4,0,247.03125,248.02734375,0
cell,before,0,0.0,4,0,248.02734375,249.0234375,0
cell,before,0,0.0,4,0,249.0234375,250.01953125,0
cell,before,0,0.0,4,0,250.01953125,251.015625,0
cell,before,0,0.0,4,0,251.015625,252.01171875,0
cell,before,0,0.0,4,0,252.01171875,253.0078125,0
cell,before,0,0.0,4,0,253.0078125,254.00390625,0
cell,before,0,0.0,4,0,254.00390625,255.0,0
cell,after,0,0.0,4,0,0.0,0.99609375,0
cell,after,0,0.0,4,0,0.99609375,1.9921875,0
cell,after,0,0.0,4,0,1.9921875,2.98828125,0
cell,after,0,0.0,4,0,2.98828125,3.984375,0
cell,after,0,0.0,4,0,3.984375,4.98046875,0
cell,after,0,0.0,4,0,4.98046875,5.9765625,0
cell,after,0,0.0,4,0,5.9765625,6.97265625,0
cell,after,0,0.0,4,0,6.97265625,7.96875,0
cell,after,0,0.0,4,0,7.96875,8.96484375,0
cell,after,0,0.0,4,0,8.96484375,9.9609375,0
cell,after,0,0.0,4,0,9.9609375,10.95703125,0
cell,after,0,0.0,4,0,10.95703125,11.953125,0
cell,after,0,0.0,4,0,11.953125,12.94921875,0
cell,after,0,0.0,4,0,12.94921875,13.9453125,0
cell,after,0,0.0,4,0,13.9453125,14.94140625,0
cell,after,0,0.0,4,0,14.94140625,15.9375,0
cell,after,0,0.0,4,0,15.9375,16.93359375,0
cell,after,0,0.0,4,0,16.93359375,17.9296875,0
cell,after,0,0.0,4,0,17.9296875,18.92578125,0
cell,after,0,0.0,4,0,18.92578125,19.921875,0
cell,after,0,0.0,4,0,19.921875,20.91796875,0
cell,after,0,0.0,4,0,20.91796875,21.9140625,0
cell,after,0,0.0,4,0,21.9140625,22.91015625,0
cell,after,0,0.0,4,0,22.91015625,23.90625,0
cell,after,0,0.0,4,0,23.90625,24.90234375,0
cell,after,0,0.0,4,0,24.90234375,25.8984375,0
cell,after,0,0.0,4,0,25.8984375,26.89453125,0
cell,after,0,0.0,4,0,26.89453125,27.890625,0
cell,after,0,0.0,4,0,27.890625,28.88671875,0
cell,after,0,0.0,4,0,28.88671875,29.8828125,0
cell,after,0,0.0,4,0,29.8828125,30.87890625,0
cell,after,0,0.0,4,0,30.87890625,31.875,0
cell,after,0,0.0,4,0,31.875,32.87109375,0
cell,after,0,0.0,4,0,32.87109375,33.8671875,0
cell,after,0,0.0,4,0,33.8671875,34.86328125,0
cell,after,0,0.0,4,0,34.86328125,35.859375,0
cell,after,0,0.0,4,0,35.859375,36.85546875,0
cell,after,0,0.0,4,0,36.85546875,37.8515625,0
cell,after,0,0.0,4,0,37.8515625,38.84765625,0
cell,after,0,0.0,4,0,38.84765625,39.84375,0
cell,after,0,0.0,4,0,39.84375,40.83984375,0
cell,after,0,0.0,4,0,40.83984375,41.8359375,0
cell,after,0,0.0,4,0,41.8359375,42.83203125,0
cell,after,0,0.0,4,0,42.83203125,43.828125,0
cell,after,0,0.0,4,0,43.828125,44.82421875,0
cell,after,0,0.0,4,0,44.82421875,45.8203125,0
cell,after,0,0.0,4,0,45.8203125,46.81640625,0
cell,after,0,0.0,4,0,46.81640625,47.8125,0
cell,after,0,0.0,4,0,47.8125,48.80859375,0
cell,after,0,0.0,4,0,48.80859375,49.8046875,0
cell,after,0,0.0,4,0,49.8046875,50.80078125,0
cell,after,0,0.0,4,0,50.80078125,51.796875,0
cell,after,0,0.0,4,0,51.796875,52.79296875,0
cell,after,0,0.0,4,0,52.79296875,53.7890625,0
cell,after,0,0.0,4,0,53.7890625,54.78515625,0
cell,after,0,0.0,4,0,54.78515625,55.78125,0
cell,after,0,0.0,4,0,55.78125,56.77734375,0
cell,after,0,0.0,4,0,56.77734375,57.7734375,0
cell,after,0,0.0,4,0,57.7734375,58.76953125,0
cell,after,0,0.0,4,0,58.76953125,59.765625,0
cell,after,0,0.0,4,0,59.765625,60.76171875,0
cell,after,0,0.0,4,0,60.76171875,61.7578125,0
cell,after,0,0.0,4,0,61.7578125,62.75390625,0
cell,after,0,0.0,4,0,62.75390625,63.75,0
cell,after,0,0.0,4,0,63.75,64.74609375,0
cell,after,0,0.0,4,0,64.74609375,65.7421875,0
cell,after,0,0.0,4,0,65.7421875,66.73828125,0
cell,after,0,0.0,4,0,66.73828125,67.734375,0
cell,after,0,0.0,4,0,67.734375,68.73046875,0
cell,after,0,0.0,4,0,68.73046875,69.7265625,0
cell,after,0,0.0,4,0,69.7265625,70.72265625,0
cell,after,0,0.0,4,0,70.72265625,71.71875,0
cell,after,0,0.0,4,0,71.71875,72.71484375,0
cell,after,0,0.0,4,0,72.71484375,73.7109375,0
cell,after,0,0.0,4,0,73.7109375,74.70703125,0
cell,after,0,0.0,4,0,74.70703125,75.703125,0
cell,after,0,0.0,4,0,75.703125,76.69921875,0
cell,after,0,0.0,4,0,76.69921875,77.6953125,0
cell,after,0,0.0,4,0,77.6953125,78.69140625,0
cell,after,0,0.0,4,0,78.69140625,79.6875,0
cell,after,0,0.0,4,0,79.6875,80.68359375,0
cell,after,0,0.0,4,0,80.68359375,81.6796875,0
cell,after,0,0.0,4,0,81.6796875,82.67578125,0
cell,after,0,0.0,4,0,82.67578125,83.671875,0
cell,after,0,0.0,4,0,83.671875,84.66796875,0
cell,after,0,0.0,4,0,84.66796875,85.6640625,0
cell,after,0,0.0,4,0,85.6640625,86.66015625,0
cell,after,0,0.0,4,0,86.66015625,87.65625,0
cell,after,0,0.0,4,0,87.65625,88.65234375,0
cell,after,0,0.0,4,0,88.65234375,89.6484375,0
cell,after,0,0.0,4,0,89.6484375,90.64453125,0
cell,after,0,0.0,4,0,90.64453125,91.640625,0
cell,after,0,0.0,4,0,91.640625,92.63671875,0
cell,after,0,0.0,4,0,92.63671875,93.6328125,0
cell,after,0,0.0,4,0,93.6328125,94.62890625,0
cell,after,0,0.0,4,0,94.62890625,95.625,0
cell,after,0,0.0,4,0,95.625,96.62109375,0
cell,after,0,0.0,4,0,96.62109375,97.6171875,0
cell,after,0,0.0,4,0,97.6171875,98.61328125,0
cell,after,0,0.0,4,0,98.61328125,99.609375,0
cell,after,0,0.0,4,0,99.609375,100.60546875,0
cell,after,0,0.0,4,0,100.60546875,101.6015625,0
cell,after,0,0.0,4,0,101.6015625,102.59765625,0
cell,after,0,0.0,4,0,102.59765625,103.59375,0
cell,after,0,0.0,4,0,103.59375,104.58984375,0
cell,after,0,0.0,4,0,104.58984375,105.5859375,0
cell,after,0,0.0,4,0,105.5859375,106.58203125,0
cell,after,0,0.0,4,0,106.58203125,107.578125,0
cell,after,0,0.0,4,0,107.578125,108.57421875,0
cell,after,0,0.0,4,0,108.57421875,109.5703125,0
cell,after,0,0.0,4,0,109.5703125,110.56640625,0
cell,after,0,0.0,4,0,110.56640625,111.5625,0
cell,after,0,0.0,4,0,111.5625,112.55859375,0
cell,after,0,0.0,4,0,112.55859375,113.5546875,0
cell,after,0,0.0,4,0,113.5546875,114.55078125,0
cell,after,0,0.0,4,0,114.55078125,115.546875,0
cell,after,0,0.0,4,0,115.546875,116.54296875,0
cell,after,0,0.0,4,0,116.54296875,117.5390625,0
cell,after,0,0.0,4,0,117.5390625,118.53515625,0
cell,after,0,0.0,4,0,118.53515625,119.53125,0
cell,after,0,0.0,4,0,119.53125,120.52734375,0
cell,after,0,0.0,4,0,120.52734375,121.5234375,0
cell,after,0,0.0,4,0,121.5234375,122.51953125,0
cell,after,0,0.0,4,0,122.51953125,123.515625,0
cell,after,0,0.0,4,0,123.515625,124.51171875,0
cell,after,0,0.0,4,0,124.51171875,125.5078125,0
cell,after,0,0.0,4,0,125.5078125,126.50390625,0
cell,after,0,0.0,4,0,126.50390625,127.5,0
cell,after,0,0.0,4,0,127.5,128.49609375,0
cell,after,0,0.0,4,0,128.49609375,129.4921875,0
cell,after,0,0.0,4,0,129.4921875,130.48828125,0
cell,after,0,0.0,4,0,130.48828125,131.484375,0
cell,after,0,0.0,4,0,131.484375,132.48046875,0
cell,after,0,0.0,4,0,132.48046875,133.4765625,0
cell,after,0,0.0,4,0,133.4765625,134.47265625,0
cell,after,0,0.0,4,0,134.47265625,135.46875,0
cell,after,0,0.0,4,0,135.46875,136.46484375,0
cell,after,0,0.0,4,0,136.46484375,137.4609375,0
cell,after,0,0.0,4,0,137.4609375,138.45703125,0
cell,after,0,0.0,4,0,138.45703125,139.453125,0
cell,after,0,0.0,4,0,139.453125,140.44921875,0
cell,after,0,0.0,4,0,140.44921875,141.4453125,0
cell,after,0,0.0,4,0,141.4453125,142.44140625,0
cell,after,0,0.0,4,0,142.44140625,143.4375,0
cell,after,0,0.0,4,0,143.4375,144.43359375,0
cell,after,0,0.0,4,0,144.43359375,145.4296875,0
cell,after,0,0.0,4,0,145.4296875,146.42578125,0
cell,after,0,0.0,4,0,146.42578125,147.421875,0
cell,after,0,0.0,4,0,147.421875,148.41796875,0
cell,after,0,0.0,4,0,148.41796875,149.4140625,0
cell,after,0,0.0,4,0,149.4140625,150.41015625,0
cell,after,0,0.0,4,0,150.41015625,151.40625,0
cell,after,0,0.0,4,0,151.40625,152.40234375,0
cell,after,0,0.0,4,0,152.40234375,153.3984375,0
cell,after,0,0.0,4,0,153.3984375,154.39453125,0
cell,after,0,0.0,4,0,154.39453125,155.390625,0
cell,after,0,0.0,4,0,155.390625,156.38671875,0
cell,after,0,0.0,4,0,156.38671875,157.3828125,0
cell,after,0,0.0,4,0,157.3828125,158.37890625,0
cell,after,0,0.0,4,0,158.37890625,159.375,0
cell,after,0,0.0,4,0,159.375,160.37109375,0
cell,after,0,0.0,4,0,160.37109375,161.3671875,0
cell,after,0,0.0,4,0,161.3671875,162.36328125,0
cell,after,0,0.0,4,0,162.36328125,163.359375,0
cell,after,0,0.0,4,0,163.359375,164.35546875,0
cell,after,0,0.0,4,0,164.35546875,165.3515625,0
cell,after,0,0.0,4,0,165.3515625,166.34765625,0
cell,after,0,0.0,4,0,166.34765625,167.34375,0
cell,after,0,0.0,4,0,167.34375,168.33984375,0
cell,after,0,0.0,4,0,168.33984375,169.3359375,0
cell,after,0,0.0,4,0,169.3359375,170.33203125,0
cell,after,0,0.0,4,0,170.33203125,171.328125,0
cell,after,0,0.0,4,0,171.328125,172.32421875,0
cell,after,0,0.0,4,0,172.32421875,173.3203125,0
cell,after,0,0.0,4,0,173.3203125,174.31640625,0
cell,after,0,0.0,4,0,174.31640625,175.3125,0
cell,after,0,0.0,4,0,175.3125,176.30859375,0
cell,after,0,0.0,4,0,176.30859375,177.3046875,0
cell,after,0,0.0,4,0,177.3046875,178.30078125,0
cell,after,0,0.0,4,0,178.30078125,179.296875,0
cell,after,0,0.0,4,0,179.296875,180.29296875,0
cell,after,0,0.0,4,0,180.29296875,181.2890625,0
cell,after,0,0.0,4,0,181.2890625,182.28515625,0
cell,after,0,0.0,4,0,182.28515625,183.28125,0
cell,after,0,0.0,4,0,183.28125,184.27734375,0
cell,after,0,0.0,4,0,184.27734375,185.2734375,0
cell,after,0,0.0,4,0,185.2734375,186.26953125,0
cell,after,0,0.0,4,0,186.26953125,187.265625,0
cell,after,0,0.0,4,0,187.265625,188.26171875,0
cell,after,0,0.0,4,0,188.26171875,189.2578125,0
cell,after,0,0.0,4,0,189.2578125,190.25390625,0
cell,after,0,0.0,4,0,190.25390625,191.25,0
cell,after,0,0.0,4,0,191.25,192.24609375,0
cell,after,0,0.0,4,0,192.24609375,193.2421875,0
cell,after,0,0.0,4,0,193.2421875,194.23828125,0
cell,after,0,0.0,4,0,194.23828125,195.234375,0
cell,after,0,0.0,4,0,195.234375,196.23046875,0
cell,after,0,0.0,4,0,196.23046875,197.2265625,0
cell,after,0,0.0,4,0,197.2265625,198.22265625,0
cell,after,0,0.0,4,0,198.22265625,199.21875,0
cell,after,0,0.0,4,0,199.21875,200.21484375,0
cell,after,0,0.0,4,0,200.21484375,201.2109375,0
cell,after,0,0.0,4,0,201.2109375,202.20703125,0
cell,after,0,0.0,4,0,202.20703125,203.203125,0
cell,after,0,0.0,4,0,203.203125,204.19921875,0
cell,after,0,0.0,4,0,204.19921875,205.1953125,0
cell,after,0,0.0,4,0,205.1953125,206.19140625,0
cell,after,0,0.0,4,0,206.19140625,207.1875,0
cell,after,0,0.0,4,0,207.1875,208.18359375,0
cell,after,0,0.0,4,0,208.18359375,209.1796875,0
cell,after,0,0.0,4,0,209.1796875,210.17578125,0
cell,after,0,0.0,4,0,210.17578125,211.171875,0
cell,after,0,0.0,4,0,211.171875,212.16796875,0
cell,after,0,0.0,4,0,212.16796875,213.1640625,0
cell,after,0,0.0,4,0,213.1640625,214.16015625,0
cell,after,0,0.0,4,0,214.16015625,215.15625,0
cell,after,0,0.0,4,0,215.15625,216.15234375,0
cell,after,0,0.0,4,0,216.15234375,217.1484375,0
cell,after,0,0.0,4,0,217.1484375,218.14453125,0
cell,after,0,0.0,4,0,218.14453125,219.140625,0
cell,after,0,0.0,4,0,219.140625,220.13671875,0
cell,after,0,0.0,4,0,220.13671875,221.1328125,0
cell,after,0,0.0,4,0,221.1328125,222.12890625,0
cell,after,0,0.0,4,0,222.12890625,223.125,0
cell,after,0,0.0,4,0,223.125,224.12109375,0
cell,after,0,0.0,4,0,224.12109375,225.1171875,0
cell,after,0,0.0,4,0,225.1171875,226.11328125,0
cell,after,0,0.0,4,0,226.11328125,227.109375,0
cell,after,0,0.0,4,0,227.109375,228.10546875,0
cell,after,0,0.0,4,0,228.10546875,229.1015625,0
cell,after,0,0.0,4,0,229.1015625,230.09765625,0
cell,after,0,0.0,4,0,230.09765625,231.09375,0
cell,after,0,0.0,4,0,231.09375,232.08984375,0
cell,after,0,0.0,4,0,232.08984375,233.0859375,0
cell,after,0,0.0,4,0,233.0859375,234.08203125,0
cell,after,0,0.0,4,0,234.08203125,235.078125,0
cell,after,0,0.0,4,0,235.078125,236.07421875,0
cell,after,0,0.0,4,0,236.07421875,237.0703125,0
cell,after,0,0.0,4,0,237.0703125,238.06640625,0
cell,after,0,0.0,4,0,238.06640625,239.0625,0
cell,after,0,0.0,4,0,239.0625,240.05859375,0
cell,after,0,0.0,4,0,240.05859375,241.0546875,0
cell,after,0,0.0,4,0,241.0546875,242.05078125,0
cell,after,0,0.0,4,0,242.05078125,243.046875,0
cell,after,0,0.0,4,0,243.046875,244.04296875,0
cell,after,0,0.0,4,0,244.04296875,245.0390625,0
cell,after,0,0.0,4,0,245.0390625,246.03515625,0
cell,after,0,0.0,4,0,246.03515625,247.03125,0
cell,after,0,0.0,4,0,247.03125,248.02734375,0
cell,after,0,0.0,4,0,248.02734375,249.0234375,0
cell,after,0,0.0,4,0,249.0234375,250.01953125,0
cell,after,0,0.0,4,0,250.01953125,251.015625,0
cell,after,0,0.0,4,0,251.015625,252.01171875,0
cell,after,0,0.0,4,0,252.01171875,253.0078125,0
cell,after,0,0.0,4,0,253.0078125,254.00390625,0
cell,after,0,0.0,4,0,254.00390625,255.0,0
